ply
format ascii 1.0
element vertex 15656
property float x
property float y
property float z
end_header
-1.097583 -1.778842 8.000000
-1.082444 -1.778842 8.000000
-1.067305 -1.778842 8.000000
-1.052166 -1.778842 8.000000
-1.037027 -1.778842 8.000000
-1.021888 -1.778842 8.000000
-1.006749 -1.778842 8.000000
-0.991610 -1.778842 8.000000
-0.976471 -1.778842 8.000000
-0.961331 -1.778842 8.000000
-0.946192 -1.778842 8.000000
-0.931053 -1.778842 8.000000
-0.915914 -1.778842 8.000000
-0.900775 -1.778842 8.000000
-0.885636 -1.778842 8.000000
-0.870497 -1.778842 8.000000
-0.855358 -1.778842 8.000000
-0.840219 -1.778842 8.000000
-0.825080 -1.778842 8.000000
-0.809941 -1.778842 8.000000
-0.794802 -1.778842 8.000000
-0.779663 -1.778842 8.000000
-0.764523 -1.778842 8.000000
-0.749384 -1.778842 8.000000
-0.734245 -1.778842 8.000000
-0.719106 -1.778842 8.000000
-0.703967 -1.778842 8.000000
-0.688828 -1.778842 8.000000
-0.673689 -1.778842 8.000000
-0.658550 -1.778842 8.000000
-0.643411 -1.778842 8.000000
-0.628272 -1.778842 8.000000
-0.613133 -1.778842 8.000000
-0.208668 -0.620720 2.791569
-0.201541 -0.615094 2.766267
-0.195889 -0.613784 2.760377
-0.190294 -0.612590 2.755008
-0.184721 -0.611400 2.749657
-0.179169 -0.610215 2.744324
-0.173639 -0.609034 2.739012
-0.168131 -0.607857 2.733721
-0.162820 -0.607343 2.731409
-0.157580 -0.607072 2.730189
-0.152346 -0.606801 2.728971
-0.147116 -0.606530 2.727753
-0.141891 -0.606260 2.726536
-0.136670 -0.605989 2.725321
-0.131454 -0.605719 2.724106
-0.126243 -0.605449 2.722893
-0.121036 -0.605180 2.721680
-0.115919 -0.605353 2.722458
-0.110833 -0.605714 2.724085
-0.105741 -0.606077 2.725714
-0.100643 -0.606439 2.727345
-0.095539 -0.606802 2.728977
-0.090429 -0.607166 2.730611
-0.085313 -0.607530 2.732248
-0.080190 -0.607894 2.733886
-0.075062 -0.608259 2.735527
-0.069996 -0.609228 2.739885
-0.064946 -0.610495 2.745584
-0.059875 -0.611767 2.751305
-0.054783 -0.613044 2.757047
-0.049669 -0.614326 2.762813
-0.044534 -0.615613 2.768603
-0.039488 -0.618647 2.782248
-0.034531 -0.624218 2.807302
-0.083265 -1.778842 8.000000
-0.068126 -1.778842 8.000000
-0.052987 -1.778842 8.000000
-0.031159 -1.464463 6.586142
-0.018697 -1.464572 6.586631
-0.006233 -1.464681 6.587121
0.006233 -1.464790 6.587612
0.018701 -1.464899 6.588102
0.031170 -1.465008 6.588592
0.043642 -1.465117 6.589082
0.056115 -1.465226 6.589572
0.068590 -1.465335 6.590063
0.081067 -1.465444 6.590553
0.093546 -1.465553 6.591044
0.106027 -1.465662 6.591535
0.118509 -1.465771 6.592025
0.130994 -1.465880 6.592516
0.143480 -1.465989 6.593007
0.155968 -1.466099 6.593498
0.168458 -1.466208 6.593989
0.180950 -1.466317 6.594480
0.193443 -1.466426 6.594971
0.205939 -1.466536 6.595463
0.218436 -1.466645 6.595954
0.230936 -1.466754 6.596446
0.243437 -1.466863 6.596937
0.255940 -1.466973 6.597428
0.268445 -1.467082 6.597920
0.280951 -1.467191 6.598412
0.293460 -1.467301 6.598904
0.305971 -1.467410 6.599395
0.318483 -1.467519 6.599887
0.330997 -1.467629 6.600379
0.343513 -1.467738 6.600871
0.356031 -1.467847 6.601363
0.368551 -1.467957 6.601856
-1.097583 -1.763703 8.000000
-1.082444 -1.763703 8.000000
-1.067305 -1.763703 8.000000
-1.052166 -1.763703 8.000000
-1.037027 -1.763703 8.000000
-1.021888 -1.763703 8.000000
-1.006749 -1.763703 8.000000
-0.991610 -1.763703 8.000000
-0.976471 -1.763703 8.000000
-0.961331 -1.763703 8.000000
-0.946192 -1.763703 8.000000
-0.931053 -1.763703 8.000000
-0.915914 -1.763703 8.000000
-0.900775 -1.763703 8.000000
-0.885636 -1.763703 8.000000
-0.870497 -1.763703 8.000000
-0.855358 -1.763703 8.000000
-0.840219 -1.763703 8.000000
-0.825080 -1.763703 8.000000
-0.809941 -1.763703 8.000000
-0.794802 -1.763703 8.000000
-0.779663 -1.763703 8.000000
-0.764523 -1.763703 8.000000
-0.749384 -1.763703 8.000000
-0.734245 -1.763703 8.000000
-0.719106 -1.763703 8.000000
-0.703967 -1.763703 8.000000
-0.688828 -1.763703 8.000000
-0.673689 -1.763703 8.000000
-0.658550 -1.763703 8.000000
-0.643411 -1.763703 8.000000
-0.628272 -1.763703 8.000000
-0.613133 -1.763703 8.000000
-0.208419 -0.614705 2.788246
-0.201433 -0.609530 2.764776
-0.195819 -0.608343 2.759391
-0.190226 -0.607160 2.754026
-0.184655 -0.605981 2.748678
-0.179106 -0.604806 2.743349
-0.173578 -0.603636 2.738041
-0.168071 -0.602471 2.732754
-0.162779 -0.602023 2.730721
-0.157541 -0.601754 2.729502
-0.152307 -0.601485 2.728284
-0.147079 -0.601217 2.727067
-0.141855 -0.600949 2.725851
-0.136636 -0.600681 2.724635
-0.131421 -0.600413 2.723421
-0.126211 -0.600146 2.722208
-0.121006 -0.599879 2.720997
-0.115890 -0.600051 2.721776
-0.110805 -0.600409 2.723403
-0.105715 -0.600768 2.725030
-0.100618 -0.601127 2.726660
-0.095515 -0.601487 2.728292
-0.090406 -0.601847 2.729925
-0.085291 -0.602208 2.731561
-0.080170 -0.602569 2.733199
-0.075043 -0.602930 2.734838
-0.069972 -0.603830 2.738922
-0.064923 -0.605086 2.744617
-0.059854 -0.606346 2.750334
-0.054763 -0.607611 2.756072
-0.049651 -0.608882 2.761834
-0.044518 -0.610157 2.767620
-0.039443 -0.612685 2.779085
-0.034492 -0.618195 2.804079
-0.083265 -1.763703 8.000000
-0.068126 -1.763703 8.000000
-0.052987 -1.763703 8.000000
-0.031159 -1.451999 6.586142
-0.018697 -1.452107 6.586631
-0.006233 -1.452215 6.587121
0.006233 -1.452323 6.587612
0.018701 -1.452432 6.588102
0.031170 -1.452540 6.588592
0.043642 -1.452648 6.589082
0.056115 -1.452756 6.589572
0.068590 -1.452864 6.590063
0.081067 -1.452972 6.590553
0.093546 -1.453080 6.591044
0.106027 -1.453188 6.591535
0.118509 -1.453297 6.592025
0.130994 -1.453405 6.592516
0.143480 -1.453513 6.593007
0.155968 -1.453621 6.593498
0.168458 -1.453730 6.593989
0.180950 -1.453838 6.594480
0.193443 -1.453946 6.594971
0.205939 -1.454054 6.595463
0.218436 -1.454163 6.595954
0.230936 -1.454271 6.596446
0.243437 -1.454379 6.596937
0.255940 -1.454488 6.597428
0.268445 -1.454596 6.597920
0.280951 -1.454705 6.598412
0.293460 -1.454813 6.598904
0.305971 -1.454921 6.599395
0.318483 -1.455030 6.599887
0.330997 -1.455138 6.600379
0.343513 -1.455247 6.600871
0.356031 -1.455355 6.601363
0.368551 -1.455464 6.601856
-1.097583 -1.748564 8.000000
-1.082444 -1.748564 8.000000
-1.067305 -1.748564 8.000000
-1.052166 -1.748564 8.000000
-1.037027 -1.748564 8.000000
-1.021888 -1.748564 8.000000
-1.006749 -1.748564 8.000000
-0.991610 -1.748564 8.000000
-0.976471 -1.748564 8.000000
-0.961331 -1.748564 8.000000
-0.946192 -1.748564 8.000000
-0.931053 -1.748564 8.000000
-0.915914 -1.748564 8.000000
-0.900775 -1.748564 8.000000
-0.885636 -1.748564 8.000000
-0.870497 -1.748564 8.000000
-0.855358 -1.748564 8.000000
-0.840219 -1.748564 8.000000
-0.825080 -1.748564 8.000000
-0.809941 -1.748564 8.000000
-0.794802 -1.748564 8.000000
-0.779663 -1.748564 8.000000
-0.764523 -1.748564 8.000000
-0.749384 -1.748564 8.000000
-0.734245 -1.748564 8.000000
-0.719106 -1.748564 8.000000
-0.703967 -1.748564 8.000000
-0.688828 -1.748564 8.000000
-0.673689 -1.748564 8.000000
-0.658550 -1.748564 8.000000
-0.643411 -1.748564 8.000000
-0.628272 -1.748564 8.000000
-0.215411 -0.614320 2.810625
-0.208171 -0.608704 2.784931
-0.201361 -0.604082 2.763787
-0.195749 -0.602906 2.758405
-0.190158 -0.601734 2.753044
-0.184590 -0.600566 2.747699
-0.179042 -0.599402 2.742374
-0.173516 -0.598243 2.737070
-0.168012 -0.597088 2.731786
-0.162738 -0.596705 2.730033
-0.157501 -0.596438 2.728815
-0.152269 -0.596172 2.727597
-0.147042 -0.595906 2.726381
-0.141819 -0.595641 2.725165
-0.136601 -0.595375 2.723951
-0.131388 -0.595110 2.722737
-0.126179 -0.594845 2.721525
-0.120975 -0.594580 2.720314
-0.115861 -0.594751 2.721095
-0.110777 -0.595106 2.722720
-0.105688 -0.595462 2.724347
-0.100593 -0.595818 2.725976
-0.095491 -0.596174 2.727607
-0.090384 -0.596531 2.729240
-0.085270 -0.596888 2.730875
-0.080150 -0.597246 2.732512
-0.075024 -0.597604 2.734150
-0.069947 -0.598437 2.737960
-0.064901 -0.599681 2.743650
-0.059833 -0.600930 2.749364
-0.054744 -0.602183 2.755098
-0.049634 -0.603441 2.760855
-0.044502 -0.604705 2.766637
-0.039398 -0.606736 2.775930
-0.034452 -0.612186 2.800864
-0.083265 -1.748564 8.000000
-0.068126 -1.748564 8.000000
-0.052987 -1.748564 8.000000
-0.031159 -1.439536 6.586142
-0.018697 -1.439643 6.586631
-0.006233 -1.439750 6.587121
0.006233 -1.439857 6.587612
0.018701 -1.439964 6.588102
0.031170 -1.440071 6.588592
0.043642 -1.440179 6.589082
0.056115 -1.440286 6.589572
0.068590 -1.440393 6.590063
0.081067 -1.440500 6.590553
0.093546 -1.440607 6.591044
0.106027 -1.440715 6.591535
0.118509 -1.440822 6.592025
0.130994 -1.440929 6.592516
0.143480 -1.441036 6.593007
0.155968 -1.441144 6.593498
0.168458 -1.441251 6.593989
0.180950 -1.441358 6.594480
0.193443 -1.441466 6.594971
0.205939 -1.441573 6.595463
0.218436 -1.441681 6.595954
0.230936 -1.441788 6.596446
0.243437 -1.441895 6.596937
0.255940 -1.442003 6.597428
0.268445 -1.442110 6.597920
0.280951 -1.442218 6.598412
0.293460 -1.442325 6.598904
0.305971 -1.442433 6.599395
0.318483 -1.442540 6.599887
0.330997 -1.442648 6.600379
0.343513 -1.442755 6.600871
0.356031 -1.442863 6.601363
0.368551 -1.442971 6.601856
-1.097583 -1.733424 8.000000
-1.082444 -1.733424 8.000000
-1.067305 -1.733424 8.000000
-1.052166 -1.733424 8.000000
-1.037027 -1.733424 8.000000
-1.021888 -1.733424 8.000000
-1.006749 -1.733424 8.000000
-0.991610 -1.733424 8.000000
-0.976471 -1.733424 8.000000
-0.961331 -1.733424 8.000000
-0.946192 -1.733424 8.000000
-0.931053 -1.733424 8.000000
-0.915914 -1.733424 8.000000
-0.900775 -1.733424 8.000000
-0.885636 -1.733424 8.000000
-0.870497 -1.733424 8.000000
-0.855358 -1.733424 8.000000
-0.840219 -1.733424 8.000000
-0.825080 -1.733424 8.000000
-0.809941 -1.733424 8.000000
-0.794802 -1.733424 8.000000
-0.779663 -1.733424 8.000000
-0.764523 -1.733424 8.000000
-0.749384 -1.733424 8.000000
-0.734245 -1.733424 8.000000
-0.719106 -1.733424 8.000000
-0.703967 -1.733424 8.000000
-0.688828 -1.733424 8.000000
-0.673689 -1.733424 8.000000
-0.658550 -1.733424 8.000000
-0.643411 -1.733424 8.000000
-0.628272 -1.733424 8.000000
-0.215152 -0.608269 2.807247
-0.207924 -0.602717 2.781624
-0.201289 -0.598638 2.762799
-0.195679 -0.597473 2.757421
-0.190091 -0.596312 2.752064
-0.184524 -0.595154 2.746722
-0.178979 -0.594001 2.741400
-0.173455 -0.592853 2.736100
-0.167952 -0.591709 2.730820
-0.162697 -0.591389 2.729346
-0.157461 -0.591126 2.728128
-0.152231 -0.590862 2.726911
-0.147005 -0.590598 2.725695
-0.141784 -0.590335 2.724480
-0.136567 -0.590072 2.723266
-0.131355 -0.589809 2.722054
-0.126148 -0.589547 2.720842
-0.120945 -0.589284 2.719631
-0.115832 -0.589454 2.720414
-0.110750 -0.589806 2.722038
-0.105662 -0.590158 2.723665
-0.100567 -0.590511 2.725293
-0.095467 -0.590864 2.726923
-0.090361 -0.591218 2.728555
-0.085248 -0.591572 2.730189
-0.080130 -0.591926 2.731825
-0.075005 -0.592281 2.733462
-0.069923 -0.593047 2.736998
-0.064878 -0.594280 2.742685
-0.059812 -0.595517 2.748395
-0.054725 -0.596758 2.754124
-0.049616 -0.598005 2.759878
-0.044486 -0.599257 2.765656
-0.039354 -0.600801 2.772782
-0.034413 -0.606191 2.797656
-0.083265 -1.733424 8.000000
-0.068126 -1.733424 8.000000
-0.052987 -1.733424 8.000000
-0.031159 -1.427072 6.586142
-0.018697 -1.427179 6.586631
-0.006233 -1.427285 6.587121
0.006233 -1.427391 6.587612
0.018701 -1.427497 6.588102
0.031170 -1.427603 6.588592
0.043642 -1.427710 6.589082
0.056115 -1.427816 6.589572
0.068590 -1.427922 6.590063
0.081067 -1.428028 6.590553
0.093546 -1.428135 6.591044
0.106027 -1.428241 6.591535
0.118509 -1.428347 6.592025
0.130994 -1.428454 6.592516
0.143480 -1.428560 6.593007
0.155968 -1.428666 6.593498
0.168458 -1.428773 6.593989
0.180950 -1.428879 6.594480
0.193443 -1.428986 6.594971
0.205939 -1.429092 6.595463
0.218436 -1.429199 6.595954
0.230936 -1.429305 6.596446
0.243437 -1.429411 6.596937
0.255940 -1.429518 6.597428
0.268445 -1.429624 6.597920
0.280951 -1.429731 6.598412
0.293460 -1.429838 6.598904
0.305971 -1.429944 6.599395
0.318483 -1.430051 6.599887
0.330997 -1.430157 6.600379
0.343513 -1.430264 6.600871
0.356031 -1.430371 6.601363
0.368551 -1.430477 6.601856
-1.097583 -1.718285 8.000000
-1.082444 -1.718285 8.000000
-1.067305 -1.718285 8.000000
-1.052166 -1.718285 8.000000
-1.037027 -1.718285 8.000000
-1.021888 -1.718285 8.000000
-1.006749 -1.718285 8.000000
-0.991610 -1.718285 8.000000
-0.976471 -1.718285 8.000000
-0.961331 -1.718285 8.000000
-0.946192 -1.718285 8.000000
-0.931053 -1.718285 8.000000
-0.915914 -1.718285 8.000000
-0.900775 -1.718285 8.000000
-0.885636 -1.718285 8.000000
-0.870497 -1.718285 8.000000
-0.855358 -1.718285 8.000000
-0.840219 -1.718285 8.000000
-0.825080 -1.718285 8.000000
-0.809941 -1.718285 8.000000
-0.794802 -1.718285 8.000000
-0.779663 -1.718285 8.000000
-0.764523 -1.718285 8.000000
-0.749384 -1.718285 8.000000
-0.734245 -1.718285 8.000000
-0.719106 -1.718285 8.000000
-0.703967 -1.718285 8.000000
-0.688828 -1.718285 8.000000
-0.673689 -1.718285 8.000000
-0.658550 -1.718285 8.000000
-0.643411 -1.718285 8.000000
-0.628272 -1.718285 8.000000
-0.214894 -0.602232 2.803876
-0.207678 -0.596744 2.778325
-0.201217 -0.593197 2.761811
-0.195609 -0.592043 2.756437
-0.190023 -0.590893 2.751082
-0.184458 -0.589747 2.745745
-0.178915 -0.588605 2.740427
-0.173393 -0.587467 2.735131
-0.167894 -0.586339 2.729878
-0.162656 -0.586077 2.728659
-0.157422 -0.585815 2.727442
-0.152192 -0.585554 2.726225
-0.146968 -0.585293 2.725010
-0.141748 -0.585032 2.723796
-0.136533 -0.584772 2.722582
-0.131322 -0.584511 2.721370
-0.126116 -0.584251 2.720159
-0.120914 -0.583991 2.718949
-0.115803 -0.584160 2.719733
-0.110722 -0.584508 2.721357
-0.105635 -0.584858 2.722982
-0.100542 -0.585207 2.724609
-0.095443 -0.585557 2.726239
-0.090338 -0.585907 2.727870
-0.085227 -0.586258 2.729503
-0.080110 -0.586609 2.731138
-0.074986 -0.586961 2.732775
-0.069898 -0.587662 2.736037
-0.064855 -0.588882 2.741720
-0.059791 -0.590108 2.747426
-0.054705 -0.591338 2.753152
-0.049599 -0.592572 2.758901
-0.044471 -0.593813 2.764675
-0.039321 -0.595058 2.770473
-0.034373 -0.600209 2.794455
-0.083265 -1.718285 8.000000
-0.068126 -1.718285 8.000000
-0.052987 -1.718285 8.000000
-0.031159 -1.414609 6.586142
-0.018697 -1.414714 6.586631
-0.006233 -1.414819 6.587121
0.006233 -1.414925 6.587612
0.018701 -1.415030 6.588102
0.031170 -1.415135 6.588592
0.043642 -1.415240 6.589082
0.056115 -1.415346 6.589572
0.068590 -1.415451 6.590063
0.081067 -1.415556 6.590553
0.093546 -1.415662 6.591044
0.106027 -1.415767 6.591535
0.118509 -1.415873 6.592025
0.130994 -1.415978 6.592516
0.143480 -1.416083 6.593007
0.155968 -1.416189 6.593498
0.168458 -1.416294 6.593989
0.180950 -1.416400 6.594480
0.193443 -1.416505 6.594971
0.205939 -1.416611 6.595463
0.218436 -1.416716 6.595954
0.230936 -1.416822 6.596446
0.243437 -1.416927 6.596937
0.255940 -1.417033 6.597428
0.268445 -1.417139 6.597920
0.280951 -1.417244 6.598412
0.293460 -1.417350 6.598904
0.305971 -1.417456 6.599395
0.318483 -1.417561 6.599887
0.330997 -1.417667 6.600379
0.343513 -1.417773 6.600871
0.356031 -1.417878 6.601363
0.368551 -1.417984 6.601856
-1.097583 -1.703146 8.000000
-1.082444 -1.703146 8.000000
-1.067305 -1.703146 8.000000
-1.052166 -1.703146 8.000000
-1.037027 -1.703146 8.000000
-1.021888 -1.703146 8.000000
-1.006749 -1.703146 8.000000
-0.991610 -1.703146 8.000000
-0.976471 -1.703146 8.000000
-0.961331 -1.703146 8.000000
-0.946192 -1.703146 8.000000
-0.931053 -1.703146 8.000000
-0.915914 -1.703146 8.000000
-0.900775 -1.703146 8.000000
-0.885636 -1.703146 8.000000
-0.870497 -1.703146 8.000000
-0.855358 -1.703146 8.000000
-0.840219 -1.703146 8.000000
-0.825080 -1.703146 8.000000
-0.809941 -1.703146 8.000000
-0.794802 -1.703146 8.000000
-0.779663 -1.703146 8.000000
-0.764523 -1.703146 8.000000
-0.749384 -1.703146 8.000000
-0.734245 -1.703146 8.000000
-0.719106 -1.703146 8.000000
-0.703967 -1.703146 8.000000
-0.688828 -1.703146 8.000000
-0.673689 -1.703146 8.000000
-0.658550 -1.703146 8.000000
-0.643411 -1.703146 8.000000
-0.628272 -1.703146 8.000000
-0.214636 -0.596211 2.800514
-0.207432 -0.590786 2.775033
-0.201145 -0.587761 2.760824
-0.195539 -0.586618 2.755454
-0.189955 -0.585478 2.750102
-0.184393 -0.584343 2.744768
-0.178852 -0.583211 2.739455
-0.173332 -0.582085 2.734162
-0.167852 -0.581026 2.729190
-0.162615 -0.580767 2.727972
-0.157382 -0.580508 2.726756
-0.152154 -0.580249 2.725540
-0.146931 -0.579991 2.724325
-0.141712 -0.579732 2.723111
-0.136498 -0.579474 2.721899
-0.131289 -0.579216 2.720687
-0.126084 -0.578958 2.719477
-0.120884 -0.578701 2.718267
-0.115774 -0.578868 2.719053
-0.110694 -0.579214 2.720675
-0.105609 -0.579559 2.722300
-0.100517 -0.579906 2.723926
-0.095419 -0.580252 2.725555
-0.090315 -0.580599 2.727185
-0.085206 -0.580947 2.728818
-0.080090 -0.581295 2.730452
-0.074967 -0.581643 2.732088
-0.069874 -0.582280 2.735077
-0.064832 -0.583488 2.740756
-0.059770 -0.584702 2.746458
-0.054686 -0.585921 2.752179
-0.049581 -0.587144 2.757925
-0.044455 -0.588372 2.763695
-0.039307 -0.589606 2.769489
-0.034334 -0.594241 2.791262
-0.029314 -0.599612 2.816489
-0.068126 -1.703146 8.000000
-0.052987 -1.703146 8.000000
-0.031159 -1.402145 6.586142
-0.018697 -1.402250 6.586631
-0.006233 -1.402354 6.587121
0.006233 -1.402458 6.587612
0.018701 -1.402563 6.588102
0.031170 -1.402667 6.588592
0.043642 -1.402771 6.589082
0.056115 -1.402876 6.589572
0.068590 -1.402980 6.590063
0.081067 -1.403085 6.590553
0.093546 -1.403189 6.591044
0.106027 -1.403293 6.591535
0.118509 -1.403398 6.592025
0.130994 -1.403502 6.592516
0.143480 -1.403607 6.593007
0.155968 -1.403712 6.593498
0.168458 -1.403816 6.593989
0.180950 -1.403921 6.594480
0.193443 -1.404025 6.594971
0.205939 -1.404130 6.595463
0.218436 -1.404234 6.595954
0.230936 -1.404339 6.596446
0.243437 -1.404444 6.596937
0.255940 -1.404548 6.597428
0.268445 -1.404653 6.597920
0.280951 -1.404757 6.598412
0.293460 -1.404862 6.598904
0.305971 -1.404967 6.599395
0.318483 -1.405072 6.599887
0.330997 -1.405176 6.600379
0.343513 -1.405281 6.600871
0.356031 -1.405386 6.601363
0.368551 -1.405491 6.601856
-1.097583 -1.688007 8.000000
-1.082444 -1.688007 8.000000
-1.067305 -1.688007 8.000000
-1.052166 -1.688007 8.000000
-1.037027 -1.688007 8.000000
-1.021888 -1.688007 8.000000
-1.006749 -1.688007 8.000000
-0.991610 -1.688007 8.000000
-0.976471 -1.688007 8.000000
-0.961331 -1.688007 8.000000
-0.946192 -1.688007 8.000000
-0.931053 -1.688007 8.000000
-0.915914 -1.688007 8.000000
-0.900775 -1.688007 8.000000
-0.885636 -1.688007 8.000000
-0.870497 -1.688007 8.000000
-0.855358 -1.688007 8.000000
-0.840219 -1.688007 8.000000
-0.825080 -1.688007 8.000000
-0.809941 -1.688007 8.000000
-0.794802 -1.688007 8.000000
-0.779663 -1.688007 8.000000
-0.764523 -1.688007 8.000000
-0.749384 -1.688007 8.000000
-0.734245 -1.688007 8.000000
-0.719106 -1.688007 8.000000
-0.703967 -1.688007 8.000000
-0.688828 -1.688007 8.000000
-0.673689 -1.688007 8.000000
-0.658550 -1.688007 8.000000
-0.643411 -1.688007 8.000000
-0.628272 -1.688007 8.000000
-0.214379 -0.590203 2.797160
-0.207186 -0.584842 2.771750
-0.201073 -0.582328 2.759837
-0.195469 -0.581196 2.754471
-0.189888 -0.580067 2.749123
-0.184327 -0.578943 2.743792
-0.178788 -0.577822 2.738483
-0.173270 -0.576706 2.733193
-0.167810 -0.575717 2.728503
-0.162574 -0.575460 2.727286
-0.157343 -0.575203 2.726070
-0.152116 -0.574947 2.724855
-0.146894 -0.574691 2.723641
-0.141677 -0.574435 2.722427
-0.136464 -0.574179 2.721215
-0.131256 -0.573923 2.720005
-0.126053 -0.573668 2.718795
-0.120854 -0.573413 2.717586
-0.115745 -0.573579 2.718372
-0.110666 -0.573921 2.719994
-0.105582 -0.574264 2.721618
-0.100492 -0.574607 2.723244
-0.095395 -0.574950 2.724871
-0.090293 -0.575294 2.726501
-0.085184 -0.575638 2.728132
-0.080069 -0.575983 2.729766
-0.074948 -0.576328 2.731401
-0.069849 -0.576901 2.734118
-0.064809 -0.578099 2.739792
-0.059749 -0.579301 2.745491
-0.054667 -0.580507 2.751208
-0.049563 -0.581719 2.756950
-0.044439 -0.582935 2.762715
-0.039293 -0.584157 2.768505
-0.034295 -0.588286 2.788076
-0.029281 -0.593597 2.813246
-0.068126 -1.688007 8.000000
-0.052987 -1.688007 8.000000
-0.031159 -1.389682 6.586142
-0.018697 -1.389785 6.586631
-0.006233 -1.389889 6.587121
0.006233 -1.389992 6.587612
0.018701 -1.390095 6.588102
0.031170 -1.390199 6.588592
0.043642 -1.390302 6.589082
0.056115 -1.390406 6.589572
0.068590 -1.390509 6.590063
0.081067 -1.390613 6.590553
0.093546 -1.390716 6.591044
0.106027 -1.390820 6.591535
0.118509 -1.390923 6.592025
0.130994 -1.391027 6.592516
0.143480 -1.391130 6.593007
0.155968 -1.391234 6.593498
0.168458 -1.391338 6.593989
0.180950 -1.391441 6.594480
0.193443 -1.391545 6.594971
0.205939 -1.391649 6.595463
0.218436 -1.391752 6.595954
0.230936 -1.391856 6.596446
0.243437 -1.391960 6.596937
0.255940 -1.392063 6.597428
0.268445 -1.392167 6.597920
0.280951 -1.392271 6.598412
0.293460 -1.392375 6.598904
0.305971 -1.392478 6.599395
0.318483 -1.392582 6.599887
0.330997 -1.392686 6.600379
0.343513 -1.392790 6.600871
0.356031 -1.392894 6.601363
0.368551 -1.392998 6.601856
-1.097583 -1.672868 8.000000
-1.082444 -1.672868 8.000000
-1.067305 -1.672868 8.000000
-1.052166 -1.672868 8.000000
-1.037027 -1.672868 8.000000
-1.021888 -1.672868 8.000000
-1.006749 -1.672868 8.000000
-0.991610 -1.672868 8.000000
-0.976471 -1.672868 8.000000
-0.961331 -1.672868 8.000000
-0.946192 -1.672868 8.000000
-0.931053 -1.672868 8.000000
-0.915914 -1.672868 8.000000
-0.900775 -1.672868 8.000000
-0.885636 -1.672868 8.000000
-0.870497 -1.672868 8.000000
-0.855358 -1.672868 8.000000
-0.840219 -1.672868 8.000000
-0.825080 -1.672868 8.000000
-0.809941 -1.672868 8.000000
-0.794802 -1.672868 8.000000
-0.779663 -1.672868 8.000000
-0.764523 -1.672868 8.000000
-0.749384 -1.672868 8.000000
-0.734245 -1.672868 8.000000
-0.719106 -1.672868 8.000000
-0.703967 -1.672868 8.000000
-0.688828 -1.672868 8.000000
-0.673689 -1.672868 8.000000
-0.658550 -1.672868 8.000000
-0.643411 -1.672868 8.000000
-0.628272 -1.672868 8.000000
-0.214123 -0.584211 2.793816
-0.206941 -0.578911 2.768474
-0.201001 -0.576899 2.758852
-0.195400 -0.575778 2.753489
-0.189820 -0.574660 2.748144
-0.184262 -0.573547 2.742818
-0.178725 -0.572437 2.737512
-0.173209 -0.571332 2.732226
-0.167768 -0.570410 2.727817
-0.162533 -0.570155 2.726600
-0.157303 -0.569901 2.725384
-0.152078 -0.569647 2.724170
-0.146857 -0.569393 2.722956
-0.141641 -0.569140 2.721744
-0.136430 -0.568887 2.720532
-0.131223 -0.568633 2.719322
-0.126021 -0.568381 2.718113
-0.120824 -0.568128 2.716905
-0.115716 -0.568293 2.717692
-0.110639 -0.568632 2.719314
-0.105556 -0.568971 2.720937
-0.100467 -0.569311 2.722562
-0.095371 -0.569651 2.724188
-0.090270 -0.569992 2.725817
-0.085163 -0.570333 2.727448
-0.080049 -0.570674 2.729080
-0.074930 -0.571016 2.730715
-0.069825 -0.571527 2.733159
-0.064786 -0.572713 2.738829
-0.059727 -0.573903 2.744524
-0.054647 -0.575098 2.750237
-0.049546 -0.576298 2.755975
-0.044423 -0.577503 2.761736
-0.039279 -0.578712 2.767522
-0.034256 -0.582346 2.784899
-0.029247 -0.587597 2.810009
-0.068126 -1.672868 8.000000
-0.052987 -1.672868 8.000000
-0.031159 -1.377218 6.586142
-0.018697 -1.377321 6.586631
-0.006233 -1.377423 6.587121
0.006233 -1.377526 6.587612
0.018701 -1.377628 6.588102
0.031170 -1.377731 6.588592
0.043642 -1.377833 6.589082
0.056115 -1.377936 6.589572
0.068590 -1.378038 6.590063
0.081067 -1.378141 6.590553
0.093546 -1.378243 6.591044
0.106027 -1.378346 6.591535
0.118509 -1.378449 6.592025
0.130994 -1.378551 6.592516
0.143480 -1.378654 6.593007
0.155968 -1.378757 6.593498
0.168458 -1.378859 6.593989
0.180950 -1.378962 6.594480
0.193443 -1.379065 6.594971
0.205939 -1.379167 6.595463
0.218436 -1.379270 6.595954
0.230936 -1.379373 6.596446
0.243437 -1.379476 6.596937
0.255940 -1.379578 6.597428
0.268445 -1.379681 6.597920
0.280951 -1.379784 6.598412
0.293460 -1.379887 6.598904
0.305971 -1.379990 6.599395
0.318483 -1.380093 6.599887
0.330997 -1.380195 6.600379
0.343513 -1.380298 6.600871
0.356031 -1.380401 6.601363
0.368551 -1.380504 6.601856
-1.097583 -1.657729 8.000000
-1.082444 -1.657729 8.000000
-1.067305 -1.657729 8.000000
-1.052166 -1.657729 8.000000
-1.037027 -1.657729 8.000000
-1.021888 -1.657729 8.000000
-1.006749 -1.657729 8.000000
-0.991610 -1.657729 8.000000
-0.976471 -1.657729 8.000000
-0.961331 -1.657729 8.000000
-0.946192 -1.657729 8.000000
-0.931053 -1.657729 8.000000
-0.915914 -1.657729 8.000000
-0.900775 -1.657729 8.000000
-0.885636 -1.657729 8.000000
-0.870497 -1.657729 8.000000
-0.855358 -1.657729 8.000000
-0.840219 -1.657729 8.000000
-0.825080 -1.657729 8.000000
-0.809941 -1.657729 8.000000
-0.794802 -1.657729 8.000000
-0.779663 -1.657729 8.000000
-0.764523 -1.657729 8.000000
-0.749384 -1.657729 8.000000
-0.734245 -1.657729 8.000000
-0.719106 -1.657729 8.000000
-0.703967 -1.657729 8.000000
-0.688828 -1.657729 8.000000
-0.673689 -1.657729 8.000000
-0.658550 -1.657729 8.000000
-0.643411 -1.657729 8.000000
-0.628272 -1.657729 8.000000
-0.213867 -0.578234 2.790488
-0.206697 -0.572995 2.765206
-0.200929 -0.571474 2.757867
-0.195330 -0.570364 2.752508
-0.189752 -0.569257 2.747166
-0.184196 -0.568154 2.741843
-0.178661 -0.567055 2.736541
-0.173148 -0.565961 2.731259
-0.167725 -0.565105 2.727131
-0.162492 -0.564853 2.725914
-0.157263 -0.564602 2.724699
-0.152040 -0.564350 2.723485
-0.146820 -0.564099 2.722272
-0.141606 -0.563848 2.721061
-0.136396 -0.563597 2.719850
-0.131190 -0.563346 2.718640
-0.125989 -0.563096 2.717432
-0.120793 -0.562845 2.716224
-0.115687 -0.563009 2.717013
-0.110611 -0.563345 2.718633
-0.105529 -0.563681 2.720256
-0.100441 -0.564017 2.721880
-0.095348 -0.564354 2.723505
-0.090248 -0.564692 2.725134
-0.085141 -0.565029 2.726763
-0.080029 -0.565368 2.728395
-0.074911 -0.565706 2.730029
-0.069800 -0.566156 2.732200
-0.064764 -0.567330 2.737867
-0.059706 -0.568509 2.743557
-0.054628 -0.569693 2.749267
-0.049528 -0.570881 2.755001
-0.044408 -0.572074 2.760758
-0.039265 -0.573272 2.766540
-0.034217 -0.576420 2.781731
-0.029213 -0.581610 2.806780
-0.068126 -1.657729 8.000000
-0.052987 -1.657729 8.000000
-0.031159 -1.364755 6.586142
-0.018697 -1.364856 6.586631
-0.006233 -1.364958 6.587121
0.006233 -1.365059 6.587612
0.018701 -1.365161 6.588102
0.031170 -1.365263 6.588592
0.043642 -1.365364 6.589082
0.056115 -1.365466 6.589572
0.068590 -1.365567 6.590063
0.081067 -1.365669 6.590553
0.093546 -1.365771 6.591044
0.106027 -1.365872 6.591535
0.118509 -1.365974 6.592025
0.130994 -1.366076 6.592516
0.143480 -1.366177 6.593007
0.155968 -1.366279 6.593498
0.168458 -1.366381 6.593989
0.180950 -1.366483 6.594480
0.193443 -1.366584 6.594971
0.205939 -1.366686 6.595463
0.218436 -1.366788 6.595954
0.230936 -1.366890 6.596446
0.243437 -1.366992 6.596937
0.255940 -1.367094 6.597428
0.268445 -1.367195 6.597920
0.280951 -1.367297 6.598412
0.293460 -1.367399 6.598904
0.305971 -1.367501 6.599395
0.318483 -1.367603 6.599887
0.330997 -1.367705 6.600379
0.343513 -1.367807 6.600871
0.356031 -1.367909 6.601363
0.368551 -1.368011 6.601856
-1.097583 -1.642590 8.000000
-1.082444 -1.642590 8.000000
-1.067305 -1.642590 8.000000
-1.052166 -1.642590 8.000000
-1.037027 -1.642590 8.000000
-1.021888 -1.642590 8.000000
-1.006749 -1.642590 8.000000
-0.991610 -1.642590 8.000000
-0.976471 -1.642590 8.000000
-0.961331 -1.642590 8.000000
-0.946192 -1.642590 8.000000
-0.931053 -1.642590 8.000000
-0.915914 -1.642590 8.000000
-0.900775 -1.642590 8.000000
-0.885636 -1.642590 8.000000
-0.870497 -1.642590 8.000000
-0.855358 -1.642590 8.000000
-0.840219 -1.642590 8.000000
-0.825080 -1.642590 8.000000
-0.809941 -1.642590 8.000000
-0.794802 -1.642590 8.000000
-0.779663 -1.642590 8.000000
-0.764523 -1.642590 8.000000
-0.749384 -1.642590 8.000000
-0.734245 -1.642590 8.000000
-0.719106 -1.642590 8.000000
-0.703967 -1.642590 8.000000
-0.688828 -1.642590 8.000000
-0.673689 -1.642590 8.000000
-0.658550 -1.642590 8.000000
-0.643411 -1.642590 8.000000
-0.628272 -1.642590 8.000000
-0.213613 -0.572272 2.787168
-0.206477 -0.567157 2.762258
-0.200858 -0.566054 2.756883
-0.195261 -0.564954 2.751528
-0.189685 -0.563858 2.746189
-0.184131 -0.562766 2.740870
-0.178598 -0.561678 2.735571
-0.173087 -0.560594 2.730293
-0.167683 -0.559804 2.726445
-0.162451 -0.559554 2.725229
-0.157224 -0.559305 2.724015
-0.152001 -0.559056 2.722801
-0.146783 -0.558807 2.721589
-0.141570 -0.558558 2.720378
-0.136361 -0.558310 2.719167
-0.131157 -0.558061 2.717958
-0.125958 -0.557813 2.716750
-0.120763 -0.557566 2.715543
-0.115658 -0.557728 2.716334
-0.110583 -0.558060 2.717953
-0.105503 -0.558393 2.719575
-0.100416 -0.558727 2.721198
-0.095324 -0.559060 2.722823
-0.090225 -0.559394 2.724450
-0.085120 -0.559729 2.726079
-0.080009 -0.560064 2.727710
-0.074892 -0.560399 2.729343
-0.069776 -0.560789 2.731243
-0.064741 -0.561952 2.736906
-0.059685 -0.563119 2.742592
-0.054609 -0.564291 2.748298
-0.049511 -0.565467 2.754028
-0.044392 -0.566648 2.759781
-0.039251 -0.567835 2.765558
-0.034178 -0.570506 2.778570
-0.029180 -0.575637 2.803559
-0.068126 -1.642590 8.000000
-0.052987 -1.642590 8.000000
-0.031159 -1.352291 6.586142
-0.018697 -1.352392 6.586631
-0.006233 -1.352492 6.587121
0.006233 -1.352593 6.587612
0.018701 -1.352694 6.588102
0.031170 -1.352794 6.588592
0.043642 -1.352895 6.589082
0.056115 -1.352996 6.589572
0.068590 -1.353096 6.590063
0.081067 -1.353197 6.590553
0.093546 -1.353298 6.591044
0.106027 -1.353399 6.591535
0.118509 -1.353499 6.592025
0.130994 -1.353600 6.592516
0.143480 -1.353701 6.593007
0.155968 -1.353802 6.593498
0.168458 -1.353903 6.593989
0.180950 -1.354003 6.594480
0.193443 -1.354104 6.594971
0.205939 -1.354205 6.595463
0.218436 -1.354306 6.595954
0.230936 -1.354407 6.596446
0.243437 -1.354508 6.596937
0.255940 -1.354609 6.597428
0.268445 -1.354710 6.597920
0.280951 -1.354811 6.598412
0.293460 -1.354912 6.598904
0.305971 -1.355013 6.599395
0.318483 -1.355114 6.599887
0.330997 -1.355215 6.600379
0.343513 -1.355316 6.600871
0.356031 -1.355417 6.601363
0.368551 -1.355518 6.601856
-1.097583 -1.627451 8.000000
-1.082444 -1.627451 8.000000
-1.067305 -1.627451 8.000000
-1.052166 -1.627451 8.000000
-1.037027 -1.627451 8.000000
-1.021888 -1.627451 8.000000
-1.006749 -1.627451 8.000000
-0.991610 -1.627451 8.000000
-0.976471 -1.627451 8.000000
-0.961331 -1.627451 8.000000
-0.946192 -1.627451 8.000000
-0.931053 -1.627451 8.000000
-0.915914 -1.627451 8.000000
-0.900775 -1.627451 8.000000
-0.885636 -1.627451 8.000000
-0.870497 -1.627451 8.000000
-0.855358 -1.627451 8.000000
-0.840219 -1.627451 8.000000
-0.825080 -1.627451 8.000000
-0.809941 -1.627451 8.000000
-0.794802 -1.627451 8.000000
-0.779663 -1.627451 8.000000
-0.764523 -1.627451 8.000000
-0.749384 -1.627451 8.000000
-0.734245 -1.627451 8.000000
-0.719106 -1.627451 8.000000
-0.703967 -1.627451 8.000000
-0.688828 -1.627451 8.000000
-0.673689 -1.627451 8.000000
-0.658550 -1.627451 8.000000
-0.643411 -1.627451 8.000000
-0.220643 -0.571545 2.809524
-0.213359 -0.566324 2.783856
-0.206403 -0.561729 2.761271
-0.200786 -0.560636 2.755899
-0.195191 -0.559548 2.750548
-0.189617 -0.558462 2.745212
-0.184065 -0.557381 2.739897
-0.178535 -0.556304 2.734602
-0.173025 -0.555231 2.729328
-0.167641 -0.554505 2.725759
-0.162410 -0.554258 2.724544
-0.157184 -0.554011 2.723330
-0.151963 -0.553764 2.722118
-0.146747 -0.553518 2.720906
-0.141535 -0.553271 2.719695
-0.136327 -0.553025 2.718486
-0.131124 -0.552779 2.717277
-0.125926 -0.552534 2.716070
-0.120733 -0.552288 2.714863
-0.115629 -0.552449 2.715655
-0.110556 -0.552779 2.717274
-0.105476 -0.553108 2.718895
-0.100391 -0.553439 2.720517
-0.095300 -0.553769 2.722141
-0.090202 -0.554100 2.723768
-0.085099 -0.554431 2.725396
-0.079989 -0.554763 2.727026
-0.074873 -0.555095 2.728658
-0.069751 -0.555427 2.730292
-0.064718 -0.556577 2.735945
-0.059664 -0.557733 2.741627
-0.054590 -0.558893 2.747329
-0.049493 -0.560058 2.753055
-0.044376 -0.561227 2.758804
-0.039237 -0.562402 2.764577
-0.034139 -0.564607 2.775416
-0.029146 -0.569678 2.800344
-0.068126 -1.627451 8.000000
-0.052987 -1.627451 8.000000
-0.031159 -1.339828 6.586142
-0.018697 -1.339927 6.586631
-0.006233 -1.340027 6.587121
0.006233 -1.340127 6.587612
0.018701 -1.340227 6.588102
0.031170 -1.340326 6.588592
0.043642 -1.340426 6.589082
0.056115 -1.340526 6.589572
0.068590 -1.340626 6.590063
0.081067 -1.340725 6.590553
0.093546 -1.340825 6.591044
0.106027 -1.340925 6.591535
0.118509 -1.341025 6.592025
0.130994 -1.341125 6.592516
0.143480 -1.341224 6.593007
0.155968 -1.341324 6.593498
0.168458 -1.341424 6.593989
0.180950 -1.341524 6.594480
0.193443 -1.341624 6.594971
0.205939 -1.341724 6.595463
0.218436 -1.341824 6.595954
0.230936 -1.341924 6.596446
0.243437 -1.342024 6.596937
0.255940 -1.342124 6.597428
0.268445 -1.342224 6.597920
0.280951 -1.342324 6.598412
0.293460 -1.342424 6.598904
0.305971 -1.342524 6.599395
0.318483 -1.342624 6.599887
0.330997 -1.342724 6.600379
0.343513 -1.342824 6.600871
0.356031 -1.342924 6.601363
0.368551 -1.343024 6.601856
-1.097583 -1.612312 8.000000
-1.082444 -1.612312 8.000000
-1.067305 -1.612312 8.000000
-1.052166 -1.612312 8.000000
-1.037027 -1.612312 8.000000
-1.021888 -1.612312 8.000000
-1.006749 -1.612312 8.000000
-0.991610 -1.612312 8.000000
-0.976471 -1.612312 8.000000
-0.961331 -1.612312 8.000000
-0.946192 -1.612312 8.000000
-0.931053 -1.612312 8.000000
-0.915914 -1.612312 8.000000
-0.900775 -1.612312 8.000000
-0.885636 -1.612312 8.000000
-0.870497 -1.612312 8.000000
-0.855358 -1.612312 8.000000
-0.840219 -1.612312 8.000000
-0.825080 -1.612312 8.000000
-0.809941 -1.612312 8.000000
-0.794802 -1.612312 8.000000
-0.779663 -1.612312 8.000000
-0.764523 -1.612312 8.000000
-0.749384 -1.612312 8.000000
-0.734245 -1.612312 8.000000
-0.719106 -1.612312 8.000000
-0.703967 -1.612312 8.000000
-0.688828 -1.612312 8.000000
-0.673689 -1.612312 8.000000
-0.658550 -1.612312 8.000000
-0.643411 -1.612312 8.000000
-0.220378 -0.565548 2.806148
-0.213106 -0.560389 2.780551
-0.206329 -0.556305 2.760284
-0.200714 -0.555223 2.754916
-0.195122 -0.554145 2.749568
-0.189550 -0.553071 2.744236
-0.184000 -0.552000 2.738925
-0.178471 -0.550934 2.733634
-0.172964 -0.549871 2.728363
-0.167599 -0.549209 2.725074
-0.162370 -0.548964 2.723860
-0.157145 -0.548719 2.722646
-0.151925 -0.548475 2.721434
-0.146710 -0.548231 2.720223
-0.141499 -0.547987 2.719013
-0.136293 -0.547743 2.717804
-0.131092 -0.547500 2.716596
-0.125895 -0.547257 2.715389
-0.120703 -0.547014 2.714184
-0.115600 -0.547174 2.714977
-0.110528 -0.547500 2.716595
-0.105450 -0.547826 2.718215
-0.100366 -0.548153 2.719836
-0.095276 -0.548480 2.721460
-0.090180 -0.548808 2.723085
-0.085077 -0.549136 2.724712
-0.079969 -0.549464 2.726342
-0.074854 -0.549793 2.727973
-0.069734 -0.550122 2.729606
-0.064696 -0.551206 2.734985
-0.059643 -0.552350 2.740663
-0.054570 -0.553499 2.746361
-0.049476 -0.554652 2.752083
-0.044360 -0.555810 2.757828
-0.039223 -0.556973 2.763597
-0.034100 -0.558720 2.772270
-0.029113 -0.563732 2.797138
-0.068126 -1.612312 8.000000
-0.052987 -1.612312 8.000000
-0.031159 -1.327364 6.586142
-0.018697 -1.327463 6.586631
-0.006233 -1.327562 6.587121
0.006233 -1.327661 6.587612
0.018701 -1.327759 6.588102
0.031170 -1.327858 6.588592
0.043642 -1.327957 6.589082
0.056115 -1.328056 6.589572
0.068590 -1.328155 6.590063
0.081067 -1.328253 6.590553
0.093546 -1.328352 6.591044
0.106027 -1.328451 6.591535
0.118509 -1.328550 6.592025
0.130994 -1.328649 6.592516
0.143480 -1.328748 6.593007
0.155968 -1.328847 6.593498
0.168458 -1.328946 6.593989
0.180950 -1.329045 6.594480
0.193443 -1.329144 6.594971
0.205939 -1.329243 6.595463
0.218436 -1.329342 6.595954
0.230936 -1.329441 6.596446
0.243437 -1.329540 6.596937
0.255940 -1.329639 6.597428
0.268445 -1.329738 6.597920
0.280951 -1.329837 6.598412
0.293460 -1.329936 6.598904
0.305971 -1.330035 6.599395
0.318483 -1.330135 6.599887
0.330997 -1.330234 6.600379
0.343513 -1.330333 6.600871
0.356031 -1.330432 6.601363
0.368551 -1.330531 6.601856
-1.097583 -1.597173 8.000000
-1.082444 -1.597173 8.000000
-1.067305 -1.597173 8.000000
-1.052166 -1.597173 8.000000
-1.037027 -1.597173 8.000000
-1.021888 -1.597173 8.000000
-1.006749 -1.597173 8.000000
-0.991610 -1.597173 8.000000
-0.976471 -1.597173 8.000000
-0.961331 -1.597173 8.000000
-0.946192 -1.597173 8.000000
-0.931053 -1.597173 8.000000
-0.915914 -1.597173 8.000000
-0.900775 -1.597173 8.000000
-0.885636 -1.597173 8.000000
-0.870497 -1.597173 8.000000
-0.855358 -1.597173 8.000000
-0.840219 -1.597173 8.000000
-0.825080 -1.597173 8.000000
-0.809941 -1.597173 8.000000
-0.794802 -1.597173 8.000000
-0.779663 -1.597173 8.000000
-0.764523 -1.597173 8.000000
-0.749384 -1.597173 8.000000
-0.734245 -1.597173 8.000000
-0.719106 -1.597173 8.000000
-0.703967 -1.597173 8.000000
-0.688828 -1.597173 8.000000
-0.673689 -1.597173 8.000000
-0.658550 -1.597173 8.000000
-0.643411 -1.597173 8.000000
-0.220114 -0.559566 2.802781
-0.212853 -0.554469 2.777255
-0.206255 -0.550884 2.759298
-0.200643 -0.549814 2.753934
-0.195052 -0.548746 2.748589
-0.189483 -0.547683 2.743261
-0.183935 -0.546623 2.737953
-0.178408 -0.545567 2.732666
-0.172903 -0.544516 2.727399
-0.167557 -0.543915 2.724389
-0.162329 -0.543673 2.723175
-0.157106 -0.543431 2.721963
-0.151887 -0.543189 2.720751
-0.146673 -0.542947 2.719541
-0.141464 -0.542706 2.718331
-0.136259 -0.542464 2.717123
-0.131059 -0.542223 2.715915
-0.125863 -0.541982 2.714709
-0.120672 -0.541742 2.713504
-0.115571 -0.541901 2.714299
-0.110500 -0.542223 2.715916
-0.105424 -0.542547 2.717535
-0.100341 -0.542870 2.719156
-0.095252 -0.543194 2.720778
-0.090157 -0.543518 2.722403
-0.085056 -0.543843 2.724030
-0.079949 -0.544168 2.725658
-0.074836 -0.544494 2.727288
-0.069716 -0.544820 2.728921
-0.064673 -0.545839 2.734025
-0.059623 -0.546972 2.739699
-0.054551 -0.548109 2.745394
-0.049459 -0.549250 2.751112
-0.044345 -0.550396 2.756853
-0.039210 -0.551547 2.762618
-0.034062 -0.552847 2.769130
-0.029080 -0.557800 2.793938
-0.068126 -1.597173 8.000000
-0.052987 -1.597173 8.000000
-0.031159 -1.314901 6.586142
-0.018697 -1.314999 6.586631
-0.006233 -1.315096 6.587121
0.006233 -1.315194 6.587612
0.018701 -1.315292 6.588102
0.031170 -1.315390 6.588592
0.043642 -1.315488 6.589082
0.056115 -1.315586 6.589572
0.068590 -1.315684 6.590063
0.081067 -1.315781 6.590553
0.093546 -1.315879 6.591044
0.106027 -1.315977 6.591535
0.118509 -1.316075 6.592025
0.130994 -1.316173 6.592516
0.143480 -1.316271 6.593007
0.155968 -1.316369 6.593498
0.168458 -1.316468 6.593989
0.180950 -1.316566 6.594480
0.193443 -1.316664 6.594971
0.205939 -1.316762 6.595463
0.218436 -1.316860 6.595954
0.230936 -1.316958 6.596446
0.243437 -1.317056 6.596937
0.255940 -1.317154 6.597428
0.268445 -1.317252 6.597920
0.280951 -1.317350 6.598412
0.293460 -1.317449 6.598904
0.305971 -1.317547 6.599395
0.318483 -1.317645 6.599887
0.330997 -1.317743 6.600379
0.343513 -1.317841 6.600871
0.356031 -1.317940 6.601363
0.368551 -1.318038 6.601856
-1.097583 -1.582034 8.000000
-1.082444 -1.582034 8.000000
-1.067305 -1.582034 8.000000
-1.052166 -1.582034 8.000000
-1.037027 -1.582034 8.000000
-1.021888 -1.582034 8.000000
-1.006749 -1.582034 8.000000
-0.991610 -1.582034 8.000000
-0.976471 -1.582034 8.000000
-0.961331 -1.582034 8.000000
-0.946192 -1.582034 8.000000
-0.931053 -1.582034 8.000000
-0.915914 -1.582034 8.000000
-0.900775 -1.582034 8.000000
-0.885636 -1.582034 8.000000
-0.870497 -1.582034 8.000000
-0.855358 -1.582034 8.000000
-0.840219 -1.582034 8.000000
-0.825080 -1.582034 8.000000
-0.809941 -1.582034 8.000000
-0.794802 -1.582034 8.000000
-0.779663 -1.582034 8.000000
-0.764523 -1.582034 8.000000
-0.749384 -1.582034 8.000000
-0.734245 -1.582034 8.000000
-0.719106 -1.582034 8.000000
-0.703967 -1.582034 8.000000
-0.688828 -1.582034 8.000000
-0.673689 -1.582034 8.000000
-0.658550 -1.582034 8.000000
-0.643411 -1.582034 8.000000
-0.219850 -0.553597 2.799421
-0.212601 -0.548563 2.773966
-0.206182 -0.545468 2.758313
-0.200571 -0.544408 2.752953
-0.194983 -0.543352 2.747611
-0.189415 -0.542299 2.742286
-0.183870 -0.541250 2.736982
-0.178345 -0.540205 2.731699
-0.172842 -0.539164 2.726436
-0.167515 -0.538624 2.723704
-0.162288 -0.538384 2.722491
-0.157066 -0.538144 2.721279
-0.151849 -0.537905 2.720068
-0.146636 -0.537666 2.718858
-0.141428 -0.537427 2.717650
-0.136225 -0.537188 2.716442
-0.131026 -0.536949 2.715235
-0.125832 -0.536711 2.714030
-0.120642 -0.536472 2.712825
-0.115542 -0.536630 2.713621
-0.110473 -0.536950 2.715237
-0.105397 -0.537270 2.716855
-0.100316 -0.537590 2.718475
-0.095228 -0.537911 2.720097
-0.090135 -0.538232 2.721721
-0.085035 -0.538553 2.723347
-0.079929 -0.538875 2.724974
-0.074817 -0.539197 2.726604
-0.069699 -0.539520 2.728236
-0.064650 -0.540475 2.733066
-0.059602 -0.541597 2.738737
-0.054532 -0.542722 2.744428
-0.049441 -0.543852 2.750141
-0.044329 -0.544986 2.755878
-0.039196 -0.546126 2.761639
-0.034041 -0.547270 2.767424
-0.029046 -0.551882 2.790746
-0.023980 -0.556869 2.815964
-0.052987 -1.582034 8.000000
-0.031159 -1.302437 6.586142
-0.018697 -1.302534 6.586631
-0.006233 -1.302631 6.587121
0.006233 -1.302728 6.587612
0.018701 -1.302825 6.588102
0.031170 -1.302922 6.588592
0.043642 -1.303019 6.589082
0.056115 -1.303116 6.589572
0.068590 -1.303213 6.590063
0.081067 -1.303310 6.590553
0.093546 -1.303407 6.591044
0.106027 -1.303504 6.591535
0.118509 -1.303601 6.592025
0.130994 -1.303698 6.592516
0.143480 -1.303795 6.593007
0.155968 -1.303892 6.593498
0.168458 -1.303989 6.593989
0.180950 -1.304086 6.594480
0.193443 -1.304183 6.594971
0.205939 -1.304281 6.595463
0.218436 -1.304378 6.595954
0.230936 -1.304475 6.596446
0.243437 -1.304572 6.596937
0.255940 -1.304669 6.597428
0.268445 -1.304766 6.597920
0.280951 -1.304864 6.598412
0.293460 -1.304961 6.598904
0.305971 -1.305058 6.599395
0.318483 -1.305156 6.599887
0.330997 -1.305253 6.600379
0.343513 -1.305350 6.600871
0.356031 -1.305447 6.601363
0.368551 -1.305545 6.601856
-1.097583 -1.566895 8.000000
-1.082444 -1.566895 8.000000
-1.067305 -1.566895 8.000000
-1.052166 -1.566895 8.000000
-1.037027 -1.566895 8.000000
-1.021888 -1.566895 8.000000
-1.006749 -1.566895 8.000000
-0.991610 -1.566895 8.000000
-0.976471 -1.566895 8.000000
-0.961331 -1.566895 8.000000
-0.946192 -1.566895 8.000000
-0.931053 -1.566895 8.000000
-0.915914 -1.566895 8.000000
-0.900775 -1.566895 8.000000
-0.885636 -1.566895 8.000000
-0.870497 -1.566895 8.000000
-0.855358 -1.566895 8.000000
-0.840219 -1.566895 8.000000
-0.825080 -1.566895 8.000000
-0.809941 -1.566895 8.000000
-0.794802 -1.566895 8.000000
-0.779663 -1.566895 8.000000
-0.764523 -1.566895 8.000000
-0.749384 -1.566895 8.000000
-0.734245 -1.566895 8.000000
-0.719106 -1.566895 8.000000
-0.703967 -1.566895 8.000000
-0.688828 -1.566895 8.000000
-0.673689 -1.566895 8.000000
-0.658550 -1.566895 8.000000
-0.643411 -1.566895 8.000000
-0.219586 -0.547643 2.796070
-0.212350 -0.542671 2.770685
-0.206108 -0.540055 2.757329
-0.200500 -0.539006 2.751972
-0.194913 -0.537961 2.746633
-0.189348 -0.536918 2.741312
-0.183804 -0.535880 2.736012
-0.178282 -0.534846 2.730732
-0.172781 -0.533816 2.725473
-0.167473 -0.533336 2.723020
-0.162247 -0.533098 2.721808
-0.157027 -0.532861 2.720596
-0.151811 -0.532624 2.719386
-0.146599 -0.532387 2.718177
-0.141393 -0.532150 2.716969
-0.136191 -0.531914 2.715761
-0.130993 -0.531678 2.714555
-0.125800 -0.531442 2.713350
-0.120612 -0.531206 2.712146
-0.115513 -0.531362 2.712944
-0.110445 -0.531678 2.714559
-0.105371 -0.531995 2.716176
-0.100291 -0.532312 2.717796
-0.095204 -0.532630 2.719417
-0.090112 -0.532948 2.721040
-0.085013 -0.533266 2.722664
-0.079909 -0.533585 2.724292
-0.074798 -0.533904 2.725920
-0.069681 -0.534223 2.727551
-0.064627 -0.535116 2.732108
-0.059581 -0.536226 2.737775
-0.054513 -0.537339 2.743462
-0.049424 -0.538458 2.749171
-0.044313 -0.539580 2.754904
-0.039182 -0.540708 2.760661
-0.034029 -0.541840 2.766442
-0.029013 -0.545977 2.787561
-0.023952 -0.550905 2.812722
-0.052987 -1.566895 8.000000
-0.031159 -1.289974 6.586142
-0.018697 -1.290070 6.586631
-0.006233 -1.290166 6.587121
0.006233 -1.290262 6.587612
0.018701 -1.290358 6.588102
0.031170 -1.290454 6.588592
0.043642 -1.290550 6.589082
0.056115 -1.290646 6.589572
0.068590 -1.290742 6.590063
0.081067 -1.290838 6.590553
0.093546 -1.290934 6.591044
0.106027 -1.291030 6.591535
0.118509 -1.291126 6.592025
0.130994 -1.291222 6.592516
0.143480 -1.291318 6.593007
0.155968 -1.291415 6.593498
0.168458 -1.291511 6.593989
0.180950 -1.291607 6.594480
0.193443 -1.291703 6.594971
0.205939 -1.291799 6.595463
0.218436 -1.291896 6.595954
0.230936 -1.291992 6.596446
0.243437 -1.292088 6.596937
0.255940 -1.292184 6.597428
0.268445 -1.292281 6.597920
0.280951 -1.292377 6.598412
0.293460 -1.292473 6.598904
0.305971 -1.292570 6.599395
0.318483 -1.292666 6.599887
0.330997 -1.292762 6.600379
0.343513 -1.292859 6.600871
0.356031 -1.292955 6.601363
0.368551 -1.293051 6.601856
-1.097583 -1.551756 8.000000
-1.082444 -1.551756 8.000000
-1.067305 -1.551756 8.000000
-1.052166 -1.551756 8.000000
-1.037027 -1.551756 8.000000
-1.021888 -1.551756 8.000000
-1.006749 -1.551756 8.000000
-0.991610 -1.551756 8.000000
-0.976471 -1.551756 8.000000
-0.961331 -1.551756 8.000000
-0.946192 -1.551756 8.000000
-0.931053 -1.551756 8.000000
-0.915914 -1.551756 8.000000
-0.900775 -1.551756 8.000000
-0.885636 -1.551756 8.000000
-0.870497 -1.551756 8.000000
-0.855358 -1.551756 8.000000
-0.840219 -1.551756 8.000000
-0.825080 -1.551756 8.000000
-0.809941 -1.551756 8.000000
-0.794802 -1.551756 8.000000
-0.779663 -1.551756 8.000000
-0.764523 -1.551756 8.000000
-0.749384 -1.551756 8.000000
-0.734245 -1.551756 8.000000
-0.719106 -1.551756 8.000000
-0.703967 -1.551756 8.000000
-0.688828 -1.551756 8.000000
-0.673689 -1.551756 8.000000
-0.658550 -1.551756 8.000000
-0.643411 -1.551756 8.000000
-0.219324 -0.541705 2.792734
-0.212099 -0.536793 2.767411
-0.206035 -0.534647 2.756345
-0.200429 -0.533608 2.750992
-0.194844 -0.532573 2.745656
-0.189281 -0.531542 2.740339
-0.183739 -0.530515 2.735042
-0.178219 -0.529491 2.729767
-0.172720 -0.528472 2.724511
-0.167431 -0.528050 2.722336
-0.162207 -0.527815 2.721124
-0.156987 -0.527580 2.719914
-0.151773 -0.527345 2.718704
-0.146563 -0.527111 2.717495
-0.141357 -0.526877 2.716288
-0.136156 -0.526643 2.715081
-0.130960 -0.526409 2.713876
-0.125769 -0.526175 2.712671
-0.120582 -0.525942 2.711468
-0.115485 -0.526097 2.712266
-0.110418 -0.526410 2.713881
-0.105345 -0.526724 2.715498
-0.100266 -0.527038 2.717116
-0.095181 -0.527352 2.718736
-0.090089 -0.527666 2.720359
-0.084992 -0.527981 2.721982
-0.079889 -0.528297 2.723609
-0.074779 -0.528613 2.725237
-0.069664 -0.528929 2.726867
-0.064605 -0.529760 2.731151
-0.059560 -0.530858 2.736813
-0.054494 -0.531961 2.742497
-0.049406 -0.533067 2.748202
-0.044298 -0.534178 2.753931
-0.039168 -0.535294 2.759684
-0.034017 -0.536415 2.765460
-0.028980 -0.540085 2.784384
-0.023925 -0.544955 2.809487
-0.052987 -1.551756 8.000000
-0.031159 -1.277510 6.586142
-0.018697 -1.277605 6.586631
-0.006233 -1.277700 6.587121
0.006233 -1.277795 6.587612
0.018701 -1.277890 6.588102
0.031170 -1.277985 6.588592
0.043642 -1.278081 6.589082
0.056115 -1.278176 6.589572
0.068590 -1.278271 6.590063
0.081067 -1.278366 6.590553
0.093546 -1.278461 6.591044
0.106027 -1.278556 6.591535
0.118509 -1.278651 6.592025
0.130994 -1.278747 6.592516
0.143480 -1.278842 6.593007
0.155968 -1.278937 6.593498
0.168458 -1.279032 6.593989
0.180950 -1.279128 6.594480
0.193443 -1.279223 6.594971
0.205939 -1.279318 6.595463
0.218436 -1.279413 6.595954
0.230936 -1.279509 6.596446
0.243437 -1.279604 6.596937
0.255940 -1.279699 6.597428
0.268445 -1.279795 6.597920
0.280951 -1.279890 6.598412
0.293460 -1.279986 6.598904
0.305971 -1.280081 6.599395
0.318483 -1.280176 6.599887
0.330997 -1.280272 6.600379
0.343513 -1.280367 6.600871
0.356031 -1.280463 6.601363
0.368551 -1.280558 6.601856
-1.097583 -1.536616 8.000000
-1.082444 -1.536616 8.000000
-1.067305 -1.536616 8.000000
-1.052166 -1.536616 8.000000
-1.037027 -1.536616 8.000000
-1.021888 -1.536616 8.000000
-1.006749 -1.536616 8.000000
-0.991610 -1.536616 8.000000
-0.976471 -1.536616 8.000000
-0.961331 -1.536616 8.000000
-0.946192 -1.536616 8.000000
-0.931053 -1.536616 8.000000
-0.915914 -1.536616 8.000000
-0.900775 -1.536616 8.000000
-0.885636 -1.536616 8.000000
-0.870497 -1.536616 8.000000
-0.855358 -1.536616 8.000000
-0.840219 -1.536616 8.000000
-0.825080 -1.536616 8.000000
-0.809941 -1.536616 8.000000
-0.794802 -1.536616 8.000000
-0.779663 -1.536616 8.000000
-0.764523 -1.536616 8.000000
-0.749384 -1.536616 8.000000
-0.734245 -1.536616 8.000000
-0.719106 -1.536616 8.000000
-0.703967 -1.536616 8.000000
-0.688828 -1.536616 8.000000
-0.673689 -1.536616 8.000000
-0.658550 -1.536616 8.000000
-0.643411 -1.536616 8.000000
-0.219063 -0.535781 2.789409
-0.211849 -0.530929 2.764146
-0.205961 -0.529242 2.755362
-0.200357 -0.528214 2.750012
-0.194775 -0.527190 2.744680
-0.189214 -0.526169 2.739367
-0.183674 -0.525153 2.734074
-0.178156 -0.524140 2.728801
-0.172659 -0.523131 2.723550
-0.167388 -0.522767 2.721653
-0.162166 -0.522534 2.720442
-0.156948 -0.522302 2.719231
-0.151735 -0.522070 2.718022
-0.146526 -0.521838 2.716814
-0.141322 -0.521606 2.715607
-0.136122 -0.521374 2.714401
-0.130927 -0.521143 2.713196
-0.125737 -0.520912 2.711993
-0.120552 -0.520681 2.710790
-0.115456 -0.520834 2.711590
-0.110390 -0.521144 2.713204
-0.105318 -0.521454 2.714819
-0.100241 -0.521765 2.716437
-0.095157 -0.522076 2.718056
-0.090067 -0.522388 2.719678
-0.084971 -0.522699 2.721301
-0.079869 -0.523012 2.722926
-0.074761 -0.523324 2.724553
-0.069646 -0.523637 2.726182
-0.064582 -0.524408 2.730194
-0.059539 -0.525495 2.735852
-0.054474 -0.526585 2.741532
-0.049389 -0.527680 2.747233
-0.044282 -0.528780 2.752958
-0.039154 -0.529884 2.758707
-0.034004 -0.530993 2.764480
-0.028947 -0.534208 2.781215
-0.023897 -0.539018 2.806259
-0.052987 -1.536616 8.000000
-0.031159 -1.265047 6.586142
-0.018697 -1.265141 6.586631
-0.006233 -1.265235 6.587121
0.006233 -1.265329 6.587612
0.018701 -1.265423 6.588102
0.031170 -1.265517 6.588592
0.043642 -1.265612 6.589082
0.056115 -1.265706 6.589572
0.068590 -1.265800 6.590063
0.081067 -1.265894 6.590553
0.093546 -1.265988 6.591044
0.106027 -1.266083 6.591535
0.118509 -1.266177 6.592025
0.130994 -1.266271 6.592516
0.143480 -1.266365 6.593007
0.155968 -1.266460 6.593498
0.168458 -1.266554 6.593989
0.180950 -1.266648 6.594480
0.193443 -1.266743 6.594971
0.205939 -1.266837 6.595463
0.218436 -1.266931 6.595954
0.230936 -1.267026 6.596446
0.243437 -1.267120 6.596937
0.255940 -1.267215 6.597428
0.268445 -1.267309 6.597920
0.280951 -1.267403 6.598412
0.293460 -1.267498 6.598904
0.305971 -1.267592 6.599395
0.318483 -1.267687 6.599887
0.330997 -1.267781 6.600379
0.343513 -1.267876 6.600871
0.356031 -1.267970 6.601363
0.368551 -1.268065 6.601856
-1.097583 -1.521477 8.000000
-1.082444 -1.521477 8.000000
-1.067305 -1.521477 8.000000
-1.052166 -1.521477 8.000000
-1.037027 -1.521477 8.000000
-1.021888 -1.521477 8.000000
-1.006749 -1.521477 8.000000
-0.991610 -1.521477 8.000000
-0.976471 -1.521477 8.000000
-0.961331 -1.521477 8.000000
-0.946192 -1.521477 8.000000
-0.931053 -1.521477 8.000000
-0.915914 -1.521477 8.000000
-0.900775 -1.521477 8.000000
-0.885636 -1.521477 8.000000
-0.870497 -1.521477 8.000000
-0.855358 -1.521477 8.000000
-0.840219 -1.521477 8.000000
-0.825080 -1.521477 8.000000
-0.809941 -1.521477 8.000000
-0.794802 -1.521477 8.000000
-0.779663 -1.521477 8.000000
-0.764523 -1.521477 8.000000
-0.749384 -1.521477 8.000000
-0.734245 -1.521477 8.000000
-0.719106 -1.521477 8.000000
-0.703967 -1.521477 8.000000
-0.688828 -1.521477 8.000000
-0.673689 -1.521477 8.000000
-0.658550 -1.521477 8.000000
-0.643411 -1.521477 8.000000
-0.218803 -0.529872 2.786091
-0.211599 -0.525079 2.760888
-0.205888 -0.523841 2.754379
-0.200286 -0.522824 2.749034
-0.194705 -0.521810 2.743704
-0.189147 -0.520801 2.738394
-0.183609 -0.519795 2.733106
-0.178093 -0.518793 2.727837
-0.172598 -0.517795 2.722589
-0.167346 -0.517487 2.720969
-0.162125 -0.517256 2.719759
-0.156909 -0.517026 2.718549
-0.151697 -0.516797 2.717341
-0.146489 -0.516567 2.716134
-0.141286 -0.516338 2.714927
-0.136088 -0.516108 2.713722
-0.130895 -0.515879 2.712517
-0.125706 -0.515650 2.711314
-0.120522 -0.515422 2.710112
-0.115427 -0.515574 2.710913
-0.110363 -0.515881 2.712526
-0.105292 -0.516188 2.714141
-0.100216 -0.516496 2.715758
-0.095133 -0.516803 2.717377
-0.090044 -0.517112 2.718997
-0.084950 -0.517420 2.720620
-0.079849 -0.517729 2.722244
-0.074742 -0.518038 2.723871
-0.069629 -0.518348 2.725499
-0.064560 -0.519059 2.729238
-0.059518 -0.520135 2.734892
-0.054455 -0.521214 2.740568
-0.049371 -0.522298 2.746265
-0.044266 -0.523386 2.751986
-0.039140 -0.524478 2.757731
-0.033992 -0.525575 2.763499
-0.028914 -0.528343 2.778055
-0.023870 -0.533095 2.803039
-0.052987 -1.521477 8.000000
-0.031159 -1.252583 6.586142
-0.018697 -1.252676 6.586631
-0.006233 -1.252770 6.587121
0.006233 -1.252863 6.587612
0.018701 -1.252956 6.588102
0.031170 -1.253049 6.588592
0.043642 -1.253142 6.589082
0.056115 -1.253236 6.589572
0.068590 -1.253329 6.590063
0.081067 -1.253422 6.590553
0.093546 -1.253515 6.591044
0.106027 -1.253609 6.591535
0.118509 -1.253702 6.592025
0.130994 -1.253796 6.592516
0.143480 -1.253889 6.593007
0.155968 -1.253982 6.593498
0.168458 -1.254076 6.593989
0.180950 -1.254169 6.594480
0.193443 -1.254262 6.594971
0.205939 -1.254356 6.595463
0.218436 -1.254449 6.595954
0.230936 -1.254543 6.596446
0.243437 -1.254636 6.596937
0.255940 -1.254730 6.597428
0.268445 -1.254823 6.597920
0.280951 -1.254917 6.598412
0.293460 -1.255010 6.598904
0.305971 -1.255104 6.599395
0.318483 -1.255197 6.599887
0.330997 -1.255291 6.600379
0.343513 -1.255384 6.600871
0.356031 -1.255478 6.601363
0.368551 -1.255572 6.601856
-1.097583 -1.506338 8.000000
-1.082444 -1.506338 8.000000
-1.067305 -1.506338 8.000000
-1.052166 -1.506338 8.000000
-1.037027 -1.506338 8.000000
-1.021888 -1.506338 8.000000
-1.006749 -1.506338 8.000000
-0.991610 -1.506338 8.000000
-0.976471 -1.506338 8.000000
-0.961331 -1.506338 8.000000
-0.946192 -1.506338 8.000000
-0.931053 -1.506338 8.000000
-0.915914 -1.506338 8.000000
-0.900775 -1.506338 8.000000
-0.885636 -1.506338 8.000000
-0.870497 -1.506338 8.000000
-0.855358 -1.506338 8.000000
-0.840219 -1.506338 8.000000
-0.825080 -1.506338 8.000000
-0.809941 -1.506338 8.000000
-0.794802 -1.506338 8.000000
-0.779663 -1.506338 8.000000
-0.764523 -1.506338 8.000000
-0.749384 -1.506338 8.000000
-0.734245 -1.506338 8.000000
-0.719106 -1.506338 8.000000
-0.703967 -1.506338 8.000000
-0.688828 -1.506338 8.000000
-0.673689 -1.506338 8.000000
-0.658550 -1.506338 8.000000
-0.225871 -0.528805 2.808424
-0.218543 -0.523976 2.782781
-0.211436 -0.519453 2.758759
-0.205814 -0.518443 2.753397
-0.200215 -0.517438 2.748055
-0.194636 -0.516435 2.742729
-0.189079 -0.515436 2.737423
-0.183544 -0.514441 2.732138
-0.178030 -0.513449 2.726873
-0.172537 -0.512462 2.721629
-0.167304 -0.512209 2.720287
-0.162084 -0.511981 2.719077
-0.156869 -0.511754 2.717868
-0.151658 -0.511526 2.716660
-0.146452 -0.511299 2.715453
-0.141251 -0.511072 2.714247
-0.136054 -0.510845 2.713042
-0.130862 -0.510618 2.711839
-0.125674 -0.510392 2.710636
-0.120491 -0.510166 2.709435
-0.115398 -0.510317 2.710237
-0.110335 -0.510620 2.711849
-0.105266 -0.510924 2.713464
-0.100191 -0.511229 2.715080
-0.095109 -0.511533 2.716697
-0.090022 -0.511838 2.718317
-0.084928 -0.512144 2.719939
-0.079829 -0.512449 2.721562
-0.074723 -0.512755 2.723188
-0.069611 -0.513062 2.724816
-0.064537 -0.513715 2.728282
-0.059497 -0.514778 2.733933
-0.054436 -0.515846 2.739605
-0.049354 -0.516918 2.745298
-0.044251 -0.517995 2.751015
-0.039126 -0.519076 2.756756
-0.033980 -0.520161 2.762520
-0.028882 -0.522493 2.774903
-0.023843 -0.527186 2.799826
-0.052987 -1.506338 8.000000
-0.031159 -1.240120 6.586142
-0.018697 -1.240212 6.586631
-0.006233 -1.240304 6.587121
0.006233 -1.240396 6.587612
0.018701 -1.240489 6.588102
0.031170 -1.240581 6.588592
0.043642 -1.240673 6.589082
0.056115 -1.240766 6.589572
0.068590 -1.240858 6.590063
0.081067 -1.240950 6.590553
0.093546 -1.241043 6.591044
0.106027 -1.241135 6.591535
0.118509 -1.241228 6.592025
0.130994 -1.241320 6.592516
0.143480 -1.241412 6.593007
0.155968 -1.241505 6.593498
0.168458 -1.241597 6.593989
0.180950 -1.241690 6.594480
0.193443 -1.241782 6.594971
0.205939 -1.241875 6.595463
0.218436 -1.241967 6.595954
0.230936 -1.242060 6.596446
0.243437 -1.242152 6.596937
0.255940 -1.242245 6.597428
0.268445 -1.242337 6.597920
0.280951 -1.242430 6.598412
0.293460 -1.242523 6.598904
0.305971 -1.242615 6.599395
0.318483 -1.242708 6.599887
0.330997 -1.242800 6.600379
0.343513 -1.242893 6.600871
0.356031 -1.242986 6.601363
0.368551 -1.243078 6.601856
-1.097583 -1.491199 8.000000
-1.082444 -1.491199 8.000000
-1.067305 -1.491199 8.000000
-1.052166 -1.491199 8.000000
-1.037027 -1.491199 8.000000
-1.021888 -1.491199 8.000000
-1.006749 -1.491199 8.000000
-0.991610 -1.491199 8.000000
-0.976471 -1.491199 8.000000
-0.961331 -1.491199 8.000000
-0.946192 -1.491199 8.000000
-0.931053 -1.491199 8.000000
-0.915914 -1.491199 8.000000
-0.900775 -1.491199 8.000000
-0.885636 -1.491199 8.000000
-0.870497 -1.491199 8.000000
-0.855358 -1.491199 8.000000
-0.840219 -1.491199 8.000000
-0.825080 -1.491199 8.000000
-0.809941 -1.491199 8.000000
-0.794802 -1.491199 8.000000
-0.779663 -1.491199 8.000000
-0.764523 -1.491199 8.000000
-0.749384 -1.491199 8.000000
-0.734245 -1.491199 8.000000
-0.719106 -1.491199 8.000000
-0.703967 -1.491199 8.000000
-0.688828 -1.491199 8.000000
-0.673689 -1.491199 8.000000
-0.658550 -1.491199 8.000000
-0.225600 -0.522861 2.805051
-0.218284 -0.518095 2.779480
-0.211360 -0.514049 2.757775
-0.205741 -0.513050 2.752416
-0.200143 -0.512055 2.747077
-0.194567 -0.511063 2.741755
-0.189012 -0.510075 2.736453
-0.183479 -0.509090 2.731171
-0.177967 -0.508109 2.725910
-0.172486 -0.507160 2.720815
-0.167262 -0.506934 2.719604
-0.162044 -0.506709 2.718395
-0.156830 -0.506483 2.717187
-0.151621 -0.506258 2.715979
-0.146416 -0.506033 2.714773
-0.141216 -0.505809 2.713568
-0.136020 -0.505584 2.712364
-0.130829 -0.505360 2.711161
-0.125643 -0.505136 2.709959
-0.120461 -0.504912 2.708758
-0.115369 -0.505062 2.709561
-0.110308 -0.505362 2.711173
-0.105240 -0.505663 2.712786
-0.100165 -0.505964 2.714401
-0.095085 -0.506266 2.716018
-0.089999 -0.506567 2.717637
-0.084907 -0.506869 2.719258
-0.079809 -0.507172 2.720881
-0.074704 -0.507475 2.722506
-0.069594 -0.507778 2.724133
-0.064514 -0.508374 2.727328
-0.059476 -0.509426 2.732974
-0.054417 -0.510483 2.738642
-0.049337 -0.511543 2.744331
-0.044235 -0.512608 2.750044
-0.039112 -0.513677 2.755781
-0.033968 -0.514751 2.761542
-0.028849 -0.516655 2.771757
-0.023815 -0.521290 2.796620
-0.052987 -1.491199 8.000000
-0.031159 -1.227656 6.586142
-0.018697 -1.227747 6.586631
-0.006233 -1.227839 6.587121
0.006233 -1.227930 6.587612
0.018701 -1.228022 6.588102
0.031170 -1.228113 6.588592
0.043642 -1.228204 6.589082
0.056115 -1.228296 6.589572
0.068590 -1.228387 6.590063
0.081067 -1.228478 6.590553
0.093546 -1.228570 6.591044
0.106027 -1.228661 6.591535
0.118509 -1.228753 6.592025
0.130994 -1.228844 6.592516
0.143480 -1.228936 6.593007
0.155968 -1.229027 6.593498
0.168458 -1.229119 6.593989
0.180950 -1.229210 6.594480
0.193443 -1.229302 6.594971
0.205939 -1.229394 6.595463
0.218436 -1.229485 6.595954
0.230936 -1.229577 6.596446
0.243437 -1.229668 6.596937
0.255940 -1.229760 6.597428
0.268445 -1.229852 6.597920
0.280951 -1.229943 6.598412
0.293460 -1.230035 6.598904
0.305971 -1.230127 6.599395
0.318483 -1.230218 6.599887
0.330997 -1.230310 6.600379
0.343513 -1.230402 6.600871
0.356031 -1.230493 6.601363
0.368551 -1.230585 6.601856
-1.097583 -1.476060 8.000000
-1.082444 -1.476060 8.000000
-1.067305 -1.476060 8.000000
-1.052166 -1.476060 8.000000
-1.037027 -1.476060 8.000000
-1.021888 -1.476060 8.000000
-1.006749 -1.476060 8.000000
-0.991610 -1.476060 8.000000
-0.976471 -1.476060 8.000000
-0.961331 -1.476060 8.000000
-0.946192 -1.476060 8.000000
-0.931053 -1.476060 8.000000
-0.915914 -1.476060 8.000000
-0.900775 -1.476060 8.000000
-0.885636 -1.476060 8.000000
-0.870497 -1.476060 8.000000
-0.855358 -1.476060 8.000000
-0.840219 -1.476060 8.000000
-0.825080 -1.476060 8.000000
-0.809941 -1.476060 8.000000
-0.794802 -1.476060 8.000000
-0.779663 -1.476060 8.000000
-0.764523 -1.476060 8.000000
-0.749384 -1.476060 8.000000
-0.734245 -1.476060 8.000000
-0.719106 -1.476060 8.000000
-0.703967 -1.476060 8.000000
-0.688828 -1.476060 8.000000
-0.673689 -1.476060 8.000000
-0.658550 -1.476060 8.000000
-0.225329 -0.516932 2.801686
-0.218025 -0.512227 2.776185
-0.211285 -0.508649 2.756790
-0.205668 -0.507661 2.751436
-0.200072 -0.506676 2.746100
-0.194498 -0.505695 2.740781
-0.188945 -0.504717 2.735483
-0.183414 -0.503743 2.730206
-0.177904 -0.502773 2.724948
-0.172442 -0.501885 2.720132
-0.167221 -0.501662 2.718922
-0.162003 -0.501439 2.717713
-0.156791 -0.501216 2.716506
-0.151583 -0.500993 2.715299
-0.146379 -0.500771 2.714093
-0.141180 -0.500548 2.712888
-0.135986 -0.500326 2.711685
-0.130797 -0.500104 2.710483
-0.125612 -0.499883 2.709281
-0.120431 -0.499661 2.708081
-0.115341 -0.499810 2.708886
-0.110280 -0.500107 2.710497
-0.105213 -0.500405 2.712109
-0.100140 -0.500702 2.713723
-0.095062 -0.501001 2.715340
-0.089977 -0.501299 2.716958
-0.084886 -0.501598 2.718578
-0.079789 -0.501897 2.720200
-0.074686 -0.502197 2.721824
-0.069577 -0.502497 2.723450
-0.064492 -0.503036 2.726373
-0.059455 -0.504077 2.732016
-0.054398 -0.505123 2.737680
-0.049319 -0.506172 2.743366
-0.044220 -0.507225 2.749074
-0.039099 -0.508283 2.754807
-0.033956 -0.509345 2.760564
-0.028816 -0.510831 2.768619
-0.023788 -0.515407 2.793422
-0.018669 -0.520069 2.818688
-0.031159 -1.215193 6.586142
-0.018697 -1.215283 6.586631
-0.006233 -1.215373 6.587121
0.006233 -1.215464 6.587612
0.018701 -1.215554 6.588102
0.031170 -1.215645 6.588592
0.043642 -1.215735 6.589082
0.056115 -1.215826 6.589572
0.068590 -1.215916 6.590063
0.081067 -1.216007 6.590553
0.093546 -1.216097 6.591044
0.106027 -1.216188 6.591535
0.118509 -1.216278 6.592025
0.130994 -1.216369 6.592516
0.143480 -1.216459 6.593007
0.155968 -1.216550 6.593498
0.168458 -1.216641 6.593989
0.180950 -1.216731 6.594480
0.193443 -1.216822 6.594971
0.205939 -1.216913 6.595463
0.218436 -1.217003 6.595954
0.230936 -1.217094 6.596446
0.243437 -1.217184 6.596937
0.255940 -1.217275 6.597428
0.268445 -1.217366 6.597920
0.280951 -1.217457 6.598412
0.293460 -1.217547 6.598904
0.305971 -1.217638 6.599395
0.318483 -1.217729 6.599887
0.330997 -1.217820 6.600379
0.343513 -1.217910 6.600871
0.356031 -1.218001 6.601363
0.368551 -1.218092 6.601856
-1.097583 -1.460921 8.000000
-1.082444 -1.460921 8.000000
-1.067305 -1.460921 8.000000
-1.052166 -1.460921 8.000000
-1.037027 -1.460921 8.000000
-1.021888 -1.460921 8.000000
-1.006749 -1.460921 8.000000
-0.991610 -1.460921 8.000000
-0.976471 -1.460921 8.000000
-0.961331 -1.460921 8.000000
-0.946192 -1.460921 8.000000
-0.931053 -1.460921 8.000000
-0.915914 -1.460921 8.000000
-0.900775 -1.460921 8.000000
-0.885636 -1.460921 8.000000
-0.870497 -1.460921 8.000000
-0.855358 -1.460921 8.000000
-0.840219 -1.460921 8.000000
-0.825080 -1.460921 8.000000
-0.809941 -1.460921 8.000000
-0.794802 -1.460921 8.000000
-0.779663 -1.460921 8.000000
-0.764523 -1.460921 8.000000
-0.749384 -1.460921 8.000000
-0.734245 -1.460921 8.000000
-0.719106 -1.460921 8.000000
-0.703967 -1.460921 8.000000
-0.688828 -1.460921 8.000000
-0.673689 -1.460921 8.000000
-0.658550 -1.460921 8.000000
-0.225059 -0.511017 2.798329
-0.217767 -0.506373 2.772899
-0.211209 -0.503252 2.755807
-0.205594 -0.502275 2.750456
-0.200001 -0.501301 2.745123
-0.194429 -0.500331 2.739809
-0.188878 -0.499364 2.734514
-0.183349 -0.498401 2.729240
-0.177842 -0.497441 2.723987
-0.172399 -0.496613 2.719450
-0.167179 -0.496392 2.718240
-0.161963 -0.496171 2.717032
-0.156751 -0.495951 2.715825
-0.151545 -0.495730 2.714619
-0.146342 -0.495510 2.713414
-0.141145 -0.495291 2.712210
-0.135952 -0.495071 2.711007
-0.130764 -0.494851 2.709805
-0.125580 -0.494632 2.708604
-0.120401 -0.494413 2.707404
-0.115312 -0.494560 2.708211
-0.110253 -0.494854 2.709821
-0.105187 -0.495149 2.711432
-0.100115 -0.495443 2.713046
-0.095038 -0.495738 2.714662
-0.089954 -0.496034 2.716279
-0.084865 -0.496329 2.717898
-0.079769 -0.496625 2.719519
-0.074667 -0.496922 2.721142
-0.069559 -0.497219 2.722767
-0.064469 -0.497703 2.725420
-0.059434 -0.498733 2.731059
-0.054379 -0.499766 2.736719
-0.049302 -0.500804 2.742401
-0.044204 -0.501846 2.748105
-0.039085 -0.502892 2.753834
-0.033944 -0.503942 2.759586
-0.028784 -0.505020 2.765487
-0.023761 -0.509538 2.790231
-0.018648 -0.514142 2.815440
-0.031159 -1.202729 6.586142
-0.018697 -1.202819 6.586631
-0.006233 -1.202908 6.587121
0.006233 -1.202998 6.587612
0.018701 -1.203087 6.588102
0.031170 -1.203177 6.588592
0.043642 -1.203266 6.589082
0.056115 -1.203356 6.589572
0.068590 -1.203445 6.590063
0.081067 -1.203535 6.590553
0.093546 -1.203624 6.591044
0.106027 -1.203714 6.591535
0.118509 -1.203804 6.592025
0.130994 -1.203893 6.592516
0.143480 -1.203983 6.593007
0.155968 -1.204073 6.593498
0.168458 -1.204162 6.593989
0.180950 -1.204252 6.594480
0.193443 -1.204342 6.594971
0.205939 -1.204431 6.595463
0.218436 -1.204521 6.595954
0.230936 -1.204611 6.596446
0.243437 -1.204700 6.596937
0.255940 -1.204790 6.597428
0.268445 -1.204880 6.597920
0.280951 -1.204970 6.598412
0.293460 -1.205060 6.598904
0.305971 -1.205149 6.599395
0.318483 -1.205239 6.599887
0.330997 -1.205329 6.600379
0.343513 -1.205419 6.600871
0.356031 -1.205509 6.601363
0.368551 -1.205599 6.601856
-1.097583 -1.445782 8.000000
-1.082444 -1.445782 8.000000
-1.067305 -1.445782 8.000000
-1.052166 -1.445782 8.000000
-1.037027 -1.445782 8.000000
-1.021888 -1.445782 8.000000
-1.006749 -1.445782 8.000000
-0.991610 -1.445782 8.000000
-0.976471 -1.445782 8.000000
-0.961331 -1.445782 8.000000
-0.946192 -1.445782 8.000000
-0.931053 -1.445782 8.000000
-0.915914 -1.445782 8.000000
-0.900775 -1.445782 8.000000
-0.885636 -1.445782 8.000000
-0.870497 -1.445782 8.000000
-0.855358 -1.445782 8.000000
-0.840219 -1.445782 8.000000
-0.825080 -1.445782 8.000000
-0.809941 -1.445782 8.000000
-0.794802 -1.445782 8.000000
-0.779663 -1.445782 8.000000
-0.764523 -1.445782 8.000000
-0.749384 -1.445782 8.000000
-0.734245 -1.445782 8.000000
-0.719106 -1.445782 8.000000
-0.703967 -1.445782 8.000000
-0.688828 -1.445782 8.000000
-0.673689 -1.445782 8.000000
-0.658550 -1.445782 8.000000
-0.224790 -0.505117 2.794984
-0.217509 -0.500533 2.769620
-0.211134 -0.497859 2.754824
-0.205521 -0.496893 2.749477
-0.199930 -0.495930 2.744148
-0.194360 -0.494970 2.738837
-0.188812 -0.494014 2.733546
-0.183285 -0.493061 2.728276
-0.177779 -0.492113 2.723026
-0.172356 -0.491343 2.718768
-0.167137 -0.491125 2.717559
-0.161922 -0.490906 2.716351
-0.156712 -0.490688 2.715145
-0.151507 -0.490471 2.713939
-0.146306 -0.490253 2.712735
-0.141110 -0.490035 2.711531
-0.135918 -0.489818 2.710329
-0.130731 -0.489601 2.709128
-0.125549 -0.489384 2.707927
-0.120371 -0.489167 2.706728
-0.115283 -0.489313 2.707536
-0.110225 -0.489604 2.709145
-0.105161 -0.489895 2.710756
-0.100090 -0.490187 2.712369
-0.095014 -0.490479 2.713984
-0.089932 -0.490771 2.715600
-0.084843 -0.491063 2.717218
-0.079749 -0.491356 2.718839
-0.074648 -0.491649 2.720461
-0.069542 -0.491943 2.722085
-0.064447 -0.492373 2.724467
-0.059414 -0.493391 2.730102
-0.054360 -0.494414 2.735759
-0.049285 -0.495440 2.741436
-0.044188 -0.496470 2.747137
-0.039071 -0.497505 2.752861
-0.033932 -0.498544 2.758610
-0.028772 -0.499587 2.764382
-0.023734 -0.503683 2.787047
-0.018626 -0.508228 2.812198
-0.031159 -1.190266 6.586142
-0.018697 -1.190354 6.586631
-0.006233 -1.190443 6.587121
0.006233 -1.190531 6.587612
0.018701 -1.190620 6.588102
0.031170 -1.190708 6.588592
0.043642 -1.190797 6.589082
0.056115 -1.190886 6.589572
0.068590 -1.190974 6.590063
0.081067 -1.191063 6.590553
0.093546 -1.191152 6.591044
0.106027 -1.191240 6.591535
0.118509 -1.191329 6.592025
0.130994 -1.191418 6.592516
0.143480 -1.191506 6.593007
0.155968 -1.191595 6.593498
0.168458 -1.191684 6.593989
0.180950 -1.191773 6.594480
0.193443 -1.191861 6.594971
0.205939 -1.191950 6.595463
0.218436 -1.192039 6.595954
0.230936 -1.192128 6.596446
0.243437 -1.192217 6.596937
0.255940 -1.192305 6.597428
0.268445 -1.192394 6.597920
0.280951 -1.192483 6.598412
0.293460 -1.192572 6.598904
0.305971 -1.192661 6.599395
0.318483 -1.192750 6.599887
0.330997 -1.192839 6.600379
0.343513 -1.192928 6.600871
0.356031 -1.193017 6.601363
0.368551 -1.193105 6.601856
-1.097583 -1.430643 8.000000
-1.082444 -1.430643 8.000000
-1.067305 -1.430643 8.000000
-1.052166 -1.430643 8.000000
-1.037027 -1.430643 8.000000
-1.021888 -1.430643 8.000000
-1.006749 -1.430643 8.000000
-0.991610 -1.430643 8.000000
-0.976471 -1.430643 8.000000
-0.961331 -1.430643 8.000000
-0.946192 -1.430643 8.000000
-0.931053 -1.430643 8.000000
-0.915914 -1.430643 8.000000
-0.900775 -1.430643 8.000000
-0.885636 -1.430643 8.000000
-0.870497 -1.430643 8.000000
-0.855358 -1.430643 8.000000
-0.840219 -1.430643 8.000000
-0.825080 -1.430643 8.000000
-0.809941 -1.430643 8.000000
-0.794802 -1.430643 8.000000
-0.779663 -1.430643 8.000000
-0.764523 -1.430643 8.000000
-0.749384 -1.430643 8.000000
-0.734245 -1.430643 8.000000
-0.719106 -1.430643 8.000000
-0.703967 -1.430643 8.000000
-0.688828 -1.430643 8.000000
-0.673689 -1.430643 8.000000
-0.658550 -1.430643 8.000000
-0.224522 -0.499232 2.791653
-0.217252 -0.494707 2.766350
-0.211059 -0.492471 2.753842
-0.205448 -0.491515 2.748499
-0.199859 -0.490563 2.743172
-0.194291 -0.489613 2.737865
-0.188745 -0.488668 2.732578
-0.183220 -0.487726 2.727312
-0.177716 -0.486788 2.722065
-0.172313 -0.486076 2.718086
-0.167095 -0.485860 2.716878
-0.161881 -0.485644 2.715671
-0.156673 -0.485429 2.714465
-0.151469 -0.485213 2.713260
-0.146269 -0.484998 2.712056
-0.141074 -0.484783 2.710853
-0.135884 -0.484568 2.709652
-0.130698 -0.484353 2.708451
-0.125517 -0.484139 2.707251
-0.120341 -0.483924 2.706053
-0.115255 -0.484069 2.706862
-0.110198 -0.484357 2.708470
-0.105135 -0.484645 2.710080
-0.100066 -0.484933 2.711692
-0.094990 -0.485221 2.713306
-0.089909 -0.485510 2.714922
-0.084822 -0.485800 2.716539
-0.079729 -0.486089 2.718159
-0.074630 -0.486379 2.719780
-0.069524 -0.486670 2.721404
-0.064424 -0.487047 2.723515
-0.059393 -0.488054 2.729146
-0.054341 -0.489065 2.734799
-0.049267 -0.490080 2.740472
-0.044173 -0.491098 2.746169
-0.039057 -0.492121 2.751889
-0.033920 -0.493149 2.757634
-0.028762 -0.494180 2.763402
-0.023707 -0.497841 2.783870
-0.018605 -0.502328 2.808964
-0.031159 -1.177802 6.586142
-0.018697 -1.177890 6.586631
-0.006233 -1.177977 6.587121
0.006233 -1.178065 6.587612
0.018701 -1.178153 6.588102
0.031170 -1.178240 6.588592
0.043642 -1.178328 6.589082
0.056115 -1.178416 6.589572
0.068590 -1.178503 6.590063
0.081067 -1.178591 6.590553
0.093546 -1.178679 6.591044
0.106027 -1.178766 6.591535
0.118509 -1.178854 6.592025
0.130994 -1.178942 6.592516
0.143480 -1.179030 6.593007
0.155968 -1.179118 6.593498
0.168458 -1.179206 6.593989
0.180950 -1.179293 6.594480
0.193443 -1.179381 6.594971
0.205939 -1.179469 6.595463
0.218436 -1.179557 6.595954
0.230936 -1.179645 6.596446
0.243437 -1.179733 6.596937
0.255940 -1.179821 6.597428
0.268445 -1.179908 6.597920
0.280951 -1.179996 6.598412
0.293460 -1.180084 6.598904
0.305971 -1.180172 6.599395
0.318483 -1.180260 6.599887
0.330997 -1.180348 6.600379
0.343513 -1.180436 6.600871
0.356031 -1.180524 6.601363
0.368551 -1.180612 6.601856
-1.097583 -1.415504 8.000000
-1.082444 -1.415504 8.000000
-1.067305 -1.415504 8.000000
-1.052166 -1.415504 8.000000
-1.037027 -1.415504 8.000000
-1.021888 -1.415504 8.000000
-1.006749 -1.415504 8.000000
-0.991610 -1.415504 8.000000
-0.976471 -1.415504 8.000000
-0.961331 -1.415504 8.000000
-0.946192 -1.415504 8.000000
-0.931053 -1.415504 8.000000
-0.915914 -1.415504 8.000000
-0.900775 -1.415504 8.000000
-0.885636 -1.415504 8.000000
-0.870497 -1.415504 8.000000
-0.855358 -1.415504 8.000000
-0.840219 -1.415504 8.000000
-0.825080 -1.415504 8.000000
-0.809941 -1.415504 8.000000
-0.794802 -1.415504 8.000000
-0.779663 -1.415504 8.000000
-0.764523 -1.415504 8.000000
-0.749384 -1.415504 8.000000
-0.734245 -1.415504 8.000000
-0.719106 -1.415504 8.000000
-0.703967 -1.415504 8.000000
-0.688828 -1.415504 8.000000
-0.673689 -1.415504 8.000000
-0.658550 -1.415504 8.000000
-0.224255 -0.493361 2.788330
-0.216996 -0.488895 2.763087
-0.210984 -0.487086 2.752861
-0.205375 -0.486141 2.747521
-0.199788 -0.485199 2.742198
-0.194222 -0.484260 2.736894
-0.188678 -0.483326 2.731611
-0.183155 -0.482395 2.726348
-0.177654 -0.481467 2.721106
-0.172270 -0.480812 2.717404
-0.167053 -0.480598 2.716197
-0.161841 -0.480385 2.714991
-0.156634 -0.480172 2.713785
-0.151431 -0.479959 2.712581
-0.146233 -0.479746 2.711378
-0.141039 -0.479533 2.710176
-0.135850 -0.479320 2.708974
-0.130666 -0.479108 2.707774
-0.125486 -0.478896 2.706575
-0.120311 -0.478684 2.705377
-0.115226 -0.478827 2.706188
-0.110170 -0.479112 2.707795
-0.105108 -0.479397 2.709405
-0.100041 -0.479682 2.711016
-0.094967 -0.479967 2.712629
-0.089887 -0.480253 2.714244
-0.084801 -0.480539 2.715860
-0.079709 -0.480825 2.717479
-0.074611 -0.481112 2.719100
-0.069507 -0.481399 2.720722
-0.064402 -0.481725 2.722564
-0.059372 -0.482720 2.728190
-0.054322 -0.483720 2.733840
-0.049250 -0.484723 2.739509
-0.044157 -0.485730 2.745202
-0.039043 -0.486742 2.750918
-0.033908 -0.487758 2.756659
-0.028752 -0.488777 2.762423
-0.023680 -0.492012 2.780701
-0.018583 -0.496442 2.805738
-0.031159 -1.165339 6.586142
-0.018697 -1.165425 6.586631
-0.006233 -1.165512 6.587121
0.006233 -1.165599 6.587612
0.018701 -1.165685 6.588102
0.031170 -1.165772 6.588592
0.043642 -1.165859 6.589082
0.056115 -1.165946 6.589572
0.068590 -1.166032 6.590063
0.081067 -1.166119 6.590553
0.093546 -1.166206 6.591044
0.106027 -1.166293 6.591535
0.118509 -1.166380 6.592025
0.130994 -1.166466 6.592516
0.143480 -1.166553 6.593007
0.155968 -1.166640 6.593498
0.168458 -1.166727 6.593989
0.180950 -1.166814 6.594480
0.193443 -1.166901 6.594971
0.205939 -1.166988 6.595463
0.218436 -1.167075 6.595954
0.230936 -1.167162 6.596446
0.243437 -1.167249 6.596937
0.255940 -1.167336 6.597428
0.268445 -1.167423 6.597920
0.280951 -1.167510 6.598412
0.293460 -1.167597 6.598904
0.305971 -1.167684 6.599395
0.318483 -1.167771 6.599887
0.330997 -1.167858 6.600379
0.343513 -1.167945 6.600871
0.356031 -1.168032 6.601363
0.368551 -1.168119 6.601856
-1.097583 -1.400365 8.000000
-1.082444 -1.400365 8.000000
-1.067305 -1.400365 8.000000
-1.052166 -1.400365 8.000000
-1.037027 -1.400365 8.000000
-1.021888 -1.400365 8.000000
-1.006749 -1.400365 8.000000
-0.991610 -1.400365 8.000000
-0.976471 -1.400365 8.000000
-0.961331 -1.400365 8.000000
-0.946192 -1.400365 8.000000
-0.931053 -1.400365 8.000000
-0.915914 -1.400365 8.000000
-0.900775 -1.400365 8.000000
-0.885636 -1.400365 8.000000
-0.870497 -1.400365 8.000000
-0.855358 -1.400365 8.000000
-0.840219 -1.400365 8.000000
-0.825080 -1.400365 8.000000
-0.809941 -1.400365 8.000000
-0.794802 -1.400365 8.000000
-0.779663 -1.400365 8.000000
-0.764523 -1.400365 8.000000
-0.749384 -1.400365 8.000000
-0.734245 -1.400365 8.000000
-0.719106 -1.400365 8.000000
-0.703967 -1.400365 8.000000
-0.688828 -1.400365 8.000000
-0.673689 -1.400365 8.000000
-0.231374 -0.492001 2.810704
-0.223989 -0.487505 2.785015
-0.216741 -0.483096 2.759831
-0.210908 -0.481704 2.751880
-0.205302 -0.480770 2.746544
-0.199717 -0.479839 2.741224
-0.194153 -0.478911 2.735924
-0.188611 -0.477987 2.730645
-0.183090 -0.477067 2.725386
-0.177591 -0.476150 2.720147
-0.172226 -0.475550 2.716723
-0.167011 -0.475339 2.715517
-0.161800 -0.475128 2.714311
-0.156594 -0.474917 2.713106
-0.151393 -0.474707 2.711902
-0.146196 -0.474496 2.710700
-0.141004 -0.474286 2.709498
-0.135816 -0.474076 2.708297
-0.130633 -0.473866 2.707098
-0.125455 -0.473656 2.705900
-0.120281 -0.473446 2.704702
-0.115197 -0.473588 2.705514
-0.110143 -0.473870 2.707121
-0.105082 -0.474151 2.708729
-0.100016 -0.474433 2.710340
-0.094943 -0.474715 2.711952
-0.089864 -0.474998 2.713566
-0.084780 -0.475281 2.715182
-0.079689 -0.475564 2.716800
-0.074592 -0.475847 2.718420
-0.069489 -0.476131 2.720042
-0.064380 -0.476415 2.721665
-0.059351 -0.477391 2.727236
-0.054302 -0.478379 2.732882
-0.049233 -0.479371 2.738547
-0.044142 -0.480366 2.744235
-0.039030 -0.481366 2.749948
-0.033896 -0.482370 2.755684
-0.028741 -0.483379 2.761444
-0.023653 -0.486196 2.777540
-0.018562 -0.490568 2.802518
-0.031159 -1.152875 6.586142
-0.018697 -1.152961 6.586631
-0.006233 -1.153047 6.587121
0.006233 -1.153132 6.587612
0.018701 -1.153218 6.588102
0.031170 -1.153304 6.588592
0.043642 -1.153390 6.589082
0.056115 -1.153476 6.589572
0.068590 -1.153561 6.590063
0.081067 -1.153647 6.590553
0.093546 -1.153733 6.591044
0.106027 -1.153819 6.591535
0.118509 -1.153905 6.592025
0.130994 -1.153991 6.592516
0.143480 -1.154077 6.593007
0.155968 -1.154163 6.593498
0.168458 -1.154249 6.593989
0.180950 -1.154335 6.594480
0.193443 -1.154421 6.594971
0.205939 -1.154507 6.595463
0.218436 -1.154593 6.595954
0.230936 -1.154679 6.596446
0.243437 -1.154765 6.596937
0.255940 -1.154851 6.597428
0.268445 -1.154937 6.597920
0.280951 -1.155023 6.598412
0.293460 -1.155109 6.598904
0.305971 -1.155195 6.599395
0.318483 -1.155281 6.599887
0.330997 -1.155367 6.600379
0.343513 -1.155453 6.600871
0.356031 -1.155540 6.601363
0.368551 -1.155626 6.601856
-1.097583 -1.385226 8.000000
-1.082444 -1.385226 8.000000
-1.067305 -1.385226 8.000000
-1.052166 -1.385226 8.000000
-1.037027 -1.385226 8.000000
-1.021888 -1.385226 8.000000
-1.006749 -1.385226 8.000000
-0.991610 -1.385226 8.000000
-0.976471 -1.385226 8.000000
-0.961331 -1.385226 8.000000
-0.946192 -1.385226 8.000000
-0.931053 -1.385226 8.000000
-0.915914 -1.385226 8.000000
-0.900775 -1.385226 8.000000
-0.885636 -1.385226 8.000000
-0.870497 -1.385226 8.000000
-0.855358 -1.385226 8.000000
-0.840219 -1.385226 8.000000
-0.825080 -1.385226 8.000000
-0.809941 -1.385226 8.000000
-0.794802 -1.385226 8.000000
-0.779663 -1.385226 8.000000
-0.764523 -1.385226 8.000000
-0.749384 -1.385226 8.000000
-0.734245 -1.385226 8.000000
-0.719106 -1.385226 8.000000
-0.703967 -1.385226 8.000000
-0.688828 -1.385226 8.000000
-0.673689 -1.385226 8.000000
-0.231095 -0.486097 2.807325
-0.223723 -0.481662 2.781708
-0.216485 -0.477311 2.756584
-0.210833 -0.476327 2.750900
-0.205229 -0.475404 2.745567
-0.199646 -0.474483 2.740251
-0.194085 -0.473566 2.734955
-0.188545 -0.472653 2.729679
-0.183026 -0.471743 2.724424
-0.177528 -0.470836 2.719188
-0.172183 -0.470292 2.716043
-0.166969 -0.470083 2.714837
-0.161760 -0.469874 2.713631
-0.156555 -0.469665 2.712427
-0.151355 -0.469457 2.711224
-0.146160 -0.469249 2.710022
-0.140969 -0.469041 2.708821
-0.135782 -0.468833 2.707621
-0.130601 -0.468626 2.706422
-0.125423 -0.468418 2.705224
-0.120251 -0.468211 2.704027
-0.115168 -0.468352 2.704841
-0.110115 -0.468630 2.706446
-0.105056 -0.468908 2.708054
-0.099991 -0.469187 2.709664
-0.094919 -0.469466 2.711275
-0.089842 -0.469745 2.712888
-0.084759 -0.470025 2.714504
-0.079669 -0.470305 2.716121
-0.074574 -0.470585 2.717740
-0.069472 -0.470866 2.719361
-0.064364 -0.471147 2.720984
-0.059330 -0.472064 2.726281
-0.054283 -0.473041 2.731924
-0.049215 -0.474022 2.737585
-0.044126 -0.475006 2.743269
-0.039016 -0.475994 2.748978
-0.033884 -0.476987 2.754710
-0.028731 -0.477984 2.760466
-0.023626 -0.480394 2.774389
-0.018541 -0.484709 2.799307
-0.031159 -1.140411 6.586142
-0.018697 -1.140496 6.586631
-0.006233 -1.140581 6.587121
0.006233 -1.140666 6.587612
0.018701 -1.140751 6.588102
0.031170 -1.140836 6.588592
0.043642 -1.140921 6.589082
0.056115 -1.141006 6.589572
0.068590 -1.141091 6.590063
0.081067 -1.141175 6.590553
0.093546 -1.141260 6.591044
0.106027 -1.141345 6.591535
0.118509 -1.141430 6.592025
0.130994 -1.141515 6.592516
0.143480 -1.141600 6.593007
0.155968 -1.141685 6.593498
0.168458 -1.141770 6.593989
0.180950 -1.141855 6.594480
0.193443 -1.141940 6.594971
0.205939 -1.142026 6.595463
0.218436 -1.142111 6.595954
0.230936 -1.142196 6.596446
0.243437 -1.142281 6.596937
0.255940 -1.142366 6.597428
0.268445 -1.142451 6.597920
0.280951 -1.142536 6.598412
0.293460 -1.142621 6.598904
0.305971 -1.142707 6.599395
0.318483 -1.142792 6.599887
0.330997 -1.142877 6.600379
0.343513 -1.142962 6.600871
0.356031 -1.143047 6.601363
0.368551 -1.143132 6.601856
-1.097583 -1.370087 8.000000
-1.082444 -1.370087 8.000000
-1.067305 -1.370087 8.000000
-1.052166 -1.370087 8.000000
-1.037027 -1.370087 8.000000
-1.021888 -1.370087 8.000000
-1.006749 -1.370087 8.000000
-0.991610 -1.370087 8.000000
-0.976471 -1.370087 8.000000
-0.961331 -1.370087 8.000000
-0.946192 -1.370087 8.000000
-0.931053 -1.370087 8.000000
-0.915914 -1.370087 8.000000
-0.900775 -1.370087 8.000000
-0.885636 -1.370087 8.000000
-0.870497 -1.370087 8.000000
-0.855358 -1.370087 8.000000
-0.840219 -1.370087 8.000000
-0.825080 -1.370087 8.000000
-0.809941 -1.370087 8.000000
-0.794802 -1.370087 8.000000
-0.779663 -1.370087 8.000000
-0.764523 -1.370087 8.000000
-0.749384 -1.370087 8.000000
-0.734245 -1.370087 8.000000
-0.719106 -1.370087 8.000000
-0.703967 -1.370087 8.000000
-0.688828 -1.370087 8.000000
-0.673689 -1.370087 8.000000
-0.230818 -0.480208 2.803955
-0.223457 -0.475833 2.778409
-0.216382 -0.471870 2.755269
-0.210758 -0.470954 2.749921
-0.205156 -0.470041 2.744591
-0.199575 -0.469131 2.739278
-0.194016 -0.468225 2.733986
-0.188478 -0.467322 2.728714
-0.182961 -0.466422 2.723462
-0.177466 -0.465526 2.718231
-0.172140 -0.465035 2.715362
-0.166927 -0.464829 2.714157
-0.161719 -0.464622 2.712952
-0.156516 -0.464416 2.711749
-0.151317 -0.464210 2.710546
-0.146123 -0.464005 2.709345
-0.140933 -0.463799 2.708144
-0.135748 -0.463594 2.706945
-0.130568 -0.463388 2.705747
-0.125392 -0.463183 2.704549
-0.120221 -0.462978 2.703353
-0.115140 -0.463118 2.704168
-0.110088 -0.463393 2.705773
-0.105030 -0.463668 2.707380
-0.099966 -0.463944 2.708988
-0.094896 -0.464219 2.710599
-0.089820 -0.464496 2.712211
-0.084737 -0.464772 2.713826
-0.079649 -0.465049 2.715442
-0.074555 -0.465326 2.717060
-0.069455 -0.465603 2.718681
-0.064348 -0.465881 2.720303
-0.059310 -0.466742 2.725328
-0.054264 -0.467708 2.730966
-0.049198 -0.468676 2.736624
-0.044111 -0.469649 2.742304
-0.039002 -0.470626 2.748009
-0.033872 -0.471607 2.753737
-0.028721 -0.472592 2.759489
-0.023599 -0.474606 2.771245
-0.018520 -0.478863 2.796102
-0.031159 -1.127948 6.586142
-0.018697 -1.128032 6.586631
-0.006233 -1.128116 6.587121
0.006233 -1.128200 6.587612
0.018701 -1.128284 6.588102
0.031170 -1.128368 6.588592
0.043642 -1.128452 6.589082
0.056115 -1.128536 6.589572
0.068590 -1.128620 6.590063
0.081067 -1.128704 6.590553
0.093546 -1.128788 6.591044
0.106027 -1.128872 6.591535
0.118509 -1.128956 6.592025
0.130994 -1.129040 6.592516
0.143480 -1.129124 6.593007
0.155968 -1.129208 6.593498
0.168458 -1.129292 6.593989
0.180950 -1.129376 6.594480
0.193443 -1.129460 6.594971
0.205939 -1.129544 6.595463
0.218436 -1.129629 6.595954
0.230936 -1.129713 6.596446
0.243437 -1.129797 6.596937
0.255940 -1.129881 6.597428
0.268445 -1.129965 6.597920
0.280951 -1.130049 6.598412
0.293460 -1.130134 6.598904
0.305971 -1.130218 6.599395
0.318483 -1.130302 6.599887
0.330997 -1.130386 6.600379
0.343513 -1.130471 6.600871
0.356031 -1.130555 6.601363
0.368551 -1.130639 6.601856
-1.097583 -1.354947 8.000000
-1.082444 -1.354947 8.000000
-1.067305 -1.354947 8.000000
-1.052166 -1.354947 8.000000
-1.037027 -1.354947 8.000000
-1.021888 -1.354947 8.000000
-1.006749 -1.354947 8.000000
-0.991610 -1.354947 8.000000
-0.976471 -1.354947 8.000000
-0.961331 -1.354947 8.000000
-0.946192 -1.354947 8.000000
-0.931053 -1.354947 8.000000
-0.915914 -1.354947 8.000000
-0.900775 -1.354947 8.000000
-0.885636 -1.354947 8.000000
-0.870497 -1.354947 8.000000
-0.855358 -1.354947 8.000000
-0.840219 -1.354947 8.000000
-0.825080 -1.354947 8.000000
-0.809941 -1.354947 8.000000
-0.794802 -1.354947 8.000000
-0.779663 -1.354947 8.000000
-0.764523 -1.354947 8.000000
-0.749384 -1.354947 8.000000
-0.734245 -1.354947 8.000000
-0.719106 -1.354947 8.000000
-0.703967 -1.354947 8.000000
-0.688828 -1.354947 8.000000
-0.673689 -1.354947 8.000000
-0.230541 -0.474332 2.800592
-0.223193 -0.470017 2.775117
-0.216305 -0.466489 2.754287
-0.210683 -0.465584 2.748942
-0.205083 -0.464682 2.743616
-0.199504 -0.463783 2.738307
-0.193947 -0.462887 2.733018
-0.188411 -0.461995 2.727750
-0.182897 -0.461106 2.722502
-0.177403 -0.460220 2.717274
-0.172097 -0.459781 2.714682
-0.166886 -0.459577 2.713477
-0.161679 -0.459374 2.712273
-0.156477 -0.459170 2.711070
-0.151279 -0.458966 2.709868
-0.146086 -0.458763 2.708668
-0.140898 -0.458560 2.707468
-0.135715 -0.458357 2.706269
-0.130535 -0.458154 2.705071
-0.125361 -0.457951 2.703875
-0.120191 -0.457749 2.702679
-0.115111 -0.457887 2.703495
-0.110060 -0.458158 2.705099
-0.105004 -0.458430 2.706705
-0.099941 -0.458703 2.708313
-0.094872 -0.458975 2.709923
-0.089797 -0.459248 2.711535
-0.084716 -0.459522 2.713148
-0.079629 -0.459795 2.714764
-0.074536 -0.460069 2.716381
-0.069437 -0.460344 2.718001
-0.064332 -0.460618 2.719622
-0.059289 -0.461423 2.724375
-0.054245 -0.462377 2.730010
-0.049181 -0.463335 2.735663
-0.044095 -0.464296 2.741340
-0.038988 -0.465262 2.747041
-0.033860 -0.466231 2.752764
-0.028711 -0.467205 2.758512
-0.023572 -0.468830 2.768107
-0.018498 -0.473030 2.792905
-0.013333 -0.477308 2.818163
-0.018697 -1.115567 6.586631
-0.006233 -1.115651 6.587121
0.006233 -1.115734 6.587612
0.018701 -1.115816 6.588102
0.031170 -1.115900 6.588592
0.043642 -1.115983 6.589082
0.056115 -1.116066 6.589572
0.068590 -1.116149 6.590063
0.081067 -1.116232 6.590553
0.093546 -1.116315 6.591044
0.106027 -1.116398 6.591535
0.118509 -1.116481 6.592025
0.130994 -1.116564 6.592516
0.143480 -1.116647 6.593007
0.155968 -1.116730 6.593498
0.168458 -1.116814 6.593989
0.180950 -1.116897 6.594480
0.193443 -1.116980 6.594971
0.205939 -1.117063 6.595463
0.218436 -1.117146 6.595954
0.230936 -1.117230 6.596446
0.243437 -1.117313 6.596937
0.255940 -1.117396 6.597428
0.268445 -1.117479 6.597920
0.280951 -1.117563 6.598412
0.293460 -1.117646 6.598904
0.305971 -1.117729 6.599395
0.318483 -1.117813 6.599887
0.330997 -1.117896 6.600379
0.343513 -1.117979 6.600871
0.356031 -1.118063 6.601363
0.368551 -1.118146 6.601856
-1.097583 -1.339808 8.000000
-1.082444 -1.339808 8.000000
-1.067305 -1.339808 8.000000
-1.052166 -1.339808 8.000000
-1.037027 -1.339808 8.000000
-1.021888 -1.339808 8.000000
-1.006749 -1.339808 8.000000
-0.991610 -1.339808 8.000000
-0.976471 -1.339808 8.000000
-0.961331 -1.339808 8.000000
-0.946192 -1.339808 8.000000
-0.931053 -1.339808 8.000000
-0.915914 -1.339808 8.000000
-0.900775 -1.339808 8.000000
-0.885636 -1.339808 8.000000
-0.870497 -1.339808 8.000000
-0.855358 -1.339808 8.000000
-0.840219 -1.339808 8.000000
-0.825080 -1.339808 8.000000
-0.809941 -1.339808 8.000000
-0.794802 -1.339808 8.000000
-0.779663 -1.339808 8.000000
-0.764523 -1.339808 8.000000
-0.749384 -1.339808 8.000000
-0.734245 -1.339808 8.000000
-0.719106 -1.339808 8.000000
-0.703967 -1.339808 8.000000
-0.688828 -1.339808 8.000000
-0.673689 -1.339808 8.000000
-0.230265 -0.468470 2.797238
-0.222928 -0.464216 2.771833
-0.216228 -0.461113 2.753305
-0.210608 -0.460218 2.747964
-0.205010 -0.459327 2.742641
-0.199434 -0.458438 2.737335
-0.193878 -0.457553 2.732051
-0.188345 -0.456671 2.726786
-0.182832 -0.455793 2.721542
-0.177341 -0.454918 2.716318
-0.172054 -0.454530 2.714003
-0.166844 -0.454329 2.712798
-0.161638 -0.454127 2.711595
-0.156438 -0.453926 2.710392
-0.151242 -0.453725 2.709191
-0.146050 -0.453524 2.707991
-0.140863 -0.453323 2.706792
-0.135681 -0.453122 2.705594
-0.130503 -0.452922 2.704396
-0.125330 -0.452721 2.703201
-0.120161 -0.452521 2.702005
-0.115083 -0.452658 2.702823
-0.110033 -0.452927 2.704426
-0.104977 -0.453195 2.706031
-0.099916 -0.453465 2.707639
-0.094848 -0.453734 2.709248
-0.089775 -0.454004 2.710858
-0.084695 -0.454274 2.712471
-0.079609 -0.454544 2.714086
-0.074518 -0.454815 2.715703
-0.069420 -0.455086 2.717321
-0.064316 -0.455358 2.718941
-0.059268 -0.456108 2.723423
-0.054226 -0.457051 2.729054
-0.049164 -0.457997 2.734704
-0.044080 -0.458947 2.740376
-0.038975 -0.459901 2.746073
-0.033848 -0.460859 2.751793
-0.028701 -0.461821 2.757537
-0.023546 -0.463067 2.764977
-0.018477 -0.467211 2.789715
-0.013317 -0.471431 2.814915
-0.018697 -1.103103 6.586631
-0.006233 -1.103185 6.587121
0.006233 -1.103267 6.587612
0.018701 -1.103349 6.588102
0.031170 -1.103431 6.588592
0.043642 -1.103513 6.589082
0.056115 -1.103596 6.589572
0.068590 -1.103678 6.590063
0.081067 -1.103760 6.590553
0.093546 -1.103842 6.591044
0.106027 -1.103924 6.591535
0.118509 -1.104006 6.592025
0.130994 -1.104089 6.592516
0.143480 -1.104171 6.593007
0.155968 -1.104253 6.593498
0.168458 -1.104335 6.593989
0.180950 -1.104417 6.594480
0.193443 -1.104500 6.594971
0.205939 -1.104582 6.595463
0.218436 -1.104664 6.595954
0.230936 -1.104747 6.596446
0.243437 -1.104829 6.596937
0.255940 -1.104911 6.597428
0.268445 -1.104994 6.597920
0.280951 -1.105076 6.598412
0.293460 -1.105158 6.598904
0.305971 -1.105241 6.599395
0.318483 -1.105323 6.599887
0.330997 -1.105405 6.600379
0.343513 -1.105488 6.600871
0.356031 -1.105570 6.601363
0.368551 -1.105653 6.601856
-1.097583 -1.324669 8.000000
-1.082444 -1.324669 8.000000
-1.067305 -1.324669 8.000000
-1.052166 -1.324669 8.000000
-1.037027 -1.324669 8.000000
-1.021888 -1.324669 8.000000
-1.006749 -1.324669 8.000000
-0.991610 -1.324669 8.000000
-0.976471 -1.324669 8.000000
-0.961331 -1.324669 8.000000
-0.946192 -1.324669 8.000000
-0.931053 -1.324669 8.000000
-0.915914 -1.324669 8.000000
-0.900775 -1.324669 8.000000
-0.885636 -1.324669 8.000000
-0.870497 -1.324669 8.000000
-0.855358 -1.324669 8.000000
-0.840219 -1.324669 8.000000
-0.825080 -1.324669 8.000000
-0.809941 -1.324669 8.000000
-0.794802 -1.324669 8.000000
-0.779663 -1.324669 8.000000
-0.764523 -1.324669 8.000000
-0.749384 -1.324669 8.000000
-0.734245 -1.324669 8.000000
-0.719106 -1.324669 8.000000
-0.703967 -1.324669 8.000000
-0.688828 -1.324669 8.000000
-0.673689 -1.324669 8.000000
-0.229990 -0.462624 2.793901
-0.222665 -0.458428 2.768557
-0.216151 -0.455740 2.752324
-0.210533 -0.454856 2.746987
-0.204937 -0.453975 2.741667
-0.199363 -0.453097 2.736365
-0.193810 -0.452223 2.731084
-0.188278 -0.451352 2.725823
-0.182768 -0.450484 2.720583
-0.177279 -0.449620 2.715362
-0.172011 -0.449282 2.713323
-0.166802 -0.449083 2.712119
-0.161598 -0.448884 2.710917
-0.156399 -0.448685 2.709715
-0.151204 -0.448486 2.708514
-0.146013 -0.448287 2.707314
-0.140828 -0.448089 2.706116
-0.135647 -0.447890 2.704918
-0.130470 -0.447692 2.703722
-0.125298 -0.447494 2.702527
-0.120131 -0.447296 2.701332
-0.115054 -0.447432 2.702151
-0.110006 -0.447697 2.703753
-0.104951 -0.447963 2.705358
-0.099891 -0.448229 2.706964
-0.094825 -0.448495 2.708572
-0.089752 -0.448762 2.710182
-0.084674 -0.449029 2.711794
-0.079590 -0.449296 2.713408
-0.074499 -0.449564 2.715024
-0.069403 -0.449831 2.716642
-0.064300 -0.450100 2.718261
-0.059248 -0.450797 2.722472
-0.054207 -0.451729 2.728098
-0.049146 -0.452663 2.733744
-0.044064 -0.453602 2.739413
-0.038961 -0.454545 2.745106
-0.033836 -0.455491 2.750822
-0.028691 -0.456442 2.756562
-0.023523 -0.457396 2.762325
-0.018456 -0.461404 2.786533
-0.013302 -0.465567 2.811675
-0.018697 -1.090639 6.586631
-0.006233 -1.090720 6.587121
0.006233 -1.090801 6.587611
0.018701 -1.090882 6.588101
0.031170 -1.090963 6.588592
0.043642 -1.091044 6.589082
0.056115 -1.091125 6.589572
0.068590 -1.091207 6.590063
0.081067 -1.091288 6.590553
0.093546 -1.091369 6.591043
0.106027 -1.091450 6.591534
0.118509 -1.091532 6.592025
0.130994 -1.091613 6.592516
0.143480 -1.091694 6.593007
0.155968 -1.091776 6.593498
0.168458 -1.091857 6.593989
0.180950 -1.091938 6.594480
0.193443 -1.092019 6.594971
0.205939 -1.092101 6.595462
0.218436 -1.092182 6.595953
0.230936 -1.092264 6.596445
0.243437 -1.092345 6.596936
0.255940 -1.092426 6.597428
0.268445 -1.092508 6.597919
0.280951 -1.092589 6.598411
0.293460 -1.092671 6.598903
0.305971 -1.092752 6.599395
0.318483 -1.092834 6.599887
0.330997 -1.092915 6.600379
0.343513 -1.092996 6.600871
0.356031 -1.093078 6.601363
0.368551 -1.093159 6.601855
-1.097583 -1.309530 8.000000
-1.082444 -1.309530 8.000000
-1.067305 -1.309530 8.000000
-1.052166 -1.309530 8.000000
-1.037027 -1.309530 8.000000
-1.021888 -1.309530 8.000000
-1.006749 -1.309530 8.000000
-0.991610 -1.309530 8.000000
-0.976471 -1.309530 8.000000
-0.961331 -1.309530 8.000000
-0.946192 -1.309530 8.000000
-0.931053 -1.309530 8.000000
-0.915914 -1.309530 8.000000
-0.900775 -1.309530 8.000000
-0.885636 -1.309530 8.000000
-0.870497 -1.309530 8.000000
-0.855358 -1.309530 8.000000
-0.840219 -1.309530 8.000000
-0.825080 -1.309530 8.000000
-0.809941 -1.309530 8.000000
-0.794802 -1.309530 8.000000
-0.779663 -1.309530 8.000000
-0.764523 -1.309530 8.000000
-0.749384 -1.309530 8.000000
-0.734245 -1.309530 8.000000
-0.719106 -1.309530 8.000000
-0.703967 -1.309530 8.000000
-0.688828 -1.309530 8.000000
-0.673689 -1.309530 8.000000
-0.229716 -0.456792 2.790573
-0.222402 -0.452654 2.765289
-0.216074 -0.450371 2.751344
-0.210459 -0.449498 2.746010
-0.204865 -0.448628 2.740693
-0.199292 -0.447760 2.735395
-0.193741 -0.446897 2.730118
-0.188212 -0.446036 2.724861
-0.182703 -0.445179 2.719624
-0.177216 -0.444325 2.714407
-0.171968 -0.444036 2.712644
-0.166760 -0.443839 2.711441
-0.161558 -0.443642 2.710239
-0.156360 -0.443446 2.709038
-0.151166 -0.443249 2.707838
-0.145977 -0.443053 2.706639
-0.140793 -0.442857 2.705441
-0.135613 -0.442661 2.704244
-0.130438 -0.442465 2.703048
-0.125267 -0.442270 2.701853
-0.120101 -0.442074 2.700659
-0.115025 -0.442209 2.701479
-0.109978 -0.442471 2.703081
-0.104925 -0.442733 2.704684
-0.099866 -0.442996 2.706290
-0.094801 -0.443259 2.707897
-0.089730 -0.443523 2.709507
-0.084653 -0.443786 2.711118
-0.079570 -0.444050 2.712731
-0.074481 -0.444315 2.714346
-0.069385 -0.444579 2.715963
-0.064284 -0.444844 2.717582
-0.059227 -0.445489 2.721521
-0.054188 -0.446410 2.727144
-0.049129 -0.447333 2.732786
-0.044049 -0.448261 2.738451
-0.038947 -0.449192 2.744139
-0.033825 -0.450127 2.749851
-0.028680 -0.451066 2.755587
-0.023515 -0.452008 2.761347
-0.018435 -0.455611 2.783358
-0.013287 -0.459717 2.808442
-0.018697 -1.078174 6.586631
-0.006233 -1.078254 6.587121
0.006233 -1.078335 6.587611
0.018701 -1.078415 6.588101
0.031170 -1.078495 6.588592
0.043642 -1.078575 6.589082
0.056115 -1.078655 6.589572
0.068590 -1.078736 6.590063
0.081067 -1.078816 6.590553
0.093546 -1.078896 6.591043
0.106027 -1.078977 6.591534
0.118509 -1.079057 6.592025
0.130994 -1.079137 6.592516
0.143480 -1.079218 6.593007
0.155968 -1.079298 6.593498
0.168458 -1.079378 6.593989
0.180950 -1.079459 6.594480
0.193443 -1.079539 6.594971
0.205939 -1.079620 6.595462
0.218436 -1.079700 6.595953
0.230936 -1.079781 6.596445
0.243437 -1.079861 6.596936
0.255940 -1.079941 6.597428
0.268445 -1.080022 6.597919
0.280951 -1.080102 6.598411
0.293460 -1.080183 6.598903
0.305971 -1.080263 6.599395
0.318483 -1.080344 6.599887
0.330997 -1.080424 6.600379
0.343513 -1.080505 6.600871
0.356031 -1.080585 6.601363
0.368551 -1.080666 6.601855
-1.097583 -1.294391 8.000000
-1.082444 -1.294391 8.000000
-1.067305 -1.294391 8.000000
-1.052166 -1.294391 8.000000
-1.037027 -1.294391 8.000000
-1.021888 -1.294391 8.000000
-1.006749 -1.294391 8.000000
-0.991610 -1.294391 8.000000
-0.976471 -1.294391 8.000000
-0.961331 -1.294391 8.000000
-0.946192 -1.294391 8.000000
-0.931053 -1.294391 8.000000
-0.915914 -1.294391 8.000000
-0.900775 -1.294391 8.000000
-0.885636 -1.294391 8.000000
-0.870497 -1.294391 8.000000
-0.855358 -1.294391 8.000000
-0.840219 -1.294391 8.000000
-0.825080 -1.294391 8.000000
-0.809941 -1.294391 8.000000
-0.794802 -1.294391 8.000000
-0.779663 -1.294391 8.000000
-0.764523 -1.294391 8.000000
-0.749384 -1.294391 8.000000
-0.734245 -1.294391 8.000000
-0.719106 -1.294391 8.000000
-0.703967 -1.294391 8.000000
-0.688828 -1.294391 8.000000
-0.673689 -1.294391 8.000000
-0.229443 -0.450974 2.787252
-0.222140 -0.446893 2.762028
-0.215997 -0.445006 2.750365
-0.210384 -0.444144 2.745035
-0.204792 -0.443284 2.739720
-0.199222 -0.442427 2.734426
-0.193673 -0.441574 2.729153
-0.188145 -0.440724 2.723899
-0.182639 -0.439877 2.718666
-0.177154 -0.439034 2.713453
-0.171925 -0.438793 2.711966
-0.166719 -0.438598 2.710763
-0.161517 -0.438404 2.709562
-0.156320 -0.438210 2.708361
-0.151128 -0.438016 2.707161
-0.145941 -0.437822 2.705963
-0.140758 -0.437628 2.704765
-0.135579 -0.437434 2.703569
-0.130405 -0.437241 2.702374
-0.125236 -0.437048 2.701180
-0.120071 -0.436855 2.699986
-0.114997 -0.436988 2.700808
-0.109951 -0.437247 2.702409
-0.104899 -0.437506 2.704011
-0.099841 -0.437766 2.705616
-0.094777 -0.438026 2.707222
-0.089708 -0.438286 2.708831
-0.084632 -0.438546 2.710441
-0.079550 -0.438807 2.712054
-0.074462 -0.439069 2.713668
-0.069368 -0.439330 2.715284
-0.064268 -0.439592 2.716902
-0.059206 -0.440185 2.720571
-0.054169 -0.441094 2.726190
-0.049112 -0.442007 2.731828
-0.044033 -0.442923 2.737489
-0.038934 -0.443842 2.743173
-0.033813 -0.444766 2.748881
-0.028670 -0.445693 2.754613
-0.023507 -0.446625 2.760369
-0.018414 -0.449832 2.780190
-0.013271 -0.453881 2.805217
-0.018697 -1.065710 6.586631
-0.006233 -1.065789 6.587121
0.006233 -1.065868 6.587611
0.018701 -1.065948 6.588101
0.031170 -1.066027 6.588592
0.043642 -1.066106 6.589082
0.056115 -1.066185 6.589572
0.068590 -1.066265 6.590063
0.081067 -1.066344 6.590553
0.093546 -1.066424 6.591043
0.106027 -1.066503 6.591534
0.118509 -1.066582 6.592025
0.130994 -1.066662 6.592516
0.143480 -1.066741 6.593007
0.155968 -1.066821 6.593498
0.168458 -1.066900 6.593989
0.180950 -1.066980 6.594480
0.193443 -1.067059 6.594971
0.205939 -1.067139 6.595462
0.218436 -1.067218 6.595953
0.230936 -1.067298 6.596445
0.243437 -1.067377 6.596936
0.255940 -1.067457 6.597428
0.268445 -1.067536 6.597919
0.280951 -1.067616 6.598411
0.293460 -1.067695 6.598903
0.305971 -1.067775 6.599395
0.318483 -1.067854 6.599887
0.330997 -1.067934 6.600379
0.343513 -1.068014 6.600871
0.356031 -1.068093 6.601363
0.368551 -1.068173 6.601855
-1.097583 -1.279252 8.000000
-1.082444 -1.279252 8.000000
-1.067305 -1.279252 8.000000
-1.052166 -1.279252 8.000000
-1.037027 -1.279252 8.000000
-1.021888 -1.279252 8.000000
-1.006749 -1.279252 8.000000
-0.991610 -1.279252 8.000000
-0.976471 -1.279252 8.000000
-0.961331 -1.279252 8.000000
-0.946192 -1.279252 8.000000
-0.931053 -1.279252 8.000000
-0.915914 -1.279252 8.000000
-0.900775 -1.279252 8.000000
-0.885636 -1.279252 8.000000
-0.870497 -1.279252 8.000000
-0.855358 -1.279252 8.000000
-0.840219 -1.279252 8.000000
-0.825080 -1.279252 8.000000
-0.809941 -1.279252 8.000000
-0.794802 -1.279252 8.000000
-0.779663 -1.279252 8.000000
-0.764523 -1.279252 8.000000
-0.749384 -1.279252 8.000000
-0.734245 -1.279252 8.000000
-0.719106 -1.279252 8.000000
-0.703967 -1.279252 8.000000
-0.688828 -1.279252 8.000000
-0.236600 -0.449274 2.809603
-0.229170 -0.445170 2.783940
-0.221878 -0.441146 2.758776
-0.215920 -0.439645 2.749385
-0.210309 -0.438793 2.744059
-0.204719 -0.437944 2.738748
-0.199151 -0.437098 2.733458
-0.193604 -0.436255 2.728188
-0.188079 -0.435416 2.722939
-0.182575 -0.434579 2.717709
-0.177092 -0.433746 2.712500
-0.171882 -0.433553 2.711287
-0.166677 -0.433360 2.710085
-0.161477 -0.433168 2.708884
-0.156281 -0.432976 2.707685
-0.151091 -0.432785 2.706486
-0.145904 -0.432593 2.705287
-0.140722 -0.432402 2.704091
-0.135545 -0.432211 2.702895
-0.130373 -0.432019 2.701700
-0.125205 -0.431829 2.700507
-0.120041 -0.431638 2.699314
-0.114968 -0.431769 2.700136
-0.109924 -0.432025 2.701737
-0.104873 -0.432281 2.703339
-0.099816 -0.432538 2.704943
-0.094754 -0.432795 2.706548
-0.089685 -0.433052 2.708156
-0.084611 -0.433309 2.709766
-0.079530 -0.433567 2.711377
-0.074443 -0.433825 2.712991
-0.069351 -0.434083 2.714606
-0.064252 -0.434342 2.716223
-0.059186 -0.434885 2.719622
-0.054151 -0.435783 2.725236
-0.049095 -0.436684 2.730871
-0.044018 -0.437589 2.736528
-0.038920 -0.438497 2.742208
-0.033801 -0.439409 2.747912
-0.028660 -0.440325 2.753640
-0.023498 -0.441245 2.759392
-0.018393 -0.444065 2.777029
-0.013256 -0.448058 2.801998
-0.018697 -1.053245 6.586631
-0.006233 -1.053324 6.587121
0.006233 -1.053402 6.587611
0.018701 -1.053480 6.588101
0.031170 -1.053559 6.588592
0.043642 -1.053637 6.589082
0.056115 -1.053715 6.589572
0.068590 -1.053794 6.590063
0.081067 -1.053872 6.590553
0.093546 -1.053951 6.591043
0.106027 -1.054029 6.591534
0.118509 -1.054108 6.592025
0.130994 -1.054186 6.592516
0.143480 -1.054265 6.593007
0.155968 -1.054343 6.593498
0.168458 -1.054422 6.593989
0.180950 -1.054500 6.594480
0.193443 -1.054579 6.594971
0.205939 -1.054657 6.595462
0.218436 -1.054736 6.595953
0.230936 -1.054815 6.596445
0.243437 -1.054893 6.596936
0.255940 -1.054972 6.597428
0.268445 -1.055050 6.597919
0.280951 -1.055129 6.598411
0.293460 -1.055208 6.598903
0.305971 -1.055286 6.599395
0.318483 -1.055365 6.599887
0.330997 -1.055444 6.600379
0.343513 -1.055522 6.600871
0.356031 -1.055601 6.601363
0.368551 -1.055680 6.601855
-1.097583 -1.264113 8.000000
-1.082444 -1.264113 8.000000
-1.067305 -1.264113 8.000000
-1.052166 -1.264113 8.000000
-1.037027 -1.264113 8.000000
-1.021888 -1.264113 8.000000
-1.006749 -1.264113 8.000000
-0.991610 -1.264113 8.000000
-0.976471 -1.264113 8.000000
-0.961331 -1.264113 8.000000
-0.946192 -1.264113 8.000000
-0.931053 -1.264113 8.000000
-0.915914 -1.264113 8.000000
-0.900775 -1.264113 8.000000
-0.885636 -1.264113 8.000000
-0.870497 -1.264113 8.000000
-0.855358 -1.264113 8.000000
-0.840219 -1.264113 8.000000
-0.825080 -1.264113 8.000000
-0.809941 -1.264113 8.000000
-0.794802 -1.264113 8.000000
-0.779663 -1.264113 8.000000
-0.764523 -1.264113 8.000000
-0.749384 -1.264113 8.000000
-0.734245 -1.264113 8.000000
-0.719106 -1.264113 8.000000
-0.703967 -1.264113 8.000000
-0.688828 -1.264113 8.000000
-0.236316 -0.443423 2.806227
-0.228898 -0.439380 2.780635
-0.221617 -0.435413 2.755530
-0.215843 -0.434287 2.748407
-0.210234 -0.433446 2.743084
-0.204647 -0.432607 2.737777
-0.199081 -0.431772 2.732491
-0.193536 -0.430940 2.727224
-0.188013 -0.430111 2.721978
-0.182511 -0.429285 2.716753
-0.177047 -0.428505 2.711812
-0.171839 -0.428315 2.710609
-0.166635 -0.428125 2.709408
-0.161437 -0.427935 2.708208
-0.156242 -0.427746 2.707008
-0.151053 -0.427556 2.705810
-0.145868 -0.427367 2.704613
-0.140687 -0.427178 2.703416
-0.135512 -0.426989 2.702221
-0.130340 -0.426800 2.701027
-0.125174 -0.426612 2.699834
-0.120011 -0.426424 2.698642
-0.114940 -0.426554 2.699466
-0.109896 -0.426806 2.701065
-0.104847 -0.427060 2.702667
-0.099792 -0.427313 2.704269
-0.094730 -0.427566 2.705874
-0.089663 -0.427820 2.707481
-0.084590 -0.428075 2.709090
-0.079510 -0.428329 2.710701
-0.074425 -0.428584 2.712313
-0.069333 -0.428839 2.713928
-0.064236 -0.429094 2.715544
-0.059165 -0.429589 2.718673
-0.054132 -0.430475 2.724283
-0.049077 -0.431365 2.729915
-0.044002 -0.432258 2.735568
-0.038906 -0.433155 2.741244
-0.033789 -0.434056 2.746944
-0.028650 -0.434960 2.752668
-0.023490 -0.435869 2.758415
-0.018372 -0.438312 2.773876
-0.013241 -0.442248 2.798788
-0.018697 -1.040781 6.586631
-0.006233 -1.040858 6.587121
0.006233 -1.040936 6.587611
0.018701 -1.041013 6.588101
0.031170 -1.041091 6.588592
0.043642 -1.041168 6.589082
0.056115 -1.041245 6.589572
0.068590 -1.041323 6.590063
0.081067 -1.041400 6.590553
0.093546 -1.041478 6.591043
0.106027 -1.041556 6.591534
0.118509 -1.041633 6.592025
0.130994 -1.041711 6.592516
0.143480 -1.041788 6.593007
0.155968 -1.041866 6.593498
0.168458 -1.041943 6.593989
0.180950 -1.042021 6.594480
0.193443 -1.042099 6.594971
0.205939 -1.042176 6.595462
0.218436 -1.042254 6.595953
0.230936 -1.042332 6.596445
0.243437 -1.042409 6.596936
0.255940 -1.042487 6.597428
0.268445 -1.042565 6.597919
0.280951 -1.042642 6.598411
0.293460 -1.042720 6.598903
0.305971 -1.042798 6.599395
0.318483 -1.042875 6.599887
0.330997 -1.042953 6.600379
0.343513 -1.043031 6.600871
0.356031 -1.043109 6.601363
0.368551 -1.043186 6.601855
-1.097583 -1.248974 8.000000
-1.082444 -1.248974 8.000000
-1.067305 -1.248974 8.000000
-1.052166 -1.248974 8.000000
-1.037027 -1.248974 8.000000
-1.021888 -1.248974 8.000000
-1.006749 -1.248974 8.000000
-0.991610 -1.248974 8.000000
-0.976471 -1.248974 8.000000
-0.961331 -1.248974 8.000000
-0.946192 -1.248974 8.000000
-0.931053 -1.248974 8.000000
-0.915914 -1.248974 8.000000
-0.900775 -1.248974 8.000000
-0.885636 -1.248974 8.000000
-0.870497 -1.248974 8.000000
-0.855358 -1.248974 8.000000
-0.840219 -1.248974 8.000000
-0.825080 -1.248974 8.000000
-0.809941 -1.248974 8.000000
-0.794802 -1.248974 8.000000
-0.779663 -1.248974 8.000000
-0.764523 -1.248974 8.000000
-0.749384 -1.248974 8.000000
-0.734245 -1.248974 8.000000
-0.719106 -1.248974 8.000000
-0.703967 -1.248974 8.000000
-0.688828 -1.248974 8.000000
-0.236032 -0.437587 2.802859
-0.228627 -0.433603 2.777338
-0.221395 -0.429767 2.752769
-0.215767 -0.428934 2.747430
-0.210160 -0.428103 2.742110
-0.204574 -0.427275 2.736806
-0.199010 -0.426450 2.731523
-0.193468 -0.425629 2.726261
-0.187946 -0.424810 2.721019
-0.182446 -0.423995 2.715797
-0.177003 -0.423267 2.711133
-0.171796 -0.423079 2.709932
-0.166594 -0.422892 2.708731
-0.161396 -0.422704 2.707531
-0.156203 -0.422517 2.706332
-0.151015 -0.422330 2.705135
-0.145831 -0.422143 2.703938
-0.140652 -0.421957 2.702742
-0.135478 -0.421770 2.701548
-0.130308 -0.421584 2.700354
-0.125142 -0.421398 2.699162
-0.119982 -0.421212 2.697970
-0.114911 -0.421341 2.698795
-0.109869 -0.421590 2.700394
-0.104821 -0.421840 2.701994
-0.099767 -0.422090 2.703597
-0.094707 -0.422341 2.705201
-0.089641 -0.422591 2.706807
-0.084568 -0.422842 2.708415
-0.079490 -0.423094 2.710025
-0.074406 -0.423345 2.711637
-0.069316 -0.423597 2.713250
-0.064220 -0.423850 2.714866
-0.059144 -0.424296 2.717725
-0.054113 -0.425171 2.723332
-0.049060 -0.426050 2.728959
-0.043987 -0.426932 2.734608
-0.038892 -0.427817 2.740280
-0.033777 -0.428707 2.745976
-0.028640 -0.429600 2.751696
-0.023482 -0.430496 2.757439
-0.018352 -0.432572 2.770733
-0.013226 -0.436452 2.795585
-0.018697 -1.028316 6.586631
-0.006233 -1.028393 6.587121
0.006233 -1.028469 6.587611
0.018701 -1.028546 6.588101
0.031170 -1.028622 6.588592
0.043642 -1.028699 6.589082
0.056115 -1.028775 6.589572
0.068590 -1.028852 6.590063
0.081067 -1.028929 6.590553
0.093546 -1.029005 6.591043
0.106027 -1.029082 6.591534
0.118509 -1.029158 6.592025
0.130994 -1.029235 6.592516
0.143480 -1.029312 6.593007
0.155968 -1.029388 6.593498
0.168458 -1.029465 6.593989
0.180950 -1.029542 6.594480
0.193443 -1.029618 6.594971
0.205939 -1.029695 6.595462
0.218436 -1.029772 6.595953
0.230936 -1.029848 6.596445
0.243437 -1.029925 6.596936
0.255940 -1.030002 6.597428
0.268445 -1.030079 6.597919
0.280951 -1.030155 6.598411
0.293460 -1.030232 6.598903
0.305971 -1.030309 6.599395
0.318483 -1.030386 6.599887
0.330997 -1.030463 6.600379
0.343513 -1.030539 6.600871
0.356031 -1.030616 6.601363
0.368551 -1.030693 6.601855
-1.097583 -1.233835 8.000000
-1.082444 -1.233835 8.000000
-1.067305 -1.233835 8.000000
-1.052166 -1.233835 8.000000
-1.037027 -1.233835 8.000000
-1.021888 -1.233835 8.000000
-1.006749 -1.233835 8.000000
-0.991610 -1.233835 8.000000
-0.976471 -1.233835 8.000000
-0.961331 -1.233835 8.000000
-0.946192 -1.233835 8.000000
-0.931053 -1.233835 8.000000
-0.915914 -1.233835 8.000000
-0.900775 -1.233835 8.000000
-0.885636 -1.233835 8.000000
-0.870497 -1.233835 8.000000
-0.855358 -1.233835 8.000000
-0.840219 -1.233835 8.000000
-0.825080 -1.233835 8.000000
-0.809941 -1.233835 8.000000
-0.794802 -1.233835 8.000000
-0.779663 -1.233835 8.000000
-0.764523 -1.233835 8.000000
-0.749384 -1.233835 8.000000
-0.734245 -1.233835 8.000000
-0.719106 -1.233835 8.000000
-0.703967 -1.233835 8.000000
-0.688828 -1.233835 8.000000
-0.235749 -0.431765 2.799499
-0.228356 -0.427840 2.774050
-0.221316 -0.424407 2.751788
-0.215690 -0.423584 2.746453
-0.210085 -0.422764 2.741136
-0.204502 -0.421946 2.735836
-0.198940 -0.421132 2.730557
-0.193399 -0.420321 2.725298
-0.187880 -0.419513 2.720060
-0.182382 -0.418708 2.714842
-0.176958 -0.418032 2.710456
-0.171753 -0.417847 2.709254
-0.166552 -0.417661 2.708054
-0.161356 -0.417477 2.706855
-0.156164 -0.417292 2.705657
-0.150977 -0.417107 2.704460
-0.145795 -0.416923 2.703264
-0.140617 -0.416738 2.702069
-0.135444 -0.416554 2.700875
-0.130275 -0.416370 2.699682
-0.125111 -0.416186 2.698490
-0.119952 -0.416003 2.697299
-0.114883 -0.416130 2.698125
-0.109842 -0.416377 2.699723
-0.104795 -0.416623 2.701323
-0.099742 -0.416870 2.702924
-0.094683 -0.417118 2.704528
-0.089618 -0.417365 2.706133
-0.084547 -0.417613 2.707740
-0.079471 -0.417861 2.709349
-0.074388 -0.418110 2.710960
-0.069299 -0.418358 2.712573
-0.064204 -0.418607 2.714188
-0.059124 -0.419007 2.716778
-0.054094 -0.419871 2.722380
-0.049043 -0.420738 2.728004
-0.043971 -0.421609 2.733649
-0.038879 -0.422483 2.739317
-0.033765 -0.423361 2.745009
-0.028630 -0.424243 2.750725
-0.023473 -0.425128 2.756464
-0.018331 -0.426845 2.767596
-0.013211 -0.430668 2.792389
-0.007998 -0.434562 2.817637
-0.006233 -1.015927 6.587121
0.006233 -1.016003 6.587611
0.018701 -1.016079 6.588101
0.031170 -1.016154 6.588592
0.043642 -1.016230 6.589082
0.056115 -1.016305 6.589572
0.068590 -1.016381 6.590063
0.081067 -1.016457 6.590553
0.093546 -1.016532 6.591043
0.106027 -1.016608 6.591534
0.118509 -1.016684 6.592025
0.130994 -1.016760 6.592516
0.143480 -1.016835 6.593007
0.155968 -1.016911 6.593498
0.168458 -1.016987 6.593989
0.180950 -1.017062 6.594480
0.193443 -1.017138 6.594971
0.205939 -1.017214 6.595462
0.218436 -1.017290 6.595953
0.230936 -1.017365 6.596445
0.243437 -1.017441 6.596936
0.255940 -1.017517 6.597428
0.268445 -1.017593 6.597919
0.280951 -1.017669 6.598411
0.293460 -1.017745 6.598903
0.305971 -1.017820 6.599395
0.318483 -1.017896 6.599887
0.330997 -1.017972 6.600379
0.343513 -1.018048 6.600871
0.356031 -1.018124 6.601363
0.368551 -1.018200 6.601855
-1.097583 -1.218696 8.000000
-1.082444 -1.218696 8.000000
-1.067305 -1.218696 8.000000
-1.052166 -1.218696 8.000000
-1.037027 -1.218696 8.000000
-1.021888 -1.218696 8.000000
-1.006749 -1.218696 8.000000
-0.991610 -1.218696 8.000000
-0.976471 -1.218696 8.000000
-0.961331 -1.218696 8.000000
-0.946192 -1.218696 8.000000
-0.931053 -1.218696 8.000000
-0.915914 -1.218696 8.000000
-0.900775 -1.218696 8.000000
-0.885636 -1.218696 8.000000
-0.870497 -1.218696 8.000000
-0.855358 -1.218696 8.000000
-0.840219 -1.218696 8.000000
-0.825080 -1.218696 8.000000
-0.809941 -1.218696 8.000000
-0.794802 -1.218696 8.000000
-0.779663 -1.218696 8.000000
-0.764523 -1.218696 8.000000
-0.749384 -1.218696 8.000000
-0.734245 -1.218696 8.000000
-0.719106 -1.218696 8.000000
-0.703967 -1.218696 8.000000
-0.688828 -1.218696 8.000000
-0.235467 -0.425957 2.796153
-0.228086 -0.422090 2.770768
-0.221237 -0.419050 2.750808
-0.215613 -0.418238 2.745477
-0.210010 -0.417428 2.740163
-0.204429 -0.416621 2.734867
-0.198869 -0.415818 2.729592
-0.193331 -0.415017 2.724337
-0.187814 -0.414220 2.719102
-0.182318 -0.413425 2.713887
-0.176914 -0.412799 2.709778
-0.171710 -0.412616 2.708577
-0.166511 -0.412434 2.707378
-0.161316 -0.412251 2.706179
-0.156125 -0.412069 2.704982
-0.150940 -0.411886 2.703785
-0.145759 -0.411704 2.702590
-0.140582 -0.411522 2.701395
-0.135410 -0.411341 2.700202
-0.130243 -0.411159 2.699009
-0.125080 -0.410977 2.697818
-0.119922 -0.410796 2.696628
-0.114854 -0.410922 2.697456
-0.109814 -0.411166 2.699053
-0.104769 -0.411409 2.700652
-0.099717 -0.411653 2.702252
-0.094660 -0.411897 2.703855
-0.089596 -0.412142 2.705459
-0.084526 -0.412386 2.707066
-0.079451 -0.412631 2.708674
-0.074369 -0.412876 2.710284
-0.069281 -0.413122 2.711896
-0.064188 -0.413368 2.713511
-0.059103 -0.413721 2.715831
-0.054075 -0.414574 2.721430
-0.049026 -0.415430 2.727050
-0.043956 -0.416290 2.732691
-0.038865 -0.417153 2.738355
-0.033753 -0.418019 2.744043
-0.028620 -0.418889 2.749755
-0.023465 -0.419763 2.755490
-0.018310 -0.421131 2.764467
-0.013196 -0.424898 2.789200
-0.007989 -0.428736 2.814391
-0.006233 -1.003462 6.587121
0.006233 -1.003537 6.587611
0.018701 -1.003611 6.588101
0.031170 -1.003686 6.588592
0.043642 -1.003761 6.589082
0.056115 -1.003835 6.589572
0.068590 -1.003910 6.590063
0.081067 -1.003985 6.590553
0.093546 -1.004060 6.591043
0.106027 -1.004134 6.591534
0.118509 -1.004209 6.592025
0.130994 -1.004284 6.592516
0.143480 -1.004359 6.593007
0.155968 -1.004434 6.593498
0.168458 -1.004508 6.593989
0.180950 -1.004583 6.594480
0.193443 -1.004658 6.594971
0.205939 -1.004733 6.595462
0.218436 -1.004808 6.595953
0.230936 -1.004882 6.596445
0.243437 -1.004957 6.596936
0.255940 -1.005032 6.597428
0.268445 -1.005107 6.597919
0.280951 -1.005182 6.598411
0.293460 -1.005257 6.598903
0.305971 -1.005332 6.599395
0.318483 -1.005407 6.599887
0.330997 -1.005482 6.600379
0.343513 -1.005557 6.600871
0.356031 -1.005632 6.601363
0.368551 -1.005707 6.601855
-1.097583 -1.203557 8.000000
-1.082444 -1.203557 8.000000
-1.067305 -1.203557 8.000000
-1.052166 -1.203557 8.000000
-1.037027 -1.203557 8.000000
-1.021888 -1.203557 8.000000
-1.006749 -1.203557 8.000000
-0.991610 -1.203557 8.000000
-0.976471 -1.203557 8.000000
-0.961331 -1.203557 8.000000
-0.946192 -1.203557 8.000000
-0.931053 -1.203557 8.000000
-0.915914 -1.203557 8.000000
-0.900775 -1.203557 8.000000
-0.885636 -1.203557 8.000000
-0.870497 -1.203557 8.000000
-0.855358 -1.203557 8.000000
-0.840219 -1.203557 8.000000
-0.825080 -1.203557 8.000000
-0.809941 -1.203557 8.000000
-0.794802 -1.203557 8.000000
-0.779663 -1.203557 8.000000
-0.764523 -1.203557 8.000000
-0.749384 -1.203557 8.000000
-0.734245 -1.203557 8.000000
-0.719106 -1.203557 8.000000
-0.703967 -1.203557 8.000000
-0.688828 -1.203557 8.000000
-0.235186 -0.420164 2.792819
-0.227817 -0.416355 2.767495
-0.221159 -0.413697 2.749829
-0.215537 -0.412895 2.744501
-0.209936 -0.412096 2.739190
-0.204357 -0.411300 2.733898
-0.198799 -0.410507 2.728627
-0.193263 -0.409717 2.723375
-0.187748 -0.408930 2.718144
-0.182254 -0.408146 2.712933
-0.176870 -0.407570 2.709101
-0.171667 -0.407389 2.707901
-0.166469 -0.407209 2.706702
-0.161275 -0.407028 2.705504
-0.156086 -0.406848 2.704307
-0.150902 -0.406668 2.703111
-0.145722 -0.406489 2.701916
-0.140547 -0.406309 2.700722
-0.135377 -0.406130 2.699529
-0.130210 -0.405950 2.698338
-0.125049 -0.405771 2.697147
-0.119892 -0.405592 2.695957
-0.114826 -0.405717 2.696786
-0.109787 -0.405957 2.698382
-0.104743 -0.406197 2.699980
-0.099692 -0.406438 2.701581
-0.094636 -0.406679 2.703182
-0.089574 -0.406920 2.704786
-0.084505 -0.407162 2.706392
-0.079431 -0.407404 2.707999
-0.074351 -0.407646 2.709608
-0.069264 -0.407888 2.711220
-0.064172 -0.408131 2.712833
-0.059082 -0.408440 2.714885
-0.054056 -0.409281 2.720479
-0.049009 -0.410126 2.726096
-0.043941 -0.410974 2.731733
-0.038852 -0.411826 2.737393
-0.033741 -0.412681 2.743077
-0.028610 -0.413540 2.748785
-0.023457 -0.414402 2.754516
-0.018289 -0.415430 2.761346
-0.013181 -0.419141 2.786019
-0.007980 -0.422923 2.811152
-0.006233 -0.990997 6.587121
0.006233 -0.991070 6.587611
0.018701 -0.991144 6.588101
0.031170 -0.991218 6.588592
0.043642 -0.991292 6.589082
0.056115 -0.991365 6.589572
0.068590 -0.991439 6.590063
0.081067 -0.991513 6.590553
0.093546 -0.991587 6.591043
0.106027 -0.991661 6.591534
0.118509 -0.991734 6.592025
0.130994 -0.991808 6.592516
0.143480 -0.991882 6.593007
0.155968 -0.991956 6.593498
0.168458 -0.992030 6.593989
0.180950 -0.992104 6.594480
0.193443 -0.992178 6.594971
0.205939 -0.992252 6.595462
0.218436 -0.992326 6.595953
0.230936 -0.992399 6.596445
0.243437 -0.992473 6.596936
0.255940 -0.992547 6.597428
0.268445 -0.992621 6.597919
0.280951 -0.992695 6.598411
0.293460 -0.992769 6.598903
0.305971 -0.992843 6.599395
0.318483 -0.992917 6.599887
0.330997 -0.992991 6.600379
0.343513 -0.993065 6.600871
0.356031 -0.993139 6.601363
0.368551 -0.993213 6.601855
-1.097583 -1.188418 8.000000
-1.082444 -1.188418 8.000000
-1.067305 -1.188418 8.000000
-1.052166 -1.188418 8.000000
-1.037027 -1.188418 8.000000
-1.021888 -1.188418 8.000000
-1.006749 -1.188418 8.000000
-0.991610 -1.188418 8.000000
-0.976471 -1.188418 8.000000
-0.961331 -1.188418 8.000000
-0.946192 -1.188418 8.000000
-0.931053 -1.188418 8.000000
-0.915914 -1.188418 8.000000
-0.900775 -1.188418 8.000000
-0.885636 -1.188418 8.000000
-0.870497 -1.188418 8.000000
-0.855358 -1.188418 8.000000
-0.840219 -1.188418 8.000000
-0.825080 -1.188418 8.000000
-0.809941 -1.188418 8.000000
-0.794802 -1.188418 8.000000
-0.779663 -1.188418 8.000000
-0.764523 -1.188418 8.000000
-0.749384 -1.188418 8.000000
-0.734245 -1.188418 8.000000
-0.719106 -1.188418 8.000000
-0.703967 -1.188418 8.000000
-0.688828 -1.188418 8.000000
-0.234906 -0.414385 2.789493
-0.227548 -0.410632 2.764229
-0.221080 -0.408348 2.748850
-0.215460 -0.407557 2.743527
-0.209861 -0.406768 2.738219
-0.204284 -0.405983 2.732930
-0.198729 -0.405200 2.727663
-0.193195 -0.404421 2.722415
-0.187682 -0.403644 2.717187
-0.182190 -0.402871 2.711980
-0.176826 -0.402342 2.708424
-0.171624 -0.402164 2.707224
-0.166427 -0.401986 2.706026
-0.161235 -0.401808 2.704829
-0.156048 -0.401631 2.703632
-0.150864 -0.401453 2.702437
-0.145686 -0.401276 2.701242
-0.140512 -0.401098 2.700049
-0.135343 -0.400921 2.698857
-0.130178 -0.400744 2.697666
-0.125018 -0.400567 2.696476
-0.119862 -0.400391 2.695287
-0.114797 -0.400514 2.696117
-0.109760 -0.400751 2.697713
-0.104717 -0.400988 2.699310
-0.099668 -0.401226 2.700909
-0.094612 -0.401464 2.702510
-0.089551 -0.401702 2.704113
-0.084484 -0.401940 2.705718
-0.079411 -0.402179 2.707324
-0.074332 -0.402418 2.708933
-0.069247 -0.402657 2.710543
-0.064156 -0.402897 2.712156
-0.059062 -0.403162 2.713939
-0.054037 -0.403992 2.719530
-0.048992 -0.404826 2.725143
-0.043925 -0.405663 2.730776
-0.038838 -0.406503 2.736432
-0.033729 -0.407347 2.742112
-0.028600 -0.408194 2.747816
-0.023448 -0.409045 2.753543
-0.018276 -0.409899 2.759295
-0.013166 -0.413398 2.782845
-0.007970 -0.417123 2.807920
-0.006233 -0.978531 6.587121
0.006233 -0.978604 6.587611
0.018701 -0.978677 6.588101
0.031170 -0.978750 6.588592
0.043642 -0.978823 6.589082
0.056115 -0.978895 6.589572
0.068590 -0.978968 6.590063
0.081067 -0.979041 6.590553
0.093546 -0.979114 6.591043
0.106027 -0.979187 6.591534
0.118509 -0.979260 6.592025
0.130994 -0.979333 6.592516
0.143480 -0.979406 6.593007
0.155968 -0.979479 6.593498
0.168458 -0.979552 6.593989
0.180950 -0.979625 6.594480
0.193443 -0.979697 6.594971
0.205939 -0.979770 6.595462
0.218436 -0.979843 6.595953
0.230936 -0.979916 6.596445
0.243437 -0.979989 6.596936
0.255940 -0.980062 6.597428
0.268445 -0.980136 6.597919
0.280951 -0.980209 6.598411
0.293460 -0.980282 6.598903
0.305971 -0.980355 6.599395
0.318483 -0.980428 6.599887
0.330997 -0.980501 6.600379
0.343513 -0.980574 6.600871
0.356031 -0.980647 6.601363
0.368551 -0.980720 6.601855
-1.097583 -1.173279 8.000000
-1.082444 -1.173279 8.000000
-1.067305 -1.173279 8.000000
-1.052166 -1.173279 8.000000
-1.037027 -1.173279 8.000000
-1.021888 -1.173279 8.000000
-1.006749 -1.173279 8.000000
-0.991610 -1.173279 8.000000
-0.976471 -1.173279 8.000000
-0.961331 -1.173279 8.000000
-0.946192 -1.173279 8.000000
-0.931053 -1.173279 8.000000
-0.915914 -1.173279 8.000000
-0.900775 -1.173279 8.000000
-0.885636 -1.173279 8.000000
-0.870497 -1.173279 8.000000
-0.855358 -1.173279 8.000000
-0.840219 -1.173279 8.000000
-0.825080 -1.173279 8.000000
-0.809941 -1.173279 8.000000
-0.794802 -1.173279 8.000000
-0.779663 -1.173279 8.000000
-0.764523 -1.173279 8.000000
-0.749384 -1.173279 8.000000
-0.734245 -1.173279 8.000000
-0.719106 -1.173279 8.000000
-0.703967 -1.173279 8.000000
-0.688828 -1.173279 8.000000
-0.234627 -0.408620 2.786175
-0.227280 -0.404923 2.760971
-0.221001 -0.403003 2.747873
-0.215384 -0.402222 2.742553
-0.209787 -0.401444 2.737248
-0.204212 -0.400669 2.731963
-0.198659 -0.399897 2.726699
-0.193126 -0.399128 2.721455
-0.187616 -0.398362 2.716231
-0.182126 -0.397599 2.711028
-0.176781 -0.397118 2.707747
-0.171581 -0.396942 2.706548
-0.166386 -0.396766 2.705351
-0.161195 -0.396591 2.704154
-0.156009 -0.396415 2.702958
-0.150827 -0.396240 2.701763
-0.145650 -0.396065 2.700570
-0.140477 -0.395890 2.699377
-0.135309 -0.395715 2.698185
-0.130146 -0.395541 2.696995
-0.124987 -0.395366 2.695805
-0.119832 -0.395192 2.694617
-0.114769 -0.395314 2.695448
-0.109733 -0.395548 2.697043
-0.104691 -0.395782 2.698640
-0.099643 -0.396016 2.700238
-0.094589 -0.396251 2.701838
-0.089529 -0.396486 2.703440
-0.084463 -0.396721 2.705044
-0.079391 -0.396957 2.706650
-0.074313 -0.397193 2.708258
-0.069230 -0.397429 2.709867
-0.064140 -0.397665 2.711479
-0.059043 -0.397902 2.713093
-0.054018 -0.398707 2.718582
-0.048975 -0.399529 2.724190
-0.043910 -0.400355 2.729820
-0.038824 -0.401184 2.735472
-0.033717 -0.402016 2.741148
-0.028590 -0.402852 2.746848
-0.023440 -0.403692 2.752571
-0.018269 -0.404534 2.758318
-0.013151 -0.407667 2.779678
-0.007961 -0.411336 2.804696
-0.006233 -0.966066 6.587121
0.006233 -0.966138 6.587611
0.018701 -0.966210 6.588101
0.031170 -0.966282 6.588592
0.043642 -0.966354 6.589082
0.056115 -0.966425 6.589572
0.068590 -0.966497 6.590063
0.081067 -0.966569 6.590553
0.093546 -0.966641 6.591043
0.106027 -0.966713 6.591534
0.118509 -0.966785 6.592025
0.130994 -0.966857 6.592516
0.143480 -0.966929 6.593007
0.155968 -0.967001 6.593498
0.168458 -0.967073 6.593989
0.180950 -0.967145 6.594480
0.193443 -0.967217 6.594971
0.205939 -0.967289 6.595462
0.218436 -0.967361 6.595953
0.230936 -0.967433 6.596445
0.243437 -0.967505 6.596936
0.255940 -0.967578 6.597428
0.268445 -0.967650 6.597919
0.280951 -0.967722 6.598411
0.293460 -0.967794 6.598903
0.305971 -0.967866 6.599395
0.318483 -0.967938 6.599887
0.330997 -0.968010 6.600379
0.343513 -0.968082 6.600871
0.356031 -0.968155 6.601363
0.368551 -0.968227 6.601855
-1.097583 -1.158139 8.000000
-1.082444 -1.158139 8.000000
-1.067305 -1.158139 8.000000
-1.052166 -1.158139 8.000000
-1.037027 -1.158139 8.000000
-1.021888 -1.158139 8.000000
-1.006749 -1.158139 8.000000
-0.991610 -1.158139 8.000000
-0.976471 -1.158139 8.000000
-0.961331 -1.158139 8.000000
-0.946192 -1.158139 8.000000
-0.931053 -1.158139 8.000000
-0.915914 -1.158139 8.000000
-0.900775 -1.158139 8.000000
-0.885636 -1.158139 8.000000
-0.870497 -1.158139 8.000000
-0.855358 -1.158139 8.000000
-0.840219 -1.158139 8.000000
-0.825080 -1.158139 8.000000
-0.809941 -1.158139 8.000000
-0.794802 -1.158139 8.000000
-0.779663 -1.158139 8.000000
-0.764523 -1.158139 8.000000
-0.749384 -1.158139 8.000000
-0.734245 -1.158139 8.000000
-0.719106 -1.158139 8.000000
-0.703967 -1.158139 8.000000
-0.241822 -0.406580 2.808503
-0.234348 -0.402868 2.782866
-0.227012 -0.399228 2.757720
-0.220923 -0.397661 2.746895
-0.215307 -0.396891 2.741578
-0.209713 -0.396124 2.736277
-0.204140 -0.395359 2.730996
-0.198588 -0.394598 2.725736
-0.193058 -0.393839 2.720496
-0.187550 -0.393084 2.715276
-0.182062 -0.392331 2.710076
-0.176737 -0.391896 2.707071
-0.171539 -0.391722 2.705873
-0.166344 -0.391549 2.704676
-0.161155 -0.391376 2.703480
-0.155970 -0.391203 2.702284
-0.150789 -0.391030 2.701090
-0.145613 -0.390857 2.699897
-0.140442 -0.390685 2.698705
-0.135275 -0.390512 2.697514
-0.130113 -0.390340 2.696324
-0.124956 -0.390168 2.695135
-0.119803 -0.389996 2.693947
-0.114740 -0.390116 2.694780
-0.109705 -0.390347 2.696374
-0.104665 -0.390578 2.697970
-0.099618 -0.390809 2.699567
-0.094565 -0.391041 2.701167
-0.089507 -0.391273 2.702768
-0.084442 -0.391505 2.704371
-0.079372 -0.391737 2.705976
-0.074295 -0.391970 2.707583
-0.069212 -0.392203 2.709192
-0.064124 -0.392436 2.710803
-0.059029 -0.392669 2.712416
-0.053999 -0.393425 2.717634
-0.048957 -0.394236 2.723239
-0.043895 -0.395051 2.728864
-0.038811 -0.395868 2.734513
-0.033706 -0.396690 2.740185
-0.028579 -0.397514 2.745880
-0.023432 -0.398342 2.751599
-0.018263 -0.399173 2.757343
-0.013136 -0.401949 2.776518
-0.007952 -0.405563 2.801479
-0.006233 -0.953601 6.587121
0.006233 -0.953672 6.587611
0.018701 -0.953743 6.588101
0.031170 -0.953813 6.588592
0.043642 -0.953884 6.589082
0.056115 -0.953955 6.589572
0.068590 -0.954026 6.590063
0.081067 -0.954097 6.590553
0.093546 -0.954168 6.591043
0.106027 -0.954239 6.591534
0.118509 -0.954311 6.592025
0.130994 -0.954382 6.592516
0.143480 -0.954453 6.593007
0.155968 -0.954524 6.593498
0.168458 -0.954595 6.593989
0.180950 -0.954666 6.594480
0.193443 -0.954737 6.594971
0.205939 -0.954808 6.595462
0.218436 -0.954879 6.595953
0.230936 -0.954950 6.596445
0.243437 -0.955022 6.596936
0.255940 -0.955093 6.597428
0.268445 -0.955164 6.597919
0.280951 -0.955235 6.598411
0.293460 -0.955306 6.598903
0.305971 -0.955377 6.599395
0.318483 -0.955449 6.599887
0.330997 -0.955520 6.600379
0.343513 -0.955591 6.600871
0.356031 -0.955662 6.601363
0.368551 -0.955734 6.601855
-1.097583 -1.143000 8.000000
-1.082444 -1.143000 8.000000
-1.067305 -1.143000 8.000000
-1.052166 -1.143000 8.000000
-1.037027 -1.143000 8.000000
-1.021888 -1.143000 8.000000
-1.006749 -1.143000 8.000000
-0.991610 -1.143000 8.000000
-0.976471 -1.143000 8.000000
-0.961331 -1.143000 8.000000
-0.946192 -1.143000 8.000000
-0.931053 -1.143000 8.000000
-0.915914 -1.143000 8.000000
-0.900775 -1.143000 8.000000
-0.885636 -1.143000 8.000000
-0.870497 -1.143000 8.000000
-0.855358 -1.143000 8.000000
-0.840219 -1.143000 8.000000
-0.825080 -1.143000 8.000000
-0.809941 -1.143000 8.000000
-0.794802 -1.143000 8.000000
-0.779663 -1.143000 8.000000
-0.764523 -1.143000 8.000000
-0.749384 -1.143000 8.000000
-0.734245 -1.143000 8.000000
-0.719106 -1.143000 8.000000
-0.703967 -1.143000 8.000000
-0.241531 -0.400783 2.805130
-0.234070 -0.397130 2.779563
-0.226745 -0.393546 2.754478
-0.220844 -0.392323 2.745919
-0.215231 -0.391564 2.740605
-0.209638 -0.390807 2.735308
-0.204068 -0.390053 2.730031
-0.198518 -0.389302 2.724774
-0.192990 -0.388554 2.719537
-0.187484 -0.387809 2.714321
-0.181998 -0.387066 2.709125
-0.176693 -0.386676 2.706395
-0.171496 -0.386505 2.705198
-0.166303 -0.386334 2.704001
-0.161115 -0.386163 2.702805
-0.155931 -0.385993 2.701611
-0.150752 -0.385822 2.700417
-0.145577 -0.385652 2.699225
-0.140407 -0.385482 2.698033
-0.135242 -0.385312 2.696843
-0.130081 -0.385142 2.695653
-0.124925 -0.384972 2.694465
-0.119773 -0.384802 2.693278
-0.114712 -0.384921 2.694112
-0.109678 -0.385149 2.695705
-0.104639 -0.385377 2.697300
-0.099593 -0.385605 2.698897
-0.094542 -0.385833 2.700495
-0.089485 -0.386062 2.702096
-0.084421 -0.386291 2.703698
-0.079352 -0.386520 2.705303
-0.074276 -0.386750 2.706909
-0.069195 -0.386979 2.708517
-0.064108 -0.387210 2.710127
-0.059014 -0.387440 2.711739
-0.053981 -0.388147 2.716686
-0.048940 -0.388947 2.722288
-0.043879 -0.389750 2.727909
-0.038797 -0.390557 2.733554
-0.033694 -0.391366 2.739222
-0.028569 -0.392180 2.744913
-0.023424 -0.392996 2.750628
-0.018256 -0.393816 2.756367
-0.013121 -0.396245 2.773366
-0.007943 -0.399803 2.798270
-0.006233 -0.941135 6.587121
0.006233 -0.941205 6.587611
0.018701 -0.941275 6.588101
0.031170 -0.941345 6.588592
0.043642 -0.941415 6.589082
0.056115 -0.941485 6.589572
0.068590 -0.941556 6.590063
0.081067 -0.941626 6.590553
0.093546 -0.941696 6.591043
0.106027 -0.941766 6.591534
0.118509 -0.941836 6.592025
0.130994 -0.941906 6.592516
0.143480 -0.941976 6.593007
0.155968 -0.942046 6.593498
0.168458 -0.942116 6.593989
0.180950 -0.942187 6.594480
0.193443 -0.942257 6.594971
0.205939 -0.942327 6.595462
0.218436 -0.942397 6.595953
0.230936 -0.942467 6.596445
0.243437 -0.942538 6.596936
0.255940 -0.942608 6.597428
0.268445 -0.942678 6.597919
0.280951 -0.942748 6.598411
0.293460 -0.942819 6.598903
0.305971 -0.942889 6.599395
0.318483 -0.942959 6.599887
0.330997 -0.943029 6.600379
0.343513 -0.943100 6.600871
0.356031 -0.943170 6.601363
0.368551 -0.943240 6.601855
-1.097583 -1.127861 8.000000
-1.082444 -1.127861 8.000000
-1.067305 -1.127861 8.000000
-1.052166 -1.127861 8.000000
-1.037027 -1.127861 8.000000
-1.021888 -1.127861 8.000000
-1.006749 -1.127861 8.000000
-0.991610 -1.127861 8.000000
-0.976471 -1.127861 8.000000
-0.961331 -1.127861 8.000000
-0.946192 -1.127861 8.000000
-0.931053 -1.127861 8.000000
-0.915914 -1.127861 8.000000
-0.900775 -1.127861 8.000000
-0.885636 -1.127861 8.000000
-0.870497 -1.127861 8.000000
-0.855358 -1.127861 8.000000
-0.840219 -1.127861 8.000000
-0.825080 -1.127861 8.000000
-0.809941 -1.127861 8.000000
-0.794802 -1.127861 8.000000
-0.779663 -1.127861 8.000000
-0.764523 -1.127861 8.000000
-0.749384 -1.127861 8.000000
-0.734245 -1.127861 8.000000
-0.719106 -1.127861 8.000000
-0.703967 -1.127861 8.000000
-0.241242 -0.395000 2.801764
-0.233793 -0.391406 2.776269
-0.226479 -0.387878 2.751243
-0.220766 -0.386989 2.744943
-0.215154 -0.386241 2.739632
-0.209564 -0.385494 2.734339
-0.203995 -0.384751 2.729065
-0.198448 -0.384010 2.723812
-0.192922 -0.383273 2.718580
-0.187418 -0.382538 2.713367
-0.181934 -0.381806 2.708174
-0.176649 -0.381460 2.705720
-0.171453 -0.381291 2.704523
-0.166261 -0.381122 2.703327
-0.161074 -0.380954 2.702132
-0.155892 -0.380785 2.700938
-0.150714 -0.380617 2.699745
-0.145541 -0.380449 2.698553
-0.140372 -0.380281 2.697362
-0.135208 -0.380114 2.696172
-0.130049 -0.379946 2.694983
-0.124894 -0.379778 2.693795
-0.119743 -0.379611 2.692609
-0.114683 -0.379729 2.693444
-0.109651 -0.379953 2.695037
-0.104613 -0.380178 2.696631
-0.099569 -0.380403 2.698227
-0.094518 -0.380628 2.699825
-0.089462 -0.380854 2.701424
-0.084400 -0.381080 2.703026
-0.079332 -0.381306 2.704629
-0.074258 -0.381532 2.706235
-0.069178 -0.381759 2.707842
-0.064092 -0.381986 2.709451
-0.058999 -0.382213 2.711062
-0.053962 -0.382872 2.715740
-0.048923 -0.383661 2.721337
-0.043864 -0.384453 2.726955
-0.038783 -0.385249 2.732595
-0.033682 -0.386047 2.738259
-0.028559 -0.386849 2.743947
-0.023415 -0.387654 2.749658
-0.018250 -0.388463 2.755393
-0.013106 -0.390553 2.770221
-0.007934 -0.394056 2.795068
-0.006233 -0.928670 6.587121
0.006233 -0.928739 6.587611
0.018701 -0.928808 6.588101
0.031170 -0.928877 6.588592
0.043642 -0.928946 6.589082
0.056115 -0.929015 6.589572
0.068590 -0.929085 6.590063
0.081067 -0.929154 6.590553
0.093546 -0.929223 6.591043
0.106027 -0.929292 6.591534
0.118509 -0.929361 6.592025
0.130994 -0.929430 6.592516
0.143480 -0.929500 6.593007
0.155968 -0.929569 6.593498
0.168458 -0.929638 6.593989
0.180950 -0.929707 6.594480
0.193443 -0.929777 6.594971
0.205939 -0.929846 6.595462
0.218436 -0.929915 6.595953
0.230936 -0.929984 6.596445
0.243437 -0.930054 6.596936
0.255940 -0.930123 6.597428
0.268445 -0.930192 6.597919
0.280951 -0.930262 6.598411
0.293460 -0.930331 6.598903
0.305971 -0.930400 6.599395
0.318483 -0.930470 6.599887
0.330997 -0.930539 6.600379
0.343513 -0.930608 6.600871
0.356031 -0.930678 6.601363
0.368551 -0.930747 6.601855
-1.097583 -1.112722 8.000000
-1.082444 -1.112722 8.000000
-1.067305 -1.112722 8.000000
-1.052166 -1.112722 8.000000
-1.037027 -1.112722 8.000000
-1.021888 -1.112722 8.000000
-1.006749 -1.112722 8.000000
-0.991610 -1.112722 8.000000
-0.976471 -1.112722 8.000000
-0.961331 -1.112722 8.000000
-0.946192 -1.112722 8.000000
-0.931053 -1.112722 8.000000
-0.915914 -1.112722 8.000000
-0.900775 -1.112722 8.000000
-0.885636 -1.112722 8.000000
-0.870497 -1.112722 8.000000
-0.855358 -1.112722 8.000000
-0.840219 -1.112722 8.000000
-0.825080 -1.112722 8.000000
-0.809941 -1.112722 8.000000
-0.794802 -1.112722 8.000000
-0.779663 -1.112722 8.000000
-0.764523 -1.112722 8.000000
-0.749384 -1.112722 8.000000
-0.734245 -1.112722 8.000000
-0.719106 -1.112722 8.000000
-0.703967 -1.112722 8.000000
-0.240953 -0.389231 2.798408
-0.233516 -0.385695 2.772983
-0.226318 -0.382400 2.749294
-0.220687 -0.381659 2.743968
-0.215078 -0.380921 2.738660
-0.209490 -0.380185 2.733371
-0.203923 -0.379452 2.728101
-0.198378 -0.378722 2.722852
-0.192855 -0.377995 2.717623
-0.187352 -0.377270 2.712413
-0.181870 -0.376549 2.707224
-0.176605 -0.376245 2.705045
-0.171410 -0.376079 2.703848
-0.166220 -0.375913 2.702653
-0.161034 -0.375747 2.701458
-0.155853 -0.375581 2.700265
-0.150677 -0.375415 2.699072
-0.145505 -0.375249 2.697881
-0.140337 -0.375083 2.696691
-0.135175 -0.374918 2.695502
-0.130016 -0.374753 2.694313
-0.124863 -0.374588 2.693126
-0.119713 -0.374423 2.691940
-0.114655 -0.374539 2.692777
-0.109624 -0.374760 2.694369
-0.104587 -0.374982 2.695962
-0.099544 -0.375204 2.697557
-0.094495 -0.375426 2.699154
-0.089440 -0.375648 2.700753
-0.084379 -0.375871 2.702354
-0.079312 -0.376094 2.703956
-0.074239 -0.376317 2.705561
-0.069161 -0.376541 2.707167
-0.064076 -0.376764 2.708776
-0.058985 -0.376988 2.710386
-0.053943 -0.377601 2.714793
-0.048906 -0.378379 2.720387
-0.043848 -0.379160 2.726001
-0.038770 -0.379944 2.731638
-0.033670 -0.380732 2.737298
-0.028549 -0.381522 2.742981
-0.023407 -0.382316 2.748688
-0.018243 -0.383113 2.754419
-0.013091 -0.384875 2.767086
-0.007925 -0.388322 2.791873
-0.002666 -0.391833 2.817111
0.006233 -0.916273 6.587611
0.018701 -0.916341 6.588101
0.031170 -0.916409 6.588592
0.043642 -0.916477 6.589082
0.056115 -0.916545 6.589572
0.068590 -0.916614 6.590063
0.081067 -0.916682 6.590553
0.093546 -0.916750 6.591043
0.106027 -0.916818 6.591534
0.118509 -0.916887 6.592025
0.130994 -0.916955 6.592516
0.143480 -0.917023 6.593007
0.155968 -0.917091 6.593498
0.168458 -0.917160 6.593989
0.180950 -0.917228 6.594480
0.193443 -0.917296 6.594971
0.205939 -0.917365 6.595462
0.218436 -0.917433 6.595953
0.230936 -0.917501 6.596445
0.243437 -0.917570 6.596936
0.255940 -0.917638 6.597428
0.268445 -0.917706 6.597919
0.280951 -0.917775 6.598411
0.293460 -0.917843 6.598903
0.305971 -0.917912 6.599395
0.318483 -0.917980 6.599887
0.330997 -0.918049 6.600379
0.343513 -0.918117 6.600871
0.356031 -0.918185 6.601363
0.368551 -0.918254 6.601855
-1.097583 -1.097583 8.000000
-1.082444 -1.097583 8.000000
-1.067305 -1.097583 8.000000
-1.052166 -1.097583 8.000000
-1.037027 -1.097583 8.000000
-1.021888 -1.097583 8.000000
-1.006749 -1.097583 8.000000
-0.991610 -1.097583 8.000000
-0.976471 -1.097583 8.000000
-0.961331 -1.097583 8.000000
-0.946192 -1.097583 8.000000
-0.931053 -1.097583 8.000000
-0.915914 -1.097583 8.000000
-0.900775 -1.097583 8.000000
-0.885636 -1.097583 8.000000
-0.870497 -1.097583 8.000000
-0.855358 -1.097583 8.000000
-0.840219 -1.097583 8.000000
-0.825080 -1.097583 8.000000
-0.809941 -1.097583 8.000000
-0.794802 -1.097583 8.000000
-0.779663 -1.097583 8.000000
-0.764523 -1.097583 8.000000
-0.749384 -1.097583 8.000000
-0.734245 -1.097583 8.000000
-0.719106 -1.097583 8.000000
-0.703967 -1.097583 8.000000
-0.240665 -0.383478 2.795069
-0.233240 -0.379998 2.769704
-0.226238 -0.377063 2.748316
-0.220609 -0.376333 2.742994
-0.215002 -0.375605 2.737689
-0.209416 -0.374880 2.732403
-0.203851 -0.374157 2.727137
-0.198308 -0.373438 2.721891
-0.192787 -0.372721 2.716666
-0.187286 -0.372007 2.711461
-0.181807 -0.371295 2.706275
-0.176561 -0.371034 2.704370
-0.171367 -0.370870 2.703174
-0.166178 -0.370706 2.701979
-0.160994 -0.370542 2.700785
-0.155814 -0.370378 2.699592
-0.150639 -0.370215 2.698400
-0.145469 -0.370052 2.697210
-0.140302 -0.369888 2.696020
-0.135141 -0.369725 2.694831
-0.129984 -0.369562 2.693644
-0.124832 -0.369399 2.692457
-0.119684 -0.369237 2.691272
-0.114626 -0.369352 2.692110
-0.109597 -0.369570 2.693701
-0.104561 -0.369789 2.695293
-0.099519 -0.370007 2.696887
-0.094472 -0.370226 2.698484
-0.089418 -0.370446 2.700082
-0.084358 -0.370665 2.701682
-0.079293 -0.370885 2.703284
-0.074221 -0.371105 2.704887
-0.069143 -0.371325 2.706493
-0.064060 -0.371546 2.708101
-0.058970 -0.371767 2.709710
-0.053924 -0.372334 2.713848
-0.048889 -0.373101 2.719439
-0.043833 -0.373871 2.725048
-0.038756 -0.374644 2.730681
-0.033658 -0.375420 2.736337
-0.028539 -0.376199 2.742016
-0.023399 -0.376981 2.747720
-0.018237 -0.377767 2.753447
-0.013076 -0.379209 2.763958
-0.007916 -0.382602 2.788685
-0.002662 -0.386057 2.813866
0.006233 -0.903806 6.587611
0.018701 -0.903874 6.588101
0.031170 -0.903941 6.588592
0.043642 -0.904008 6.589082
0.056115 -0.904075 6.589572
0.068590 -0.904143 6.590063
0.081067 -0.904210 6.590553
0.093546 -0.904277 6.591043
0.106027 -0.904345 6.591534
0.118509 -0.904412 6.592025
0.130994 -0.904479 6.592516
0.143480 -0.904547 6.593007
0.155968 -0.904614 6.593498
0.168458 -0.904681 6.593989
0.180950 -0.904749 6.594480
0.193443 -0.904816 6.594971
0.205939 -0.904884 6.595462
0.218436 -0.904951 6.595953
0.230936 -0.905018 6.596445
0.243437 -0.905086 6.596936
0.255940 -0.905153 6.597428
0.268445 -0.905221 6.597919
0.280951 -0.905288 6.598411
0.293460 -0.905356 6.598903
0.305971 -0.905423 6.599395
0.318483 -0.905491 6.599887
0.330997 -0.905558 6.600379
0.343513 -0.905626 6.600871
0.356031 -0.905693 6.601363
0.368551 -0.905761 6.601855
-1.097583 -1.082444 8.000000
-1.082444 -1.082444 8.000000
-1.067305 -1.082444 8.000000
-1.052166 -1.082444 8.000000
-1.037027 -1.082444 8.000000
-1.021888 -1.082444 8.000000
-1.006749 -1.082444 8.000000
-0.991610 -1.082444 8.000000
-0.976471 -1.082444 8.000000
-0.961331 -1.082444 8.000000
-0.946192 -1.082444 8.000000
-0.931053 -1.082444 8.000000
-0.915914 -1.082444 8.000000
-0.900775 -1.082444 8.000000
-0.885636 -1.082444 8.000000
-0.870497 -1.082444 8.000000
-0.855358 -1.082444 8.000000
-0.840219 -1.082444 8.000000
-0.825080 -1.082444 8.000000
-0.809941 -1.082444 8.000000
-0.794802 -1.082444 8.000000
-0.779663 -1.082444 8.000000
-0.764523 -1.082444 8.000000
-0.749384 -1.082444 8.000000
-0.734245 -1.082444 8.000000
-0.719106 -1.082444 8.000000
-0.703967 -1.082444 8.000000
-0.240378 -0.377738 2.791738
-0.232964 -0.374314 2.766433
-0.226157 -0.371730 2.747338
-0.220531 -0.371010 2.742020
-0.214925 -0.370293 2.736718
-0.209342 -0.369578 2.731436
-0.203779 -0.368866 2.726174
-0.198238 -0.368157 2.720932
-0.192719 -0.367451 2.715710
-0.187220 -0.366747 2.710508
-0.181743 -0.366046 2.705327
-0.176517 -0.365825 2.703695
-0.171325 -0.365663 2.702500
-0.166137 -0.365502 2.701306
-0.160954 -0.365340 2.700112
-0.155776 -0.365179 2.698920
-0.150602 -0.365018 2.697729
-0.145432 -0.364857 2.696539
-0.140268 -0.364696 2.695350
-0.135107 -0.364535 2.694162
-0.129952 -0.364374 2.692975
-0.124801 -0.364214 2.691789
-0.119654 -0.364054 2.690604
-0.114598 -0.364167 2.691443
-0.109569 -0.364382 2.693033
-0.104535 -0.364598 2.694625
-0.099495 -0.364813 2.696218
-0.094448 -0.365029 2.697814
-0.089396 -0.365245 2.699411
-0.084337 -0.365462 2.701010
-0.079273 -0.365678 2.702611
-0.074203 -0.365895 2.704214
-0.069126 -0.366112 2.705819
-0.064044 -0.366330 2.707426
-0.058955 -0.366547 2.709035
-0.053905 -0.367071 2.712903
-0.048872 -0.367827 2.718490
-0.043818 -0.368585 2.724096
-0.038743 -0.369347 2.729724
-0.033647 -0.370112 2.735377
-0.028529 -0.370879 2.741052
-0.023391 -0.371651 2.746751
-0.018231 -0.372425 2.752474
-0.013061 -0.373556 2.760837
-0.007907 -0.376894 2.785505
-0.002659 -0.380293 2.810628
0.006233 -0.891340 6.587611
0.018701 -0.891406 6.588101
0.031170 -0.891473 6.588592
0.043642 -0.891539 6.589082
0.056115 -0.891605 6.589572
0.068590 -0.891672 6.590063
0.081067 -0.891738 6.590553
0.093546 -0.891805 6.591043
0.106027 -0.891871 6.591534
0.118509 -0.891937 6.592025
0.130994 -0.892004 6.592516
0.143480 -0.892070 6.593007
0.155968 -0.892137 6.593498
0.168458 -0.892203 6.593989
0.180950 -0.892269 6.594480
0.193443 -0.892336 6.594971
0.205939 -0.892402 6.595462
0.218436 -0.892469 6.595953
0.230936 -0.892535 6.596445
0.243437 -0.892602 6.596936
0.255940 -0.892668 6.597428
0.268445 -0.892735 6.597919
0.280951 -0.892801 6.598411
0.293460 -0.892868 6.598903
0.305971 -0.892935 6.599395
0.318483 -0.893001 6.599887
0.330997 -0.893068 6.600379
0.343513 -0.893134 6.600871
0.356031 -0.893201 6.601363
0.368551 -0.893267 6.601855
-1.097583 -1.067305 8.000000
-1.082444 -1.067305 8.000000
-1.067305 -1.067305 8.000000
-1.052166 -1.067305 8.000000
-1.037027 -1.067305 8.000000
-1.021888 -1.067305 8.000000
-1.006749 -1.067305 8.000000
-0.991610 -1.067305 8.000000
-0.976471 -1.067305 8.000000
-0.961331 -1.067305 8.000000
-0.946192 -1.067305 8.000000
-0.931053 -1.067305 8.000000
-0.915914 -1.067305 8.000000
-0.900775 -1.067305 8.000000
-0.885636 -1.067305 8.000000
-0.870497 -1.067305 8.000000
-0.855358 -1.067305 8.000000
-0.840219 -1.067305 8.000000
-0.825080 -1.067305 8.000000
-0.809941 -1.067305 8.000000
-0.794802 -1.067305 8.000000
-0.779663 -1.067305 8.000000
-0.764523 -1.067305 8.000000
-0.749384 -1.067305 8.000000
-0.734245 -1.067305 8.000000
-0.719106 -1.067305 8.000000
-0.703967 -1.067305 8.000000
-0.240092 -0.372011 2.788415
-0.232690 -0.368643 2.763170
-0.226077 -0.366401 2.746361
-0.220452 -0.365692 2.741047
-0.214849 -0.364985 2.735748
-0.209268 -0.364280 2.730470
-0.203707 -0.363579 2.725211
-0.198169 -0.362880 2.719973
-0.192651 -0.362184 2.714755
-0.187155 -0.361490 2.709557
-0.181679 -0.360800 2.704379
-0.176473 -0.360618 2.703021
-0.171282 -0.360459 2.701826
-0.166096 -0.360300 2.700633
-0.160914 -0.360141 2.699440
-0.155737 -0.359982 2.698248
-0.150564 -0.359823 2.697058
-0.145396 -0.359664 2.695868
-0.140233 -0.359506 2.694680
-0.135074 -0.359347 2.693492
-0.129919 -0.359189 2.692306
-0.124770 -0.359031 2.691121
-0.119624 -0.358873 2.689936
-0.114570 -0.358985 2.690777
-0.109542 -0.359197 2.692366
-0.104509 -0.359409 2.693957
-0.099470 -0.359622 2.695549
-0.094425 -0.359834 2.697144
-0.089373 -0.360047 2.698741
-0.084316 -0.360261 2.700339
-0.079253 -0.360474 2.701939
-0.074184 -0.360688 2.703542
-0.069109 -0.360902 2.705146
-0.064028 -0.361116 2.706752
-0.058940 -0.361331 2.708359
-0.053887 -0.361811 2.711959
-0.048855 -0.362556 2.717542
-0.043803 -0.363303 2.723144
-0.038729 -0.364054 2.728769
-0.033635 -0.364807 2.734417
-0.028519 -0.365564 2.740089
-0.023382 -0.366324 2.745784
-0.018224 -0.367087 2.751503
-0.013047 -0.367916 2.757723
-0.007898 -0.371200 2.782332
-0.002656 -0.374544 2.807398
0.006233 -0.878874 6.587611
0.018701 -0.878939 6.588101
0.031170 -0.879005 6.588592
0.043642 -0.879070 6.589082
0.056115 -0.879135 6.589572
0.068590 -0.879201 6.590063
0.081067 -0.879266 6.590553
0.093546 -0.879332 6.591043
0.106027 -0.879397 6.591534
0.118509 -0.879463 6.592025
0.130994 -0.879528 6.592516
0.143480 -0.879594 6.593007
0.155968 -0.879659 6.593498
0.168458 -0.879725 6.593989
0.180950 -0.879790 6.594480
0.193443 -0.879856 6.594971
0.205939 -0.879921 6.595462
0.218436 -0.879987 6.595953
0.230936 -0.880052 6.596445
0.243437 -0.880118 6.596936
0.255940 -0.880183 6.597428
0.268445 -0.880249 6.597919
0.280951 -0.880315 6.598411
0.293460 -0.880380 6.598903
0.305971 -0.880446 6.599395
0.318483 -0.880512 6.599887
0.330997 -0.880577 6.600379
0.343513 -0.880643 6.600871
0.356031 -0.880708 6.601363
0.368551 -0.880774 6.601855
-1.097583 -1.052166 8.000000
-1.082444 -1.052166 8.000000
-1.067305 -1.052166 8.000000
-1.052166 -1.052166 8.000000
-1.037027 -1.052166 8.000000
-1.021888 -1.052166 8.000000
-1.006749 -1.052166 8.000000
-0.991610 -1.052166 8.000000
-0.976471 -1.052166 8.000000
-0.961331 -1.052166 8.000000
-0.946192 -1.052166 8.000000
-0.931053 -1.052166 8.000000
-0.915914 -1.052166 8.000000
-0.900775 -1.052166 8.000000
-0.885636 -1.052166 8.000000
-0.870497 -1.052166 8.000000
-0.855358 -1.052166 8.000000
-0.840219 -1.052166 8.000000
-0.825080 -1.052166 8.000000
-0.809941 -1.052166 8.000000
-0.794802 -1.052166 8.000000
-0.779663 -1.052166 8.000000
-0.764523 -1.052166 8.000000
-0.749384 -1.052166 8.000000
-0.734245 -1.052166 8.000000
-0.719106 -1.052166 8.000000
-0.703967 -1.052166 8.000000
-0.239807 -0.366298 2.785099
-0.232415 -0.362986 2.759914
-0.225997 -0.361075 2.745385
-0.220374 -0.360377 2.740074
-0.214773 -0.359680 2.734779
-0.209194 -0.358986 2.729504
-0.203635 -0.358295 2.724250
-0.198099 -0.357607 2.719015
-0.192583 -0.356921 2.713800
-0.187089 -0.356238 2.708606
-0.181623 -0.355572 2.703542
-0.176429 -0.355415 2.702347
-0.171239 -0.355258 2.701153
-0.166054 -0.355101 2.699960
-0.160874 -0.354944 2.698768
-0.155698 -0.354787 2.697577
-0.150527 -0.354631 2.696387
-0.145360 -0.354474 2.695198
-0.140198 -0.354318 2.694010
-0.135040 -0.354162 2.692823
-0.129887 -0.354006 2.691637
-0.124739 -0.353850 2.690452
-0.119595 -0.353695 2.689269
-0.114541 -0.353805 2.690111
-0.109515 -0.354014 2.691699
-0.104483 -0.354223 2.693289
-0.099445 -0.354433 2.694881
-0.094401 -0.354642 2.696475
-0.089351 -0.354852 2.698071
-0.084295 -0.355062 2.699668
-0.079233 -0.355273 2.701268
-0.074166 -0.355483 2.702869
-0.069092 -0.355694 2.704473
-0.064012 -0.355905 2.706078
-0.058926 -0.356117 2.707685
-0.053868 -0.356555 2.711016
-0.048838 -0.357289 2.716595
-0.043787 -0.358025 2.722193
-0.038716 -0.358764 2.727814
-0.033623 -0.359506 2.733458
-0.028509 -0.360252 2.739126
-0.023374 -0.361000 2.744817
-0.018218 -0.361752 2.750532
-0.013040 -0.362507 2.756270
-0.007889 -0.365518 2.779166
-0.002653 -0.368807 2.804175
0.006233 -0.866408 6.587611
0.018701 -0.866472 6.588101
0.031170 -0.866536 6.588592
0.043642 -0.866601 6.589082
0.056115 -0.866665 6.589572
0.068590 -0.866730 6.590063
0.081067 -0.866794 6.590553
0.093546 -0.866859 6.591043
0.106027 -0.866923 6.591534
0.118509 -0.866988 6.592025
0.130994 -0.867053 6.592516
0.143480 -0.867117 6.593007
0.155968 -0.867182 6.593498
0.168458 -0.867246 6.593989
0.180950 -0.867311 6.594480
0.193443 -0.867375 6.594971
0.205939 -0.867440 6.595462
0.218436 -0.867505 6.595953
0.230936 -0.867569 6.596445
0.243437 -0.867634 6.596936
0.255940 -0.867699 6.597428
0.268445 -0.867763 6.597919
0.280951 -0.867828 6.598411
0.293460 -0.867893 6.598903
0.305971 -0.867957 6.599395
0.318483 -0.868022 6.599887
0.330997 -0.868087 6.600379
0.343513 -0.868151 6.600871
0.356031 -0.868216 6.601363
0.368551 -0.868281 6.601855
-1.097583 -1.037027 8.000000
-1.082444 -1.037027 8.000000
-1.067305 -1.037027 8.000000
-1.052166 -1.037027 8.000000
-1.037027 -1.037027 8.000000
-1.021888 -1.037027 8.000000
-1.006749 -1.037027 8.000000
-0.991610 -1.037027 8.000000
-0.976471 -1.037027 8.000000
-0.961331 -1.037027 8.000000
-0.946192 -1.037027 8.000000
-0.931053 -1.037027 8.000000
-0.915914 -1.037027 8.000000
-0.900775 -1.037027 8.000000
-0.885636 -1.037027 8.000000
-0.870497 -1.037027 8.000000
-0.855358 -1.037027 8.000000
-0.840219 -1.037027 8.000000
-0.825080 -1.037027 8.000000
-0.809941 -1.037027 8.000000
-0.794802 -1.037027 8.000000
-0.779663 -1.037027 8.000000
-0.764523 -1.037027 8.000000
-0.749384 -1.037027 8.000000
-0.734245 -1.037027 8.000000
-0.719106 -1.037027 8.000000
-0.247040 -0.363919 2.807404
-0.239522 -0.360599 2.781792
-0.232142 -0.357342 2.756666
-0.225916 -0.355753 2.744410
-0.220296 -0.355065 2.739102
-0.214697 -0.354379 2.733810
-0.209120 -0.353696 2.728539
-0.203564 -0.353015 2.723288
-0.198029 -0.352337 2.718057
-0.192516 -0.351662 2.712847
-0.187023 -0.350989 2.707656
-0.181578 -0.350368 2.702868
-0.176385 -0.350213 2.701674
-0.171197 -0.350059 2.700480
-0.166013 -0.349904 2.699288
-0.160834 -0.349750 2.698096
-0.155659 -0.349595 2.696906
-0.150489 -0.349441 2.695716
-0.145324 -0.349287 2.694528
-0.140163 -0.349133 2.693341
-0.135007 -0.348980 2.692154
-0.129855 -0.348826 2.690969
-0.124708 -0.348672 2.689785
-0.119565 -0.348519 2.688602
-0.114513 -0.348628 2.689445
-0.109488 -0.348834 2.691033
-0.104457 -0.349040 2.692622
-0.099421 -0.349246 2.694213
-0.094378 -0.349453 2.695806
-0.089329 -0.349660 2.697401
-0.084274 -0.349867 2.698998
-0.079214 -0.350074 2.700597
-0.074147 -0.350281 2.702197
-0.069074 -0.350489 2.703800
-0.063996 -0.350697 2.705404
-0.058911 -0.350905 2.707011
-0.053849 -0.351302 2.710073
-0.048821 -0.352025 2.715648
-0.043772 -0.352750 2.721243
-0.038702 -0.353478 2.726860
-0.033611 -0.354209 2.732500
-0.028499 -0.354944 2.738163
-0.023366 -0.355681 2.743851
-0.018211 -0.356421 2.749561
-0.013035 -0.357165 2.755296
-0.007880 -0.359849 2.776008
-0.002650 -0.363084 2.800960
0.006233 -0.853941 6.587611
0.018701 -0.854005 6.588101
0.031170 -0.854068 6.588592
0.043642 -0.854132 6.589082
0.056115 -0.854195 6.589572
0.068590 -0.854259 6.590063
0.081067 -0.854323 6.590553
0.093546 -0.854386 6.591043
0.106027 -0.854450 6.591534
0.118509 -0.854513 6.592025
0.130994 -0.854577 6.592516
0.143480 -0.854641 6.593007
0.155968 -0.854704 6.593498
0.168458 -0.854768 6.593989
0.180950 -0.854832 6.594480
0.193443 -0.854895 6.594971
0.205939 -0.854959 6.595462
0.218436 -0.855023 6.595953
0.230936 -0.855086 6.596445
0.243437 -0.855150 6.596936
0.255940 -0.855214 6.597428
0.268445 -0.855277 6.597919
0.280951 -0.855341 6.598411
0.293460 -0.855405 6.598903
0.305971 -0.855469 6.599395
0.318483 -0.855533 6.599887
0.330997 -0.855596 6.600379
0.343513 -0.855660 6.600871
0.356031 -0.855724 6.601363
0.368551 -0.855788 6.601855
-1.097583 -1.021888 8.000000
-1.082444 -1.021888 8.000000
-1.067305 -1.021888 8.000000
-1.052166 -1.021888 8.000000
-1.037027 -1.021888 8.000000
-1.021888 -1.021888 8.000000
-1.006749 -1.021888 8.000000
-0.991610 -1.021888 8.000000
-0.976471 -1.021888 8.000000
-0.961331 -1.021888 8.000000
-0.946192 -1.021888 8.000000
-0.931053 -1.021888 8.000000
-0.915914 -1.021888 8.000000
-0.900775 -1.021888 8.000000
-0.885636 -1.021888 8.000000
-0.870497 -1.021888 8.000000
-0.855358 -1.021888 8.000000
-0.840219 -1.021888 8.000000
-0.825080 -1.021888 8.000000
-0.809941 -1.021888 8.000000
-0.794802 -1.021888 8.000000
-0.779663 -1.021888 8.000000
-0.764523 -1.021888 8.000000
-0.749384 -1.021888 8.000000
-0.734245 -1.021888 8.000000
-0.719106 -1.021888 8.000000
-0.246743 -0.358176 2.804033
-0.239238 -0.354913 2.778492
-0.231869 -0.351712 2.753426
-0.225836 -0.350435 2.743435
-0.220218 -0.349758 2.738131
-0.214621 -0.349082 2.732842
-0.209046 -0.348409 2.727575
-0.203492 -0.347739 2.722328
-0.197959 -0.347071 2.717101
-0.192448 -0.346406 2.711894
-0.186958 -0.345744 2.706707
-0.181533 -0.345167 2.702194
-0.176341 -0.345015 2.701000
-0.171154 -0.344863 2.699808
-0.165972 -0.344710 2.698616
-0.160794 -0.344558 2.697425
-0.155621 -0.344406 2.696235
-0.150452 -0.344254 2.695046
-0.145288 -0.344103 2.693858
-0.140128 -0.343951 2.692672
-0.134973 -0.343800 2.691486
-0.129823 -0.343648 2.690301
-0.124677 -0.343497 2.689118
-0.119535 -0.343346 2.687935
-0.114485 -0.343454 2.688780
-0.109461 -0.343657 2.690367
-0.104431 -0.343859 2.691955
-0.099396 -0.344063 2.693545
-0.094354 -0.344266 2.695138
-0.089307 -0.344470 2.696732
-0.084254 -0.344674 2.698328
-0.079194 -0.344878 2.699926
-0.074129 -0.345082 2.701525
-0.069057 -0.345287 2.703127
-0.063980 -0.345491 2.704731
-0.058896 -0.345697 2.706336
-0.053831 -0.346054 2.709131
-0.048804 -0.346765 2.714702
-0.043757 -0.347479 2.720293
-0.038688 -0.348196 2.725906
-0.033599 -0.348916 2.731542
-0.028489 -0.349639 2.737202
-0.023358 -0.350365 2.742885
-0.018205 -0.351094 2.748592
-0.013031 -0.351826 2.754323
-0.007871 -0.354194 2.772856
-0.002647 -0.357373 2.797751
0.006233 -0.841475 6.587611
0.018701 -0.841538 6.588101
0.031170 -0.841600 6.588592
0.043642 -0.841663 6.589082
0.056115 -0.841725 6.589572
0.068590 -0.841788 6.590063
0.081067 -0.841851 6.590553
0.093546 -0.841913 6.591043
0.106027 -0.841976 6.591534
0.118509 -0.842039 6.592025
0.130994 -0.842101 6.592516
0.143480 -0.842164 6.593007
0.155968 -0.842227 6.593498
0.168458 -0.842290 6.593989
0.180950 -0.842352 6.594480
0.193443 -0.842415 6.594971
0.205939 -0.842478 6.595462
0.218436 -0.842541 6.595953
0.230936 -0.842603 6.596445
0.243437 -0.842666 6.596936
0.255940 -0.842729 6.597428
0.268445 -0.842792 6.597919
0.280951 -0.842854 6.598411
0.293460 -0.842917 6.598903
0.305971 -0.842980 6.599395
0.318483 -0.843043 6.599887
0.330997 -0.843106 6.600379
0.343513 -0.843169 6.600871
0.356031 -0.843231 6.601363
0.368551 -0.843294 6.601855
-1.097583 -1.006749 8.000000
-1.082444 -1.006749 8.000000
-1.067305 -1.006749 8.000000
-1.052166 -1.006749 8.000000
-1.037027 -1.006749 8.000000
-1.021888 -1.006749 8.000000
-1.006749 -1.006749 8.000000
-0.991610 -1.006749 8.000000
-0.976471 -1.006749 8.000000
-0.961331 -1.006749 8.000000
-0.946192 -1.006749 8.000000
-0.931053 -1.006749 8.000000
-0.915914 -1.006749 8.000000
-0.900775 -1.006749 8.000000
-0.885636 -1.006749 8.000000
-0.870497 -1.006749 8.000000
-0.855358 -1.006749 8.000000
-0.840219 -1.006749 8.000000
-0.825080 -1.006749 8.000000
-0.809941 -1.006749 8.000000
-0.794802 -1.006749 8.000000
-0.779663 -1.006749 8.000000
-0.764523 -1.006749 8.000000
-0.749384 -1.006749 8.000000
-0.734245 -1.006749 8.000000
-0.719106 -1.006749 8.000000
-0.246447 -0.352446 2.800670
-0.238954 -0.349241 2.775201
-0.231597 -0.346094 2.750193
-0.225756 -0.345121 2.742461
-0.220140 -0.344454 2.737160
-0.214545 -0.343789 2.731875
-0.208972 -0.343127 2.726612
-0.203420 -0.342467 2.721368
-0.197890 -0.341809 2.716145
-0.192380 -0.341155 2.710941
-0.186892 -0.340502 2.705758
-0.181487 -0.339969 2.701521
-0.176297 -0.339819 2.700328
-0.171111 -0.339669 2.699135
-0.165930 -0.339519 2.697944
-0.160754 -0.339369 2.696754
-0.155582 -0.339219 2.695564
-0.150414 -0.339070 2.694376
-0.145252 -0.338921 2.693189
-0.140093 -0.338771 2.692003
-0.134940 -0.338622 2.690818
-0.129790 -0.338473 2.689634
-0.124646 -0.338324 2.688451
-0.119506 -0.338176 2.687269
-0.114456 -0.338282 2.688114
-0.109434 -0.338482 2.689701
-0.104406 -0.338681 2.691288
-0.099371 -0.338881 2.692878
-0.094331 -0.339082 2.694469
-0.089285 -0.339282 2.696063
-0.084233 -0.339483 2.697658
-0.079174 -0.339684 2.699255
-0.074110 -0.339885 2.700854
-0.069040 -0.340087 2.702455
-0.063964 -0.340288 2.704058
-0.058882 -0.340490 2.705662
-0.053812 -0.340808 2.708190
-0.048787 -0.341509 2.713757
-0.043741 -0.342212 2.719344
-0.038675 -0.342918 2.724953
-0.033588 -0.343627 2.730586
-0.028479 -0.344338 2.736241
-0.023349 -0.345053 2.741920
-0.018198 -0.345771 2.747623
-0.013026 -0.346491 2.753350
-0.007862 -0.348551 2.769712
-0.002644 -0.351676 2.794550
0.002668 -0.354859 2.819838
0.018701 -0.829070 6.588101
0.031170 -0.829132 6.588592
0.043642 -0.829194 6.589082
0.056115 -0.829255 6.589572
0.068590 -0.829317 6.590063
0.081067 -0.829379 6.590553
0.093546 -0.829441 6.591043
0.106027 -0.829502 6.591534
0.118509 -0.829564 6.592025
0.130994 -0.829626 6.592516
0.143480 -0.829688 6.593007
0.155968 -0.829749 6.593498
0.168458 -0.829811 6.593989
0.180950 -0.829873 6.594480
0.193443 -0.829935 6.594971
0.205939 -0.829997 6.595462
0.218436 -0.830058 6.595953
0.230936 -0.830120 6.596445
0.243437 -0.830182 6.596936
0.255940 -0.830244 6.597428
0.268445 -0.830306 6.597919
0.280951 -0.830368 6.598411
0.293460 -0.830430 6.598903
0.305971 -0.830492 6.599395
0.318483 -0.830553 6.599887
0.330997 -0.830615 6.600379
0.343513 -0.830677 6.600871
0.356031 -0.830739 6.601363
0.368551 -0.830801 6.601855
-1.097583 -0.991610 8.000000
-1.082444 -0.991610 8.000000
-1.067305 -0.991610 8.000000
-1.052166 -0.991610 8.000000
-1.037027 -0.991610 8.000000
-1.021888 -0.991610 8.000000
-1.006749 -0.991610 8.000000
-0.991610 -0.991610 8.000000
-0.976471 -0.991610 8.000000
-0.961331 -0.991610 8.000000
-0.946192 -0.991610 8.000000
-0.931053 -0.991610 8.000000
-0.915914 -0.991610 8.000000
-0.900775 -0.991610 8.000000
-0.885636 -0.991610 8.000000
-0.870497 -0.991610 8.000000
-0.855358 -0.991610 8.000000
-0.840219 -0.991610 8.000000
-0.825080 -0.991610 8.000000
-0.809941 -0.991610 8.000000
-0.794802 -0.991610 8.000000
-0.779663 -0.991610 8.000000
-0.764523 -0.991610 8.000000
-0.749384 -0.991610 8.000000
-0.734245 -0.991610 8.000000
-0.719106 -0.991610 8.000000
-0.246153 -0.346731 2.797322
-0.238672 -0.343582 2.771917
-0.231325 -0.340490 2.746968
-0.225676 -0.339811 2.741488
-0.220062 -0.339154 2.736189
-0.214469 -0.338499 2.730909
-0.208898 -0.337847 2.725649
-0.203348 -0.337198 2.720409
-0.197820 -0.336551 2.715189
-0.192313 -0.335906 2.709990
-0.186827 -0.335264 2.704809
-0.181442 -0.334773 2.700848
-0.176253 -0.334625 2.699655
-0.171069 -0.334478 2.698463
-0.165889 -0.334330 2.697273
-0.160714 -0.334183 2.696083
-0.155543 -0.334035 2.694894
-0.150377 -0.333888 2.693707
-0.145216 -0.333741 2.692520
-0.140059 -0.333594 2.691334
-0.134906 -0.333447 2.690150
-0.129758 -0.333301 2.688967
-0.124615 -0.333154 2.687784
-0.119476 -0.333008 2.686603
-0.114428 -0.333113 2.687450
-0.109407 -0.333309 2.689035
-0.104380 -0.333506 2.690622
-0.099347 -0.333703 2.692211
-0.094308 -0.333900 2.693802
-0.089263 -0.334097 2.695394
-0.084212 -0.334295 2.696989
-0.079155 -0.334493 2.698585
-0.074092 -0.334691 2.700183
-0.069023 -0.334889 2.701783
-0.063948 -0.335088 2.703385
-0.058867 -0.335287 2.704989
-0.053793 -0.335567 2.707249
-0.048770 -0.336256 2.712812
-0.043726 -0.336948 2.718396
-0.038661 -0.337643 2.724001
-0.033576 -0.338341 2.729629
-0.028469 -0.339041 2.735281
-0.023341 -0.339745 2.740956
-0.018192 -0.340451 2.746655
-0.013021 -0.341161 2.752378
-0.007853 -0.342920 2.766575
-0.002641 -0.345992 2.791357
0.002665 -0.349119 2.816586
0.018701 -0.816603 6.588101
0.031170 -0.816664 6.588592
0.043642 -0.816725 6.589082
0.056115 -0.816785 6.589572
0.068590 -0.816846 6.590063
0.081067 -0.816907 6.590553
0.093546 -0.816968 6.591043
0.106027 -0.817029 6.591534
0.118509 -0.817089 6.592025
0.130994 -0.817150 6.592516
0.143480 -0.817211 6.593007
0.155968 -0.817272 6.593498
0.168458 -0.817333 6.593989
0.180950 -0.817394 6.594480
0.193443 -0.817455 6.594971
0.205939 -0.817515 6.595462
0.218436 -0.817576 6.595953
0.230936 -0.817637 6.596445
0.243437 -0.817698 6.596936
0.255940 -0.817759 6.597428
0.268445 -0.817820 6.597919
0.280951 -0.817881 6.598411
0.293460 -0.817942 6.598903
0.305971 -0.818003 6.599395
0.318483 -0.818064 6.599887
0.330997 -0.818125 6.600379
0.343513 -0.818186 6.600871
0.356031 -0.818247 6.601363
0.368551 -0.818308 6.601855
-1.097583 -0.976471 8.000000
-1.082444 -0.976471 8.000000
-1.067305 -0.976471 8.000000
-1.052166 -0.976471 8.000000
-1.037027 -0.976471 8.000000
-1.021888 -0.976471 8.000000
-1.006749 -0.976471 8.000000
-0.991610 -0.976471 8.000000
-0.976471 -0.976471 8.000000
-0.961331 -0.976471 8.000000
-0.946192 -0.976471 8.000000
-0.931053 -0.976471 8.000000
-0.915914 -0.976471 8.000000
-0.900775 -0.976471 8.000000
-0.885636 -0.976471 8.000000
-0.870497 -0.976471 8.000000
-0.855358 -0.976471 8.000000
-0.840219 -0.976471 8.000000
-0.825080 -0.976471 8.000000
-0.809941 -0.976471 8.000000
-0.794802 -0.976471 8.000000
-0.779663 -0.976471 8.000000
-0.764523 -0.976471 8.000000
-0.749384 -0.976471 8.000000
-0.734245 -0.976471 8.000000
-0.719106 -0.976471 8.000000
-0.245859 -0.341031 2.793986
-0.238390 -0.337937 2.768641
-0.231229 -0.335152 2.745828
-0.225596 -0.334504 2.740515
-0.219984 -0.333858 2.735220
-0.214393 -0.333214 2.729943
-0.208824 -0.332572 2.724687
-0.203277 -0.331933 2.719450
-0.197750 -0.331296 2.714234
-0.192245 -0.330662 2.709038
-0.186761 -0.330030 2.703862
-0.181397 -0.329580 2.700175
-0.176209 -0.329435 2.698983
-0.171026 -0.329289 2.697792
-0.165848 -0.329144 2.696602
-0.160674 -0.328999 2.695412
-0.155505 -0.328854 2.694224
-0.150340 -0.328709 2.693038
-0.145180 -0.328564 2.691851
-0.140024 -0.328420 2.690666
-0.134873 -0.328275 2.689482
-0.129726 -0.328131 2.688300
-0.124584 -0.327986 2.687118
-0.119446 -0.327842 2.685937
-0.114400 -0.327946 2.686785
-0.109380 -0.328139 2.688370
-0.104354 -0.328333 2.689956
-0.099322 -0.328527 2.691544
-0.094284 -0.328721 2.693134
-0.089241 -0.328915 2.694726
-0.084191 -0.329110 2.696319
-0.079135 -0.329304 2.697915
-0.074073 -0.329499 2.699512
-0.069006 -0.329694 2.701112
-0.063932 -0.329890 2.702713
-0.058852 -0.330086 2.704316
-0.053774 -0.330329 2.706309
-0.048753 -0.331007 2.711869
-0.043711 -0.331689 2.717448
-0.038648 -0.332372 2.723049
-0.033564 -0.333059 2.728674
-0.028459 -0.333748 2.734322
-0.023333 -0.334440 2.739993
-0.018186 -0.335135 2.745687
-0.013017 -0.335833 2.751406
-0.007844 -0.337303 2.763448
-0.002638 -0.340321 2.788171
0.002662 -0.343393 2.813342
0.018701 -0.804136 6.588101
0.031170 -0.804196 6.588592
0.043642 -0.804256 6.589082
0.056115 -0.804315 6.589572
0.068590 -0.804375 6.590063
0.081067 -0.804435 6.590553
0.093546 -0.804495 6.591043
0.106027 -0.804555 6.591534
0.118509 -0.804615 6.592025
0.130994 -0.804675 6.592516
0.143480 -0.804735 6.593007
0.155968 -0.804795 6.593498
0.168458 -0.804855 6.593989
0.180950 -0.804914 6.594480
0.193443 -0.804974 6.594971
0.205939 -0.805034 6.595462
0.218436 -0.805094 6.595953
0.230936 -0.805154 6.596445
0.243437 -0.805214 6.596936
0.255940 -0.805274 6.597428
0.268445 -0.805334 6.597919
0.280951 -0.805394 6.598411
0.293460 -0.805454 6.598903
0.305971 -0.805514 6.599395
0.318483 -0.805574 6.599887
0.330997 -0.805634 6.600379
0.343513 -0.805694 6.600871
0.356031 -0.805755 6.601363
0.368551 -0.805815 6.601855
-1.097583 -0.961331 8.000000
-1.082444 -0.961331 8.000000
-1.067305 -0.961331 8.000000
-1.052166 -0.961331 8.000000
-1.037027 -0.961331 8.000000
-1.021888 -0.961331 8.000000
-1.006749 -0.961331 8.000000
-0.991610 -0.961331 8.000000
-0.976471 -0.961331 8.000000
-0.961331 -0.961331 8.000000
-0.946192 -0.961331 8.000000
-0.931053 -0.961331 8.000000
-0.915914 -0.961331 8.000000
-0.900775 -0.961331 8.000000
-0.885636 -0.961331 8.000000
-0.870497 -0.961331 8.000000
-0.855358 -0.961331 8.000000
-0.840219 -0.961331 8.000000
-0.825080 -0.961331 8.000000
-0.809941 -0.961331 8.000000
-0.794802 -0.961331 8.000000
-0.779663 -0.961331 8.000000
-0.764523 -0.961331 8.000000
-0.749384 -0.961331 8.000000
-0.734245 -0.961331 8.000000
-0.719106 -0.961331 8.000000
-0.245566 -0.335343 2.790657
-0.238108 -0.332305 2.765372
-0.231147 -0.329839 2.744852
-0.225516 -0.329201 2.739543
-0.219906 -0.328565 2.734251
-0.214317 -0.327932 2.728978
-0.208751 -0.327300 2.723725
-0.203205 -0.326672 2.718493
-0.197681 -0.326045 2.713280
-0.192178 -0.325421 2.708088
-0.186696 -0.324800 2.702915
-0.181352 -0.324390 2.699503
-0.176165 -0.324246 2.698311
-0.170984 -0.324103 2.697121
-0.165807 -0.323960 2.695931
-0.160634 -0.323818 2.694742
-0.155466 -0.323675 2.693555
-0.150302 -0.323532 2.692369
-0.145143 -0.323390 2.691183
-0.139989 -0.323248 2.689999
-0.134839 -0.323105 2.688815
-0.129694 -0.322963 2.687633
-0.124553 -0.322821 2.686452
-0.119417 -0.322679 2.685272
-0.114371 -0.322782 2.686121
-0.109353 -0.322972 2.687705
-0.104328 -0.323162 2.689290
-0.099297 -0.323353 2.690878
-0.094261 -0.323544 2.692467
-0.089218 -0.323735 2.694058
-0.084170 -0.323927 2.695651
-0.079115 -0.324118 2.697245
-0.074055 -0.324310 2.698842
-0.068989 -0.324502 2.700440
-0.063916 -0.324695 2.702041
-0.058838 -0.324887 2.703643
-0.053756 -0.325095 2.705369
-0.048736 -0.325762 2.710925
-0.043696 -0.326432 2.716501
-0.038634 -0.327105 2.722099
-0.033552 -0.327780 2.727719
-0.028449 -0.328458 2.733363
-0.023325 -0.329139 2.739030
-0.018179 -0.329823 2.744721
-0.013012 -0.330510 2.750435
-0.007835 -0.331699 2.760329
-0.002635 -0.334662 2.784992
0.002659 -0.337680 2.810105
0.018701 -0.791669 6.588101
0.031170 -0.791728 6.588592
0.043642 -0.791786 6.589082
0.056115 -0.791845 6.589572
0.068590 -0.791904 6.590063
0.081067 -0.791963 6.590553
0.093546 -0.792022 6.591043
0.106027 -0.792081 6.591534
0.118509 -0.792140 6.592025
0.130994 -0.792199 6.592516
0.143480 -0.792258 6.593007
0.155968 -0.792317 6.593498
0.168458 -0.792376 6.593989
0.180950 -0.792435 6.594480
0.193443 -0.792494 6.594971
0.205939 -0.792553 6.595462
0.218436 -0.792612 6.595953
0.230936 -0.792671 6.596445
0.243437 -0.792730 6.596936
0.255940 -0.792789 6.597428
0.268445 -0.792848 6.597919
0.280951 -0.792908 6.598411
0.293460 -0.792967 6.598903
0.305971 -0.793026 6.599395
0.318483 -0.793085 6.599887
0.330997 -0.793144 6.600379
0.343513 -0.793203 6.600871
0.356031 -0.793262 6.601363
0.368551 -0.793321 6.601855
-1.097583 -0.946192 8.000000
-1.082444 -0.946192 8.000000
-1.067305 -0.946192 8.000000
-1.052166 -0.946192 8.000000
-1.037027 -0.946192 8.000000
-1.021888 -0.946192 8.000000
-1.006749 -0.946192 8.000000
-0.991610 -0.946192 8.000000
-0.976471 -0.946192 8.000000
-0.961331 -0.946192 8.000000
-0.946192 -0.946192 8.000000
-0.931053 -0.946192 8.000000
-0.915914 -0.946192 8.000000
-0.900775 -0.946192 8.000000
-0.885636 -0.946192 8.000000
-0.870497 -0.946192 8.000000
-0.855358 -0.946192 8.000000
-0.840219 -0.946192 8.000000
-0.825080 -0.946192 8.000000
-0.809941 -0.946192 8.000000
-0.794802 -0.946192 8.000000
-0.779663 -0.946192 8.000000
-0.764523 -0.946192 8.000000
-0.749384 -0.946192 8.000000
-0.734245 -0.946192 8.000000
-0.719106 -0.946192 8.000000
-0.245274 -0.329670 2.787337
-0.237827 -0.326686 2.762111
-0.231065 -0.324529 2.743877
-0.225436 -0.323902 2.738572
-0.219828 -0.323276 2.733283
-0.214242 -0.322653 2.728014
-0.208677 -0.322032 2.722764
-0.203134 -0.321414 2.717536
-0.197612 -0.320798 2.712327
-0.192111 -0.320184 2.707138
-0.186631 -0.319573 2.701969
-0.181307 -0.319202 2.698831
-0.176122 -0.319061 2.697639
-0.170941 -0.318920 2.696450
-0.165765 -0.318779 2.695261
-0.160594 -0.318639 2.694072
-0.155427 -0.318499 2.692886
-0.150265 -0.318358 2.691700
-0.145107 -0.318218 2.690515
-0.139954 -0.318078 2.689331
-0.134806 -0.317938 2.688149
-0.129662 -0.317798 2.686967
-0.124522 -0.317659 2.685786
-0.119387 -0.317519 2.684607
-0.114343 -0.317620 2.685457
-0.109326 -0.317807 2.687040
-0.104302 -0.317995 2.688625
-0.099273 -0.318182 2.690212
-0.094238 -0.318370 2.691800
-0.089196 -0.318558 2.693390
-0.084149 -0.318746 2.694982
-0.079096 -0.318935 2.696576
-0.074037 -0.319124 2.698172
-0.068972 -0.319313 2.699769
-0.063900 -0.319502 2.701369
-0.058823 -0.319691 2.702971
-0.053740 -0.319881 2.704574
-0.048719 -0.320521 2.709982
-0.043680 -0.321180 2.715555
-0.038621 -0.321841 2.721148
-0.033541 -0.322506 2.726765
-0.028439 -0.323173 2.732405
-0.023317 -0.323842 2.738068
-0.018173 -0.324515 2.743755
-0.013008 -0.325190 2.749465
-0.007827 -0.326107 2.757216
-0.002632 -0.329017 2.781820
0.002656 -0.331981 2.806876
0.018701 -0.779201 6.588101
0.031170 -0.779259 6.588592
0.043642 -0.779317 6.589082
0.056115 -0.779375 6.589572
0.068590 -0.779433 6.590063
0.081067 -0.779491 6.590553
0.093546 -0.779549 6.591043
0.106027 -0.779607 6.591534
0.118509 -0.779665 6.592025
0.130994 -0.779724 6.592516
0.143480 -0.779782 6.593007
0.155968 -0.779840 6.593498
0.168458 -0.779898 6.593989
0.180950 -0.779956 6.594480
0.193443 -0.780014 6.594971
0.205939 -0.780072 6.595462
0.218436 -0.780130 6.595953
0.230936 -0.780188 6.596445
0.243437 -0.780246 6.596936
0.255940 -0.780304 6.597428
0.268445 -0.780363 6.597919
0.280951 -0.780421 6.598411
0.293460 -0.780479 6.598903
0.305971 -0.780537 6.599395
0.318483 -0.780595 6.599887
0.330997 -0.780653 6.600379
0.343513 -0.780712 6.600871
0.356031 -0.780770 6.601363
0.368551 -0.780828 6.601855
-1.097583 -0.931053 8.000000
-1.082444 -0.931053 8.000000
-1.067305 -0.931053 8.000000
-1.052166 -0.931053 8.000000
-1.037027 -0.931053 8.000000
-1.021888 -0.931053 8.000000
-1.006749 -0.931053 8.000000
-0.991610 -0.931053 8.000000
-0.976471 -0.931053 8.000000
-0.961331 -0.931053 8.000000
-0.946192 -0.931053 8.000000
-0.931053 -0.931053 8.000000
-0.915914 -0.931053 8.000000
-0.900775 -0.931053 8.000000
-0.885636 -0.931053 8.000000
-0.870497 -0.931053 8.000000
-0.855358 -0.931053 8.000000
-0.840219 -0.931053 8.000000
-0.825080 -0.931053 8.000000
-0.809941 -0.931053 8.000000
-0.794802 -0.931053 8.000000
-0.779663 -0.931053 8.000000
-0.764523 -0.931053 8.000000
-0.749384 -0.931053 8.000000
-0.734245 -0.931053 8.000000
-0.252557 -0.326995 2.809681
-0.244983 -0.324009 2.784024
-0.237547 -0.321081 2.758858
-0.230983 -0.319224 2.742903
-0.225356 -0.318607 2.737601
-0.219750 -0.317991 2.732315
-0.214166 -0.317379 2.727050
-0.208603 -0.316768 2.721804
-0.203062 -0.316160 2.716579
-0.197542 -0.315554 2.711374
-0.192043 -0.314951 2.706189
-0.186565 -0.314350 2.701024
-0.181261 -0.314016 2.698159
-0.176078 -0.313878 2.696968
-0.170899 -0.313739 2.695779
-0.165724 -0.313601 2.694591
-0.160554 -0.313463 2.693403
-0.155389 -0.313325 2.692217
-0.150228 -0.313187 2.691032
-0.145071 -0.313049 2.689847
-0.139920 -0.312911 2.688664
-0.134772 -0.312774 2.687482
-0.129630 -0.312636 2.686301
-0.124491 -0.312499 2.685121
-0.119358 -0.312362 2.683942
-0.114315 -0.312461 2.684794
-0.109299 -0.312645 2.686376
-0.104276 -0.312829 2.687960
-0.099248 -0.313014 2.689546
-0.094214 -0.313199 2.691133
-0.089174 -0.313384 2.692723
-0.084128 -0.313569 2.694314
-0.079076 -0.313754 2.695907
-0.074018 -0.313940 2.697502
-0.068954 -0.314126 2.699099
-0.063884 -0.314312 2.700698
-0.058809 -0.314498 2.702299
-0.053727 -0.314685 2.703901
-0.048702 -0.315283 2.709040
-0.043665 -0.315931 2.714609
-0.038607 -0.316581 2.720198
-0.033529 -0.317234 2.725811
-0.028429 -0.317890 2.731447
-0.023308 -0.318549 2.737106
-0.018166 -0.319210 2.742789
-0.013003 -0.319874 2.748496
-0.007818 -0.320541 2.754226
-0.002629 -0.323385 2.778655
0.002653 -0.326294 2.803654
0.018701 -0.766734 6.588101
0.031170 -0.766791 6.588592
0.043642 -0.766848 6.589082
0.056115 -0.766905 6.589572
0.068590 -0.766962 6.590063
0.081067 -0.767020 6.590553
0.093546 -0.767077 6.591043
0.106027 -0.767134 6.591534
0.118509 -0.767191 6.592025
0.130994 -0.767248 6.592516
0.143480 -0.767305 6.593007
0.155968 -0.767362 6.593498
0.168458 -0.767419 6.593989
0.180950 -0.767476 6.594480
0.193443 -0.767534 6.594971
0.205939 -0.767591 6.595462
0.218436 -0.767648 6.595953
0.230936 -0.767705 6.596445
0.243437 -0.767762 6.596936
0.255940 -0.767820 6.597428
0.268445 -0.767877 6.597919
0.280951 -0.767934 6.598411
0.293460 -0.767991 6.598903
0.305971 -0.768049 6.599395
0.318483 -0.768106 6.599887
0.330997 -0.768163 6.600379
0.343513 -0.768220 6.600871
0.356031 -0.768278 6.601363
0.368551 -0.768335 6.601855
-1.097583 -0.915914 8.000000
-1.082444 -0.915914 8.000000
-1.067305 -0.915914 8.000000
-1.052166 -0.915914 8.000000
-1.037027 -0.915914 8.000000
-1.021888 -0.915914 8.000000
-1.006749 -0.915914 8.000000
-0.991610 -0.915914 8.000000
-0.976471 -0.915914 8.000000
-0.961331 -0.915914 8.000000
-0.946192 -0.915914 8.000000
-0.931053 -0.915914 8.000000
-0.915914 -0.915914 8.000000
-0.900775 -0.915914 8.000000
-0.885636 -0.915914 8.000000
-0.870497 -0.915914 8.000000
-0.855358 -0.915914 8.000000
-0.840219 -0.915914 8.000000
-0.825080 -0.915914 8.000000
-0.809941 -0.915914 8.000000
-0.794802 -0.915914 8.000000
-0.779663 -0.915914 8.000000
-0.764523 -0.915914 8.000000
-0.749384 -0.915914 8.000000
-0.734245 -0.915914 8.000000
-0.252254 -0.321292 2.806305
-0.244692 -0.318363 2.780719
-0.237268 -0.315488 2.755613
-0.230901 -0.313921 2.741929
-0.225276 -0.313315 2.736630
-0.219672 -0.312710 2.731348
-0.214090 -0.312108 2.726087
-0.208530 -0.311508 2.720845
-0.202991 -0.310910 2.715623
-0.197473 -0.310314 2.710422
-0.191976 -0.309721 2.705241
-0.186500 -0.309130 2.700079
-0.181216 -0.308833 2.697488
-0.176034 -0.308697 2.696298
-0.170856 -0.308561 2.695109
-0.165683 -0.308425 2.693921
-0.160514 -0.308289 2.692734
-0.155350 -0.308153 2.691548
-0.150191 -0.308018 2.690364
-0.145035 -0.307882 2.689180
-0.139885 -0.307747 2.687998
-0.134739 -0.307612 2.686816
-0.129598 -0.307476 2.685635
-0.124461 -0.307341 2.684456
-0.119328 -0.307206 2.683277
-0.114287 -0.307304 2.684131
-0.109272 -0.307485 2.685712
-0.104251 -0.307667 2.687295
-0.099224 -0.307848 2.688880
-0.094191 -0.308030 2.690467
-0.089152 -0.308212 2.692056
-0.084107 -0.308394 2.693646
-0.079057 -0.308576 2.695238
-0.074000 -0.308758 2.696833
-0.068937 -0.308941 2.698429
-0.063869 -0.309124 2.700027
-0.058794 -0.309307 2.701627
-0.053713 -0.309491 2.703229
-0.048685 -0.310048 2.708099
-0.043650 -0.310685 2.713664
-0.038594 -0.311325 2.719250
-0.033517 -0.311967 2.724859
-0.028419 -0.312612 2.730490
-0.023300 -0.313259 2.736146
-0.018160 -0.313910 2.741824
-0.012998 -0.314562 2.747527
-0.007815 -0.315218 2.753253
-0.002626 -0.317765 2.775498
0.002650 -0.320620 2.800440
0.018701 -0.754267 6.588101
0.031170 -0.754323 6.588592
0.043642 -0.754379 6.589082
0.056115 -0.754435 6.589572
0.068590 -0.754492 6.590063
0.081067 -0.754548 6.590553
0.093546 -0.754604 6.591043
0.106027 -0.754660 6.591534
0.118509 -0.754716 6.592025
0.130994 -0.754772 6.592516
0.143480 -0.754829 6.593007
0.155968 -0.754885 6.593498
0.168458 -0.754941 6.593989
0.180950 -0.754997 6.594480
0.193443 -0.755053 6.594971
0.205939 -0.755110 6.595462
0.218436 -0.755166 6.595953
0.230936 -0.755222 6.596445
0.243437 -0.755278 6.596936
0.255940 -0.755335 6.597428
0.268445 -0.755391 6.597919
0.280951 -0.755447 6.598411
0.293460 -0.755504 6.598903
0.305971 -0.755560 6.599395
0.318483 -0.755616 6.599887
0.330997 -0.755673 6.600379
0.343513 -0.755729 6.600871
0.356031 -0.755785 6.601363
0.368551 -0.755842 6.601855
-1.097583 -0.900775 8.000000
-1.082444 -0.900775 8.000000
-1.067305 -0.900775 8.000000
-1.052166 -0.900775 8.000000
-1.037027 -0.900775 8.000000
-1.021888 -0.900775 8.000000
-1.006749 -0.900775 8.000000
-0.991610 -0.900775 8.000000
-0.976471 -0.900775 8.000000
-0.961331 -0.900775 8.000000
-0.946192 -0.900775 8.000000
-0.931053 -0.900775 8.000000
-0.915914 -0.900775 8.000000
-0.900775 -0.900775 8.000000
-0.885636 -0.900775 8.000000
-0.870497 -0.900775 8.000000
-0.855358 -0.900775 8.000000
-0.840219 -0.900775 8.000000
-0.825080 -0.900775 8.000000
-0.809941 -0.900775 8.000000
-0.794802 -0.900775 8.000000
-0.779663 -0.900775 8.000000
-0.764523 -0.900775 8.000000
-0.749384 -0.900775 8.000000
-0.734245 -0.900775 8.000000
-0.251951 -0.315602 2.802937
-0.244402 -0.312729 2.777422
-0.236989 -0.309909 2.752375
-0.230819 -0.308623 2.740956
-0.225196 -0.308027 2.735661
-0.219595 -0.307433 2.730382
-0.214015 -0.306840 2.725124
-0.208456 -0.306251 2.719886
-0.202919 -0.305663 2.714669
-0.197403 -0.305078 2.709471
-0.191909 -0.304495 2.704293
-0.186435 -0.303914 2.699135
-0.181171 -0.303653 2.696816
-0.175990 -0.303519 2.695627
-0.170814 -0.303385 2.694439
-0.165642 -0.303252 2.693252
-0.160474 -0.303118 2.692065
-0.155312 -0.302985 2.690880
-0.150153 -0.302851 2.689696
-0.144999 -0.302718 2.688513
-0.139850 -0.302585 2.687331
-0.134706 -0.302452 2.686150
-0.129565 -0.302319 2.684970
-0.124430 -0.302187 2.683791
-0.119299 -0.302054 2.682614
-0.114258 -0.302150 2.683468
-0.109245 -0.302328 2.685049
-0.104225 -0.302506 2.686631
-0.099199 -0.302685 2.688215
-0.094168 -0.302863 2.689801
-0.089130 -0.303042 2.691389
-0.084087 -0.303221 2.692978
-0.079037 -0.303400 2.694570
-0.073982 -0.303580 2.696164
-0.068920 -0.303759 2.697759
-0.063853 -0.303939 2.699356
-0.058779 -0.304119 2.700955
-0.053700 -0.304299 2.702556
-0.048668 -0.304818 2.707158
-0.043635 -0.305444 2.712720
-0.038581 -0.306072 2.718302
-0.033505 -0.306703 2.723906
-0.028409 -0.307337 2.729534
-0.023292 -0.307973 2.735186
-0.018154 -0.308612 2.740860
-0.012994 -0.309254 2.746558
-0.007813 -0.309898 2.752281
-0.002623 -0.312158 2.772348
0.002647 -0.314960 2.797233
0.018701 -0.741800 6.588101
0.031170 -0.741855 6.588592
0.043642 -0.741910 6.589082
0.056115 -0.741965 6.589572
0.068590 -0.742021 6.590063
0.081067 -0.742076 6.590553
0.093546 -0.742131 6.591043
0.106027 -0.742186 6.591534
0.118509 -0.742242 6.592025
0.130994 -0.742297 6.592516
0.143480 -0.742352 6.593007
0.155968 -0.742407 6.593498
0.168458 -0.742463 6.593989
0.180950 -0.742518 6.594480
0.193443 -0.742573 6.594971
0.205939 -0.742629 6.595462
0.218436 -0.742684 6.595953
0.230936 -0.742739 6.596445
0.243437 -0.742795 6.596936
0.255940 -0.742850 6.597428
0.268445 -0.742905 6.597919
0.280951 -0.742961 6.598411
0.293460 -0.743016 6.598903
0.305971 -0.743071 6.599395
0.318483 -0.743127 6.599887
0.330997 -0.743182 6.600379
0.343513 -0.743238 6.600871
0.356031 -0.743293 6.601363
0.368551 -0.743348 6.601855
-1.097583 -0.885636 8.000000
-1.082444 -0.885636 8.000000
-1.067305 -0.885636 8.000000
-1.052166 -0.885636 8.000000
-1.037027 -0.885636 8.000000
-1.021888 -0.885636 8.000000
-1.006749 -0.885636 8.000000
-0.991610 -0.885636 8.000000
-0.976471 -0.885636 8.000000
-0.961331 -0.885636 8.000000
-0.946192 -0.885636 8.000000
-0.931053 -0.885636 8.000000
-0.915914 -0.885636 8.000000
-0.900775 -0.885636 8.000000
-0.885636 -0.885636 8.000000
-0.870497 -0.885636 8.000000
-0.855358 -0.885636 8.000000
-0.840219 -0.885636 8.000000
-0.825080 -0.885636 8.000000
-0.809941 -0.885636 8.000000
-0.794802 -0.885636 8.000000
-0.779663 -0.885636 8.000000
-0.764523 -0.885636 8.000000
-0.749384 -0.885636 8.000000
-0.734245 -0.885636 8.000000
-0.251649 -0.309926 2.799579
-0.244112 -0.307109 2.774133
-0.236711 -0.304343 2.749145
-0.230737 -0.303329 2.739984
-0.225116 -0.302743 2.734691
-0.219517 -0.302159 2.729417
-0.213939 -0.301577 2.724162
-0.208383 -0.300998 2.718928
-0.202848 -0.300420 2.713714
-0.197334 -0.299845 2.708520
-0.191841 -0.299273 2.703346
-0.186370 -0.298702 2.698191
-0.181126 -0.298475 2.696146
-0.175946 -0.298344 2.694957
-0.170771 -0.298212 2.693769
-0.165601 -0.298081 2.692583
-0.160434 -0.297950 2.691397
-0.155273 -0.297819 2.690212
-0.150116 -0.297688 2.689029
-0.144964 -0.297557 2.687846
-0.139816 -0.297426 2.686665
-0.134672 -0.297295 2.685485
-0.129533 -0.297165 2.684305
-0.124399 -0.297034 2.683127
-0.119269 -0.296904 2.681950
-0.114230 -0.296999 2.682806
-0.109218 -0.297174 2.684386
-0.104199 -0.297349 2.685967
-0.099175 -0.297524 2.687550
-0.094144 -0.297699 2.689136
-0.089108 -0.297875 2.690722
-0.084066 -0.298051 2.692312
-0.079017 -0.298227 2.693902
-0.073963 -0.298403 2.695495
-0.068903 -0.298580 2.697089
-0.063837 -0.298757 2.698686
-0.058765 -0.298934 2.700284
-0.053687 -0.299111 2.701885
-0.048651 -0.299591 2.706218
-0.043620 -0.300206 2.711776
-0.038567 -0.300823 2.717354
-0.033494 -0.301443 2.722955
-0.028399 -0.302066 2.728579
-0.023284 -0.302691 2.734226
-0.018147 -0.303319 2.739897
-0.012989 -0.303949 2.745591
-0.007810 -0.304582 2.751309
-0.002620 -0.306563 2.769205
0.002644 -0.309312 2.794034
0.008003 -0.312110 2.819311
0.031170 -0.729387 6.588592
0.043642 -0.729441 6.589082
0.056115 -0.729495 6.589572
0.068590 -0.729550 6.590063
0.081067 -0.729604 6.590553
0.093546 -0.729658 6.591043
0.106027 -0.729713 6.591534
0.118509 -0.729767 6.592025
0.130994 -0.729821 6.592516
0.143480 -0.729876 6.593007
0.155968 -0.729930 6.593498
0.168458 -0.729984 6.593989
0.180950 -0.730039 6.594480
0.193443 -0.730093 6.594971
0.205939 -0.730147 6.595462
0.218436 -0.730202 6.595953
0.230936 -0.730256 6.596445
0.243437 -0.730311 6.596936
0.255940 -0.730365 6.597428
0.268445 -0.730419 6.597919
0.280951 -0.730474 6.598411
0.293460 -0.730528 6.598903
0.305971 -0.730583 6.599395
0.318483 -0.730637 6.599887
0.330997 -0.730692 6.600379
0.343513 -0.730746 6.600871
0.356031 -0.730801 6.601363
0.368551 -0.730855 6.601855
-1.097583 -0.870497 8.000000
-1.082444 -0.870497 8.000000
-1.067305 -0.870497 8.000000
-1.052166 -0.870497 8.000000
-1.037027 -0.870497 8.000000
-1.021888 -0.870497 8.000000
-1.006749 -0.870497 8.000000
-0.991610 -0.870497 8.000000
-0.976471 -0.870497 8.000000
-0.961331 -0.870497 8.000000
-0.946192 -0.870497 8.000000
-0.931053 -0.870497 8.000000
-0.915914 -0.870497 8.000000
-0.900775 -0.870497 8.000000
-0.885636 -0.870497 8.000000
-0.870497 -0.870497 8.000000
-0.855358 -0.870497 8.000000
-0.840219 -0.870497 8.000000
-0.825080 -0.870497 8.000000
-0.809941 -0.870497 8.000000
-0.794802 -0.870497 8.000000
-0.779663 -0.870497 8.000000
-0.764523 -0.870497 8.000000
-0.749384 -0.870497 8.000000
-0.734245 -0.870497 8.000000
-0.251349 -0.304265 2.796238
-0.243824 -0.301502 2.770851
-0.236434 -0.298790 2.745922
-0.230655 -0.298038 2.739012
-0.225037 -0.297462 2.733723
-0.219439 -0.296889 2.728452
-0.213864 -0.296317 2.723201
-0.208310 -0.295748 2.717971
-0.202777 -0.295181 2.712760
-0.197265 -0.294616 2.707570
-0.191774 -0.294054 2.702399
-0.186304 -0.293493 2.697248
-0.181081 -0.293300 2.695475
-0.175903 -0.293171 2.694287
-0.170729 -0.293042 2.693100
-0.165559 -0.292913 2.691914
-0.160395 -0.292784 2.690729
-0.155234 -0.292655 2.689545
-0.150079 -0.292526 2.688362
-0.144928 -0.292398 2.687180
-0.139781 -0.292269 2.685999
-0.134639 -0.292141 2.684819
-0.129501 -0.292013 2.683641
-0.124368 -0.291884 2.682463
-0.119240 -0.291756 2.681286
-0.114202 -0.291850 2.682143
-0.109191 -0.292022 2.683722
-0.104173 -0.292194 2.685303
-0.099150 -0.292366 2.686886
-0.094121 -0.292538 2.688470
-0.089086 -0.292711 2.690056
-0.084045 -0.292884 2.691644
-0.078998 -0.293057 2.693235
-0.073945 -0.293230 2.694827
-0.068886 -0.293403 2.696420
-0.063821 -0.293577 2.698016
-0.058750 -0.293751 2.699613
-0.053673 -0.293925 2.701213
-0.048635 -0.294367 2.705279
-0.043604 -0.294971 2.710833
-0.038554 -0.295578 2.716407
-0.033482 -0.296187 2.722004
-0.028389 -0.296799 2.727624
-0.023276 -0.297413 2.733267
-0.018141 -0.298029 2.738934
-0.012985 -0.298648 2.744624
-0.007807 -0.299270 2.750339
-0.002617 -0.300982 2.766069
0.002641 -0.303677 2.790841
0.007994 -0.306422 2.816061
0.031170 -0.716919 6.588592
0.043642 -0.716972 6.589082
0.056115 -0.717025 6.589572
0.068590 -0.717079 6.590063
0.081067 -0.717132 6.590553
0.093546 -0.717185 6.591043
0.106027 -0.717239 6.591534
0.118509 -0.717292 6.592025
0.130994 -0.717346 6.592516
0.143480 -0.717399 6.593007
0.155968 -0.717453 6.593498
0.168458 -0.717506 6.593989
0.180950 -0.717559 6.594480
0.193443 -0.717613 6.594971
0.205939 -0.717666 6.595462
0.218436 -0.717720 6.595953
0.230936 -0.717773 6.596445
0.243437 -0.717827 6.596936
0.255940 -0.717880 6.597428
0.268445 -0.717934 6.597919
0.280951 -0.717987 6.598411
0.293460 -0.718041 6.598903
0.305971 -0.718094 6.599395
0.318483 -0.718148 6.599887
0.330997 -0.718201 6.600379
0.343513 -0.718255 6.600871
0.356031 -0.718308 6.601363
0.368551 -0.718362 6.601855
-1.097583 -0.855358 8.000000
-1.082444 -0.855358 8.000000
-1.067305 -0.855358 8.000000
-1.052166 -0.855358 8.000000
-1.037027 -0.855358 8.000000
-1.021888 -0.855358 8.000000
-1.006749 -0.855358 8.000000
-0.991610 -0.855358 8.000000
-0.976471 -0.855358 8.000000
-0.961331 -0.855358 8.000000
-0.946192 -0.855358 8.000000
-0.931053 -0.855358 8.000000
-0.915914 -0.855358 8.000000
-0.900775 -0.855358 8.000000
-0.885636 -0.855358 8.000000
-0.870497 -0.855358 8.000000
-0.855358 -0.855358 8.000000
-0.840219 -0.855358 8.000000
-0.825080 -0.855358 8.000000
-0.809941 -0.855358 8.000000
-0.794802 -0.855358 8.000000
-0.779663 -0.855358 8.000000
-0.764523 -0.855358 8.000000
-0.749384 -0.855358 8.000000
-0.734245 -0.855358 8.000000
-0.251049 -0.298617 2.792904
-0.243535 -0.295909 2.767578
-0.236212 -0.293318 2.743344
-0.230574 -0.292751 2.738042
-0.224957 -0.292185 2.732755
-0.219362 -0.291622 2.727488
-0.213788 -0.291061 2.722241
-0.208236 -0.290502 2.717014
-0.202705 -0.289946 2.711807
-0.197196 -0.289391 2.706620
-0.191707 -0.288839 2.701454
-0.186239 -0.288288 2.696306
-0.181036 -0.288128 2.694805
-0.175859 -0.288001 2.693618
-0.170686 -0.287874 2.692431
-0.165518 -0.287747 2.691246
-0.160355 -0.287621 2.690061
-0.155196 -0.287494 2.688878
-0.150042 -0.287368 2.687696
-0.144892 -0.287241 2.686514
-0.139746 -0.287115 2.685334
-0.134606 -0.286989 2.684155
-0.129469 -0.286863 2.682976
-0.124337 -0.286737 2.681799
-0.119210 -0.286612 2.680623
-0.114174 -0.286703 2.681482
-0.109164 -0.286872 2.683060
-0.104148 -0.287041 2.684640
-0.099126 -0.287210 2.686222
-0.094098 -0.287379 2.687805
-0.089064 -0.287549 2.689391
-0.084024 -0.287719 2.690978
-0.078978 -0.287889 2.692567
-0.073927 -0.288059 2.694158
-0.068869 -0.288229 2.695751
-0.063805 -0.288400 2.697346
-0.058736 -0.288570 2.698943
-0.053660 -0.288741 2.700541
-0.048618 -0.289147 2.704340
-0.043589 -0.289741 2.709890
-0.038540 -0.290336 2.715460
-0.033470 -0.290934 2.721054
-0.028379 -0.291535 2.726670
-0.023268 -0.292138 2.732309
-0.018135 -0.292743 2.737972
-0.012980 -0.293351 2.743659
-0.007804 -0.293962 2.749368
-0.002614 -0.295413 2.762940
0.002638 -0.298055 2.787656
0.007984 -0.300746 2.812818
0.031170 -0.704450 6.588592
0.043642 -0.704503 6.589082
0.056115 -0.704555 6.589572
0.068590 -0.704608 6.590063
0.081067 -0.704660 6.590553
0.093546 -0.704713 6.591043
0.106027 -0.704765 6.591534
0.118509 -0.704818 6.592025
0.130994 -0.704870 6.592516
0.143480 -0.704923 6.593007
0.155968 -0.704975 6.593498
0.168458 -0.705028 6.593989
0.180950 -0.705080 6.594480
0.193443 -0.705133 6.594971
0.205939 -0.705185 6.595462
0.218436 -0.705238 6.595953
0.230936 -0.705290 6.596445
0.243437 -0.705343 6.596936
0.255940 -0.705395 6.597428
0.268445 -0.705448 6.597919
0.280951 -0.705500 6.598411
0.293460 -0.705553 6.598903
0.305971 -0.705606 6.599395
0.318483 -0.705658 6.599887
0.330997 -0.705711 6.600379
0.343513 -0.705763 6.600871
0.356031 -0.705816 6.601363
0.368551 -0.705869 6.601855
-1.097583 -0.840219 8.000000
-1.082444 -0.840219 8.000000
-1.067305 -0.840219 8.000000
-1.052166 -0.840219 8.000000
-1.037027 -0.840219 8.000000
-1.021888 -0.840219 8.000000
-1.006749 -0.840219 8.000000
-0.991610 -0.840219 8.000000
-0.976471 -0.840219 8.000000
-0.961331 -0.840219 8.000000
-0.946192 -0.840219 8.000000
-0.931053 -0.840219 8.000000
-0.915914 -0.840219 8.000000
-0.900775 -0.840219 8.000000
-0.885636 -0.840219 8.000000
-0.870497 -0.840219 8.000000
-0.855358 -0.840219 8.000000
-0.840219 -0.840219 8.000000
-0.825080 -0.840219 8.000000
-0.809941 -0.840219 8.000000
-0.794802 -0.840219 8.000000
-0.779663 -0.840219 8.000000
-0.764523 -0.840219 8.000000
-0.749384 -0.840219 8.000000
-0.734245 -0.840219 8.000000
-0.250750 -0.292982 2.789578
-0.243248 -0.290328 2.764312
-0.236128 -0.288024 2.742370
-0.230492 -0.287467 2.737071
-0.224877 -0.286912 2.731788
-0.219284 -0.286360 2.726524
-0.213713 -0.285809 2.721281
-0.208163 -0.285260 2.716058
-0.202634 -0.284714 2.710855
-0.197127 -0.284170 2.705672
-0.191640 -0.283627 2.700508
-0.186174 -0.283087 2.695364
-0.180991 -0.282958 2.694135
-0.175815 -0.282833 2.692948
-0.170644 -0.282709 2.691763
-0.165477 -0.282584 2.690578
-0.160315 -0.282460 2.689394
-0.155157 -0.282336 2.688211
-0.150004 -0.282212 2.687029
-0.144856 -0.282088 2.685848
-0.139712 -0.281964 2.684669
-0.134572 -0.281840 2.683490
-0.129437 -0.281716 2.682312
-0.124307 -0.281593 2.681136
-0.119181 -0.281469 2.679960
-0.114146 -0.281559 2.680820
-0.109137 -0.281725 2.682398
-0.104122 -0.281891 2.683977
-0.099101 -0.282057 2.685558
-0.094074 -0.282223 2.687140
-0.089042 -0.282390 2.688725
-0.084003 -0.282556 2.690312
-0.078959 -0.282723 2.691900
-0.073908 -0.282890 2.693491
-0.068852 -0.283057 2.695083
-0.063789 -0.283225 2.696677
-0.058721 -0.283392 2.698273
-0.053647 -0.283560 2.699871
-0.048601 -0.283931 2.703402
-0.043574 -0.284514 2.708949
-0.038527 -0.285098 2.714515
-0.033459 -0.285685 2.720104
-0.028370 -0.286275 2.725717
-0.023259 -0.286867 2.731352
-0.018128 -0.287461 2.737011
-0.012976 -0.288058 2.742693
-0.007802 -0.288657 2.748399
-0.002611 -0.289857 2.759820
0.002635 -0.292446 2.784478
0.007975 -0.295083 2.809583
0.031170 -0.691982 6.588592
0.043642 -0.692034 6.589082
0.056115 -0.692085 6.589572
0.068590 -0.692137 6.590063
0.081067 -0.692188 6.590553
0.093546 -0.692240 6.591043
0.106027 -0.692291 6.591534
0.118509 -0.692343 6.592025
0.130994 -0.692394 6.592516
0.143480 -0.692446 6.593007
0.155968 -0.692498 6.593498
0.168458 -0.692549 6.593989
0.180950 -0.692601 6.594480
0.193443 -0.692652 6.594971
0.205939 -0.692704 6.595462
0.218436 -0.692756 6.595953
0.230936 -0.692807 6.596445
0.243437 -0.692859 6.596936
0.255940 -0.692910 6.597428
0.268445 -0.692962 6.597919
0.280951 -0.693014 6.598411
0.293460 -0.693065 6.598903
0.305971 -0.693117 6.599395
0.318483 -0.693169 6.599887
0.330997 -0.693220 6.600379
0.343513 -0.693272 6.600871
0.356031 -0.693324 6.601363
0.368551 -0.693375 6.601855
-1.097583 -0.825080 8.000000
-1.082444 -0.825080 8.000000
-1.067305 -0.825080 8.000000
-1.052166 -0.825080 8.000000
-1.037027 -0.825080 8.000000
-1.021888 -0.825080 8.000000
-1.006749 -0.825080 8.000000
-0.991610 -0.825080 8.000000
-0.976471 -0.825080 8.000000
-0.961331 -0.825080 8.000000
-0.946192 -0.825080 8.000000
-0.931053 -0.825080 8.000000
-0.915914 -0.825080 8.000000
-0.900775 -0.825080 8.000000
-0.885636 -0.825080 8.000000
-0.870497 -0.825080 8.000000
-0.855358 -0.825080 8.000000
-0.840219 -0.825080 8.000000
-0.825080 -0.825080 8.000000
-0.809941 -0.825080 8.000000
-0.794802 -0.825080 8.000000
-0.779663 -0.825080 8.000000
-0.764523 -0.825080 8.000000
-0.749384 -0.825080 8.000000
-0.734245 -0.825080 8.000000
-0.250452 -0.287361 2.786260
-0.242961 -0.284761 2.761054
-0.236044 -0.282734 2.741397
-0.230410 -0.282188 2.736101
-0.224798 -0.281643 2.730821
-0.219207 -0.281101 2.725562
-0.213638 -0.280560 2.720322
-0.208090 -0.280022 2.715103
-0.202563 -0.279486 2.709903
-0.197058 -0.278952 2.704724
-0.191573 -0.278419 2.699564
-0.186125 -0.277913 2.694653
-0.180946 -0.277791 2.693466
-0.175772 -0.277668 2.692279
-0.170602 -0.277546 2.691094
-0.165436 -0.277424 2.689910
-0.160275 -0.277302 2.688727
-0.155119 -0.277180 2.687545
-0.149967 -0.277058 2.686363
-0.144820 -0.276936 2.685183
-0.139677 -0.276815 2.684004
-0.134539 -0.276693 2.682826
-0.129405 -0.276572 2.681649
-0.124276 -0.276451 2.680473
-0.119151 -0.276329 2.679298
-0.114118 -0.276418 2.680159
-0.109110 -0.276581 2.681736
-0.104096 -0.276744 2.683314
-0.099077 -0.276906 2.684894
-0.094051 -0.277070 2.686476
-0.089020 -0.277233 2.688060
-0.083982 -0.277397 2.689646
-0.078939 -0.277560 2.691234
-0.073890 -0.277724 2.692823
-0.068835 -0.277888 2.694415
-0.063774 -0.278053 2.696008
-0.058706 -0.278217 2.697603
-0.053633 -0.278382 2.699200
-0.048584 -0.278719 2.702465
-0.043559 -0.279290 2.708008
-0.038513 -0.279864 2.713570
-0.033447 -0.280440 2.719155
-0.028360 -0.281018 2.724764
-0.023251 -0.281599 2.730395
-0.018122 -0.282182 2.736050
-0.012971 -0.282768 2.741728
-0.007799 -0.283356 2.747430
-0.002608 -0.284313 2.756709
0.002632 -0.286850 2.781307
0.007966 -0.289433 2.806355
0.031170 -0.679514 6.588592
0.043642 -0.679565 6.589082
0.056115 -0.679615 6.589572
0.068590 -0.679666 6.590063
0.081067 -0.679716 6.590553
0.093546 -0.679767 6.591043
0.106027 -0.679818 6.591534
0.118509 -0.679868 6.592025
0.130994 -0.679919 6.592516
0.143480 -0.679970 6.593007
0.155968 -0.680020 6.593498
0.168458 -0.680071 6.593989
0.180950 -0.680121 6.594480
0.193443 -0.680172 6.594971
0.205939 -0.680223 6.595462
0.218436 -0.680273 6.595953
0.230936 -0.680324 6.596445
0.243437 -0.680375 6.596936
0.255940 -0.680426 6.597428
0.268445 -0.680476 6.597919
0.280951 -0.680527 6.598411
0.293460 -0.680578 6.598903
0.305971 -0.680628 6.599395
0.318483 -0.680679 6.599887
0.330997 -0.680730 6.600379
0.343513 -0.680781 6.600871
0.356031 -0.680831 6.601363
0.368551 -0.680882 6.601855
-1.097583 -0.809941 8.000000
-1.082444 -0.809941 8.000000
-1.067305 -0.809941 8.000000
-1.052166 -0.809941 8.000000
-1.037027 -0.809941 8.000000
-1.021888 -0.809941 8.000000
-1.006749 -0.809941 8.000000
-0.991610 -0.809941 8.000000
-0.976471 -0.809941 8.000000
-0.961331 -0.809941 8.000000
-0.946192 -0.809941 8.000000
-0.931053 -0.809941 8.000000
-0.915914 -0.809941 8.000000
-0.900775 -0.809941 8.000000
-0.885636 -0.809941 8.000000
-0.870497 -0.809941 8.000000
-0.855358 -0.809941 8.000000
-0.840219 -0.809941 8.000000
-0.825080 -0.809941 8.000000
-0.809941 -0.809941 8.000000
-0.794802 -0.809941 8.000000
-0.779663 -0.809941 8.000000
-0.764523 -0.809941 8.000000
-0.749384 -0.809941 8.000000
-0.257773 -0.284348 2.808581
-0.250155 -0.281753 2.782949
-0.242675 -0.279207 2.757803
-0.235960 -0.277448 2.740424
-0.230329 -0.276912 2.735132
-0.224718 -0.276378 2.729856
-0.219130 -0.275845 2.724600
-0.213562 -0.275315 2.719364
-0.208017 -0.274787 2.714148
-0.202492 -0.274261 2.708952
-0.196989 -0.273737 2.703776
-0.191506 -0.273215 2.698620
-0.186079 -0.272746 2.693984
-0.180901 -0.272626 2.692797
-0.175728 -0.272506 2.691611
-0.170559 -0.272386 2.690426
-0.165395 -0.272266 2.689243
-0.160236 -0.272146 2.688060
-0.155081 -0.272027 2.686878
-0.149930 -0.271907 2.685698
-0.144784 -0.271788 2.684518
-0.139643 -0.271668 2.683340
-0.134506 -0.271549 2.682162
-0.129373 -0.271430 2.680986
-0.124245 -0.271311 2.679810
-0.119122 -0.271192 2.678636
-0.114089 -0.271279 2.679498
-0.109083 -0.271439 2.681074
-0.104070 -0.271599 2.682652
-0.099052 -0.271759 2.684231
-0.094028 -0.271919 2.685812
-0.088998 -0.272079 2.687396
-0.083962 -0.272239 2.688981
-0.078920 -0.272400 2.690567
-0.073872 -0.272561 2.692156
-0.068818 -0.272722 2.693747
-0.063758 -0.272883 2.695339
-0.058692 -0.273045 2.696934
-0.053620 -0.273206 2.698530
-0.048567 -0.273510 2.701528
-0.043544 -0.274070 2.707067
-0.038500 -0.274633 2.712626
-0.033435 -0.275198 2.718207
-0.028350 -0.275766 2.723812
-0.023243 -0.276335 2.729439
-0.018115 -0.276908 2.735090
-0.012966 -0.277482 2.740764
-0.007796 -0.278059 2.746462
-0.002605 -0.278782 2.753605
0.002629 -0.281267 2.778144
0.007957 -0.283797 2.803134
0.031170 -0.667046 6.588592
0.043642 -0.667096 6.589082
0.056115 -0.667145 6.589572
0.068590 -0.667195 6.590063
0.081067 -0.667245 6.590553
0.093546 -0.667294 6.591043
0.106027 -0.667344 6.591534
0.118509 -0.667394 6.592025
0.130994 -0.667443 6.592516
0.143480 -0.667493 6.593007
0.155968 -0.667543 6.593498
0.168458 -0.667592 6.593989
0.180950 -0.667642 6.594480
0.193443 -0.667692 6.594971
0.205939 -0.667742 6.595462
0.218436 -0.667791 6.595953
0.230936 -0.667841 6.596445
0.243437 -0.667891 6.596936
0.255940 -0.667941 6.597428
0.268445 -0.667990 6.597919
0.280951 -0.668040 6.598411
0.293460 -0.668090 6.598903
0.305971 -0.668140 6.599395
0.318483 -0.668190 6.599887
0.330997 -0.668239 6.600379
0.343513 -0.668289 6.600871
0.356031 -0.668339 6.601363
0.368551 -0.668389 6.601855
-1.097583 -0.794802 8.000000
-1.082444 -0.794802 8.000000
-1.067305 -0.794802 8.000000
-1.052166 -0.794802 8.000000
-1.037027 -0.794802 8.000000
-1.021888 -0.794802 8.000000
-1.006749 -0.794802 8.000000
-0.991610 -0.794802 8.000000
-0.976471 -0.794802 8.000000
-0.961331 -0.794802 8.000000
-0.946192 -0.794802 8.000000
-0.931053 -0.794802 8.000000
-0.915914 -0.794802 8.000000
-0.900775 -0.794802 8.000000
-0.885636 -0.794802 8.000000
-0.870497 -0.794802 8.000000
-0.855358 -0.794802 8.000000
-0.840219 -0.794802 8.000000
-0.825080 -0.794802 8.000000
-0.809941 -0.794802 8.000000
-0.794802 -0.794802 8.000000
-0.779663 -0.794802 8.000000
-0.764523 -0.794802 8.000000
-0.749384 -0.794802 8.000000
-0.257464 -0.278698 2.805208
-0.249858 -0.276159 2.779647
-0.242390 -0.273666 2.754560
-0.235876 -0.272165 2.739453
-0.230247 -0.271640 2.734163
-0.224639 -0.271116 2.728890
-0.219052 -0.270594 2.723638
-0.213487 -0.270074 2.718406
-0.207943 -0.269556 2.713194
-0.202421 -0.269040 2.708002
-0.196920 -0.268527 2.702829
-0.191439 -0.268015 2.697677
-0.186033 -0.267581 2.693314
-0.180856 -0.267463 2.692128
-0.175684 -0.267346 2.690943
-0.170517 -0.267228 2.689759
-0.165354 -0.267111 2.688576
-0.160196 -0.266993 2.687393
-0.155042 -0.266876 2.686213
-0.149893 -0.266759 2.685033
-0.144748 -0.266641 2.683853
-0.139608 -0.266524 2.682676
-0.134472 -0.266407 2.681499
-0.129341 -0.266291 2.680323
-0.124214 -0.266174 2.679148
-0.119092 -0.266057 2.677974
-0.114061 -0.266143 2.678838
-0.109056 -0.266300 2.680413
-0.104045 -0.266456 2.681990
-0.099028 -0.266613 2.683568
-0.094005 -0.266770 2.685149
-0.088976 -0.266927 2.686731
-0.083941 -0.267085 2.688315
-0.078900 -0.267242 2.689901
-0.073853 -0.267400 2.691489
-0.068801 -0.267558 2.693079
-0.063742 -0.267716 2.694671
-0.058677 -0.267874 2.696265
-0.053607 -0.268033 2.697860
-0.048550 -0.268304 2.700592
-0.043529 -0.268854 2.706127
-0.038487 -0.269406 2.711682
-0.033424 -0.269960 2.717259
-0.028340 -0.270517 2.722860
-0.023235 -0.271075 2.728484
-0.018109 -0.271636 2.734131
-0.012962 -0.272200 2.739801
-0.007793 -0.272765 2.745495
-0.002603 -0.273334 2.751213
0.002626 -0.275696 2.774988
0.007948 -0.278173 2.799921
0.031170 -0.654578 6.588592
0.043642 -0.654627 6.589082
0.056115 -0.654675 6.589572
0.068590 -0.654724 6.590063
0.081067 -0.654773 6.590553
0.093546 -0.654822 6.591043
0.106027 -0.654870 6.591534
0.118509 -0.654919 6.592025
0.130994 -0.654968 6.592516
0.143480 -0.655017 6.593007
0.155968 -0.655065 6.593498
0.168458 -0.655114 6.593989
0.180950 -0.655163 6.594480
0.193443 -0.655212 6.594971
0.205939 -0.655261 6.595462
0.218436 -0.655309 6.595953
0.230936 -0.655358 6.596445
0.243437 -0.655407 6.596936
0.255940 -0.655456 6.597428
0.268445 -0.655505 6.597919
0.280951 -0.655553 6.598411
0.293460 -0.655602 6.598903
0.305971 -0.655651 6.599395
0.318483 -0.655700 6.599887
0.330997 -0.655749 6.600379
0.343513 -0.655798 6.600871
0.356031 -0.655847 6.601363
0.368551 -0.655896 6.601855
-1.097583 -0.779663 8.000000
-1.082444 -0.779663 8.000000
-1.067305 -0.779663 8.000000
-1.052166 -0.779663 8.000000
-1.037027 -0.779663 8.000000
-1.021888 -0.779663 8.000000
-1.006749 -0.779663 8.000000
-0.991610 -0.779663 8.000000
-0.976471 -0.779663 8.000000
-0.961331 -0.779663 8.000000
-0.946192 -0.779663 8.000000
-0.931053 -0.779663 8.000000
-0.915914 -0.779663 8.000000
-0.900775 -0.779663 8.000000
-0.885636 -0.779663 8.000000
-0.870497 -0.779663 8.000000
-0.855358 -0.779663 8.000000
-0.840219 -0.779663 8.000000
-0.825080 -0.779663 8.000000
-0.809941 -0.779663 8.000000
-0.794802 -0.779663 8.000000
-0.779663 -0.779663 8.000000
-0.764523 -0.779663 8.000000
-0.749384 -0.779663 8.000000
-0.257155 -0.273061 2.801842
-0.249562 -0.270577 2.776353
-0.242105 -0.268138 2.751325
-0.235793 -0.266886 2.738482
-0.230165 -0.266371 2.733195
-0.224559 -0.265858 2.727926
-0.218975 -0.265346 2.722677
-0.213412 -0.264837 2.717449
-0.207870 -0.264329 2.712241
-0.202350 -0.263823 2.707052
-0.196851 -0.263320 2.701883
-0.191372 -0.262818 2.696734
-0.185987 -0.262419 2.692645
-0.180811 -0.262304 2.691459
-0.175641 -0.262188 2.690275
-0.170475 -0.262073 2.689091
-0.165313 -0.261958 2.687909
-0.160156 -0.261843 2.686727
-0.155004 -0.261728 2.685547
-0.149856 -0.261613 2.684368
-0.144712 -0.261498 2.683189
-0.139573 -0.261383 2.682012
-0.134439 -0.261268 2.680836
-0.129309 -0.261154 2.679660
-0.124184 -0.261039 2.678486
-0.119063 -0.260925 2.677313
-0.114033 -0.261009 2.678178
-0.109029 -0.261163 2.679752
-0.104019 -0.261316 2.681328
-0.099003 -0.261470 2.682906
-0.093981 -0.261624 2.684486
-0.088954 -0.261778 2.686067
-0.083920 -0.261933 2.687650
-0.078881 -0.262087 2.689236
-0.073835 -0.262242 2.690823
-0.068784 -0.262397 2.692412
-0.063726 -0.262552 2.694003
-0.058663 -0.262707 2.695596
-0.053593 -0.262862 2.697191
-0.048533 -0.263103 2.699656
-0.043514 -0.263642 2.705188
-0.038473 -0.264183 2.710739
-0.033412 -0.264726 2.716313
-0.028330 -0.265271 2.721909
-0.023227 -0.265819 2.727529
-0.018103 -0.266369 2.733172
-0.012957 -0.266921 2.738838
-0.007791 -0.267476 2.744528
-0.002602 -0.268033 2.750242
0.002623 -0.270137 2.771839
0.007939 -0.272562 2.796715
0.031170 -0.642110 6.588592
0.043642 -0.642157 6.589082
0.056115 -0.642205 6.589572
0.068590 -0.642253 6.590063
0.081067 -0.642301 6.590553
0.093546 -0.642349 6.591043
0.106027 -0.642397 6.591534
0.118509 -0.642444 6.592025
0.130994 -0.642492 6.592516
0.143480 -0.642540 6.593007
0.155968 -0.642588 6.593498
0.168458 -0.642636 6.593989
0.180950 -0.642684 6.594480
0.193443 -0.642731 6.594971
0.205939 -0.642779 6.595462
0.218436 -0.642827 6.595953
0.230936 -0.642875 6.596445
0.243437 -0.642923 6.596936
0.255940 -0.642971 6.597428
0.268445 -0.643019 6.597919
0.280951 -0.643067 6.598411
0.293460 -0.643115 6.598903
0.305971 -0.643163 6.599395
0.318483 -0.643211 6.599887
0.330997 -0.643258 6.600379
0.343513 -0.643306 6.600871
0.356031 -0.643354 6.601363
0.368551 -0.643402 6.601855
-1.097583 -0.764523 8.000000
-1.082444 -0.764523 8.000000
-1.067305 -0.764523 8.000000
-1.052166 -0.764523 8.000000
-1.037027 -0.764523 8.000000
-1.021888 -0.764523 8.000000
-1.006749 -0.764523 8.000000
-0.991610 -0.764523 8.000000
-0.976471 -0.764523 8.000000
-0.961331 -0.764523 8.000000
-0.946192 -0.764523 8.000000
-0.931053 -0.764523 8.000000
-0.915914 -0.764523 8.000000
-0.900775 -0.764523 8.000000
-0.885636 -0.764523 8.000000
-0.870497 -0.764523 8.000000
-0.855358 -0.764523 8.000000
-0.840219 -0.764523 8.000000
-0.825080 -0.764523 8.000000
-0.809941 -0.764523 8.000000
-0.794802 -0.764523 8.000000
-0.779663 -0.764523 8.000000
-0.764523 -0.764523 8.000000
-0.749384 -0.764523 8.000000
-0.256848 -0.267439 2.798493
-0.249266 -0.265009 2.773066
-0.241821 -0.262623 2.748097
-0.235709 -0.261611 2.737511
-0.230084 -0.261107 2.732228
-0.224480 -0.260603 2.726962
-0.218898 -0.260102 2.721718
-0.213337 -0.259603 2.716493
-0.207797 -0.259105 2.711288
-0.202279 -0.258610 2.706103
-0.196782 -0.258116 2.700938
-0.191305 -0.257625 2.695793
-0.185940 -0.257260 2.691977
-0.180766 -0.257147 2.690792
-0.175597 -0.257033 2.689607
-0.170432 -0.256920 2.688424
-0.165272 -0.256807 2.687243
-0.160116 -0.256695 2.686062
-0.154965 -0.256582 2.684882
-0.149819 -0.256469 2.683703
-0.144677 -0.256357 2.682525
-0.139539 -0.256244 2.681349
-0.134406 -0.256132 2.680173
-0.129277 -0.256020 2.678998
-0.124153 -0.255907 2.677824
-0.119033 -0.255795 2.676652
-0.114005 -0.255878 2.677518
-0.109002 -0.256029 2.679091
-0.103993 -0.256179 2.680666
-0.098979 -0.256330 2.682244
-0.093958 -0.256481 2.683823
-0.088932 -0.256632 2.685403
-0.083899 -0.256783 2.686986
-0.078861 -0.256934 2.688570
-0.073817 -0.257086 2.690157
-0.068767 -0.257238 2.691745
-0.063710 -0.257390 2.693335
-0.058648 -0.257542 2.694927
-0.053580 -0.257694 2.696521
-0.048517 -0.257904 2.698721
-0.043499 -0.258433 2.704250
-0.038460 -0.258963 2.709797
-0.033400 -0.259495 2.715366
-0.028320 -0.260030 2.720959
-0.023219 -0.260566 2.726575
-0.018096 -0.261105 2.732214
-0.012953 -0.261646 2.737876
-0.007788 -0.262190 2.743562
-0.002601 -0.262735 2.749272
0.002620 -0.264592 2.768697
0.007930 -0.266964 2.793517
0.013336 -0.269378 2.818785
0.043642 -0.629688 6.589082
0.056115 -0.629735 6.589572
0.068590 -0.629782 6.590063
0.081067 -0.629829 6.590553
0.093546 -0.629876 6.591043
0.106027 -0.629923 6.591534
0.118509 -0.629970 6.592025
0.130994 -0.630017 6.592516
0.143480 -0.630064 6.593007
0.155968 -0.630110 6.593498
0.168458 -0.630157 6.593989
0.180950 -0.630204 6.594480
0.193443 -0.630251 6.594971
0.205939 -0.630298 6.595462
0.218436 -0.630345 6.595953
0.230936 -0.630392 6.596445
0.243437 -0.630439 6.596936
0.255940 -0.630486 6.597428
0.268445 -0.630533 6.597919
0.280951 -0.630580 6.598411
0.293460 -0.630627 6.598903
0.305971 -0.630674 6.599395
0.318483 -0.630721 6.599887
0.330997 -0.630768 6.600379
0.343513 -0.630815 6.600871
0.356031 -0.630862 6.601363
0.368551 -0.630909 6.601855
-1.097583 -0.749384 8.000000
-1.082444 -0.749384 8.000000
-1.067305 -0.749384 8.000000
-1.052166 -0.749384 8.000000
-1.037027 -0.749384 8.000000
-1.021888 -0.749384 8.000000
-1.006749 -0.749384 8.000000
-0.991610 -0.749384 8.000000
-0.976471 -0.749384 8.000000
-0.961331 -0.749384 8.000000
-0.946192 -0.749384 8.000000
-0.931053 -0.749384 8.000000
-0.915914 -0.749384 8.000000
-0.900775 -0.749384 8.000000
-0.885636 -0.749384 8.000000
-0.870497 -0.749384 8.000000
-0.855358 -0.749384 8.000000
-0.840219 -0.749384 8.000000
-0.825080 -0.749384 8.000000
-0.809941 -0.749384 8.000000
-0.794802 -0.749384 8.000000
-0.779663 -0.749384 8.000000
-0.764523 -0.749384 8.000000
-0.749384 -0.749384 8.000000
-0.256541 -0.261831 2.795154
-0.248971 -0.259454 2.769787
-0.241538 -0.257121 2.744877
-0.235626 -0.256340 2.736541
-0.230003 -0.255846 2.731261
-0.224401 -0.255353 2.725999
-0.218821 -0.254862 2.720758
-0.213262 -0.254373 2.715537
-0.207724 -0.253885 2.710336
-0.202208 -0.253400 2.705155
-0.196713 -0.252917 2.699993
-0.191239 -0.252435 2.694852
-0.185894 -0.252103 2.691308
-0.180722 -0.251992 2.690124
-0.175554 -0.251881 2.688940
-0.170390 -0.251770 2.687758
-0.165231 -0.251660 2.686577
-0.160077 -0.251549 2.685396
-0.154927 -0.251439 2.684217
-0.149782 -0.251328 2.683039
-0.144641 -0.251218 2.681861
-0.139504 -0.251108 2.680685
-0.134373 -0.250998 2.679510
-0.129245 -0.250888 2.678336
-0.124122 -0.250778 2.677163
-0.119004 -0.250668 2.675991
-0.113977 -0.250749 2.676858
-0.108975 -0.250897 2.678431
-0.103968 -0.251044 2.680006
-0.098954 -0.251192 2.681582
-0.093935 -0.251340 2.683160
-0.088910 -0.251488 2.684740
-0.083879 -0.251636 2.686322
-0.078842 -0.251784 2.687906
-0.073799 -0.251933 2.689491
-0.068750 -0.252082 2.691078
-0.063695 -0.252230 2.692668
-0.058634 -0.252379 2.694259
-0.053567 -0.252529 2.695852
-0.048500 -0.252710 2.697787
-0.043483 -0.253227 2.703312
-0.038446 -0.253747 2.708855
-0.033389 -0.254268 2.714421
-0.028310 -0.254792 2.720010
-0.023211 -0.255317 2.725621
-0.018090 -0.255845 2.731257
-0.012948 -0.256375 2.736915
-0.007785 -0.256907 2.742597
-0.002600 -0.257442 2.748302
0.002617 -0.259059 2.765562
0.007921 -0.261378 2.790325
0.013320 -0.263740 2.815536
0.043642 -0.617219 6.589082
0.056115 -0.617265 6.589572
0.068590 -0.617311 6.590063
0.081067 -0.617357 6.590553
0.093546 -0.617403 6.591043
0.106027 -0.617449 6.591534
0.118509 -0.617495 6.592025
0.130994 -0.617541 6.592516
0.143480 -0.617587 6.593007
0.155968 -0.617633 6.593498
0.168458 -0.617679 6.593989
0.180950 -0.617725 6.594480
0.193443 -0.617771 6.594971
0.205939 -0.617817 6.595462
0.218436 -0.617863 6.595953
0.230936 -0.617909 6.596445
0.243437 -0.617955 6.596936
0.255940 -0.618001 6.597428
0.268445 -0.618047 6.597919
0.280951 -0.618093 6.598411
0.293460 -0.618139 6.598903
0.305971 -0.618185 6.599395
0.318483 -0.618232 6.599887
0.330997 -0.618278 6.600379
0.343513 -0.618324 6.600871
0.356031 -0.618370 6.601363
0.368551 -0.618416 6.601855
-1.097583 -0.734245 8.000000
-1.082444 -0.734245 8.000000
-1.067305 -0.734245 8.000000
-1.052166 -0.734245 8.000000
-1.037027 -0.734245 8.000000
-1.021888 -0.734245 8.000000
-1.006749 -0.734245 8.000000
-0.991610 -0.734245 8.000000
-0.976471 -0.734245 8.000000
-0.961331 -0.734245 8.000000
-0.946192 -0.734245 8.000000
-0.931053 -0.734245 8.000000
-0.915914 -0.734245 8.000000
-0.900775 -0.734245 8.000000
-0.885636 -0.734245 8.000000
-0.870497 -0.734245 8.000000
-0.855358 -0.734245 8.000000
-0.840219 -0.734245 8.000000
-0.825080 -0.734245 8.000000
-0.809941 -0.734245 8.000000
-0.794802 -0.734245 8.000000
-0.779663 -0.734245 8.000000
-0.764523 -0.734245 8.000000
-0.749384 -0.734245 8.000000
-0.256235 -0.256235 2.791822
-0.248677 -0.253913 2.766516
-0.241255 -0.251632 2.741664
-0.235542 -0.251073 2.735572
-0.229921 -0.250588 2.730294
-0.224322 -0.250106 2.725037
-0.218744 -0.249625 2.719799
-0.213187 -0.249146 2.714582
-0.207652 -0.248669 2.709384
-0.202137 -0.248194 2.704207
-0.196644 -0.247721 2.699049
-0.191172 -0.247249 2.693911
-0.185848 -0.246949 2.690640
-0.180677 -0.246840 2.689456
-0.175510 -0.246732 2.688273
-0.170348 -0.246623 2.687092
-0.165190 -0.246515 2.685911
-0.160037 -0.246406 2.684731
-0.154889 -0.246298 2.683553
-0.149745 -0.246190 2.682375
-0.144605 -0.246082 2.681198
-0.139470 -0.245974 2.680022
-0.134339 -0.245866 2.678848
-0.129213 -0.245759 2.677674
-0.124092 -0.245651 2.676502
-0.118975 -0.245544 2.675330
-0.113949 -0.245623 2.676199
-0.108949 -0.245768 2.677771
-0.103942 -0.245912 2.679345
-0.098930 -0.246057 2.680920
-0.093912 -0.246201 2.682498
-0.088888 -0.246346 2.684077
-0.083858 -0.246491 2.685658
-0.078822 -0.246637 2.687241
-0.073780 -0.246782 2.688826
-0.068732 -0.246928 2.690412
-0.063679 -0.247074 2.692001
-0.058619 -0.247220 2.693591
-0.053553 -0.247366 2.695184
-0.048483 -0.247519 2.696853
-0.043468 -0.248026 2.702374
-0.038433 -0.248534 2.707914
-0.033377 -0.249045 2.713476
-0.028300 -0.249557 2.719061
-0.023203 -0.250072 2.724669
-0.018084 -0.250589 2.730300
-0.012944 -0.251108 2.735955
-0.007782 -0.251629 2.741632
-0.002600 -0.252152 2.747334
0.002614 -0.253538 2.762435
0.007912 -0.255806 2.787142
0.013305 -0.258114 2.812294
0.043642 -0.604750 6.589082
0.056115 -0.604795 6.589572
0.068590 -0.604840 6.590063
0.081067 -0.604885 6.590553
0.093546 -0.604930 6.591043
0.106027 -0.604975 6.591534
0.118509 -0.605020 6.592025
0.130994 -0.605065 6.592516
0.143480 -0.605111 6.593007
0.155968 -0.605156 6.593498
0.168458 -0.605201 6.593989
0.180950 -0.605246 6.594480
0.193443 -0.605291 6.594971
0.205939 -0.605336 6.595462
0.218436 -0.605381 6.595953
0.230936 -0.605426 6.596445
0.243437 -0.605471 6.596936
0.255940 -0.605516 6.597428
0.268445 -0.605561 6.597919
0.280951 -0.605607 6.598411
0.293460 -0.605652 6.598903
0.305971 -0.605697 6.599395
0.318483 -0.605742 6.599887
0.330997 -0.605787 6.600379
0.343513 -0.605832 6.600871
0.356031 -0.605877 6.601363
0.368551 -0.605923 6.601855
-1.097583 -0.719106 8.000000
-1.082444 -0.719106 8.000000
-1.067305 -0.719106 8.000000
-1.052166 -0.719106 8.000000
-1.037027 -0.719106 8.000000
-1.021888 -0.719106 8.000000
-1.006749 -0.719106 8.000000
-0.991610 -0.719106 8.000000
-0.976471 -0.719106 8.000000
-0.961331 -0.719106 8.000000
-0.946192 -0.719106 8.000000
-0.931053 -0.719106 8.000000
-0.915914 -0.719106 8.000000
-0.900775 -0.719106 8.000000
-0.885636 -0.719106 8.000000
-0.870497 -0.719106 8.000000
-0.855358 -0.719106 8.000000
-0.840219 -0.719106 8.000000
-0.825080 -0.719106 8.000000
-0.809941 -0.719106 8.000000
-0.794802 -0.719106 8.000000
-0.779663 -0.719106 8.000000
-0.764523 -0.719106 8.000000
-0.749384 -0.719106 8.000000
-0.255930 -0.250653 2.788499
-0.248384 -0.248384 2.763253
-0.241099 -0.246284 2.739893
-0.235459 -0.245809 2.734603
-0.229840 -0.245335 2.729329
-0.224242 -0.244862 2.724075
-0.218666 -0.244392 2.718841
-0.213112 -0.243923 2.713628
-0.207579 -0.243456 2.708434
-0.202067 -0.242991 2.703260
-0.196575 -0.242528 2.698106
-0.191105 -0.242067 2.692971
-0.185802 -0.241797 2.689972
-0.180632 -0.241691 2.688789
-0.175467 -0.241584 2.687607
-0.170306 -0.241478 2.686426
-0.165149 -0.241372 2.685245
-0.159998 -0.241266 2.684066
-0.154850 -0.241160 2.682888
-0.149707 -0.241054 2.681711
-0.144569 -0.240949 2.680535
-0.139435 -0.240843 2.679360
-0.134306 -0.240738 2.678186
-0.129181 -0.240632 2.677013
-0.124061 -0.240527 2.675841
-0.118945 -0.240422 2.674670
-0.113921 -0.240500 2.675540
-0.108922 -0.240641 2.677111
-0.103917 -0.240782 2.678684
-0.098906 -0.240924 2.680259
-0.093889 -0.241066 2.681836
-0.088866 -0.241207 2.683414
-0.083837 -0.241350 2.684994
-0.078803 -0.241492 2.686577
-0.073762 -0.241634 2.688161
-0.068715 -0.241777 2.689746
-0.063663 -0.241919 2.691334
-0.058605 -0.242062 2.692924
-0.053540 -0.242205 2.694515
-0.048470 -0.242349 2.696109
-0.043453 -0.242828 2.701437
-0.038420 -0.243325 2.706974
-0.033365 -0.243825 2.712532
-0.028290 -0.244326 2.718112
-0.023194 -0.244830 2.723717
-0.018077 -0.245336 2.729344
-0.012939 -0.245844 2.734994
-0.007780 -0.246354 2.740669
-0.002599 -0.246866 2.746366
0.002611 -0.248030 2.759314
0.007903 -0.250246 2.783965
0.013290 -0.252502 2.809060
0.043642 -0.592281 6.589082
0.056115 -0.592325 6.589572
0.068590 -0.592369 6.590063
0.081067 -0.592413 6.590553
0.093546 -0.592458 6.591043
0.106027 -0.592502 6.591534
0.118509 -0.592546 6.592025
0.130994 -0.592590 6.592516
0.143480 -0.592634 6.593007
0.155968 -0.592678 6.593498
0.168458 -0.592722 6.593989
0.180950 -0.592766 6.594480
0.193443 -0.592811 6.594971
0.205939 -0.592855 6.595462
0.218436 -0.592899 6.595953
0.230936 -0.592943 6.596445
0.243437 -0.592987 6.596936
0.255940 -0.593031 6.597428
0.268445 -0.593076 6.597919
0.280951 -0.593120 6.598411
0.293460 -0.593164 6.598903
0.305971 -0.593208 6.599395
0.318483 -0.593252 6.599887
0.330997 -0.593297 6.600379
0.343513 -0.593341 6.600871
0.356031 -0.593385 6.601363
0.368551 -0.593429 6.601855
-1.097583 -0.703967 8.000000
-1.082444 -0.703967 8.000000
-1.067305 -0.703967 8.000000
-1.052166 -0.703967 8.000000
-1.037027 -0.703967 8.000000
-1.021888 -0.703967 8.000000
-1.006749 -0.703967 8.000000
-0.991610 -0.703967 8.000000
-0.976471 -0.703967 8.000000
-0.961331 -0.703967 8.000000
-0.946192 -0.703967 8.000000
-0.931053 -0.703967 8.000000
-0.915914 -0.703967 8.000000
-0.900775 -0.703967 8.000000
-0.885636 -0.703967 8.000000
-0.870497 -0.703967 8.000000
-0.855358 -0.703967 8.000000
-0.840219 -0.703967 8.000000
-0.825080 -0.703967 8.000000
-0.809941 -0.703967 8.000000
-0.794802 -0.703967 8.000000
-0.779663 -0.703967 8.000000
-0.764523 -0.703967 8.000000
-0.749384 -0.703967 8.000000
-0.255626 -0.245085 2.785183
-0.248091 -0.242868 2.759997
-0.241014 -0.241014 2.738921
-0.235376 -0.240549 2.733635
-0.229759 -0.240085 2.728364
-0.224163 -0.239623 2.723114
-0.218589 -0.239163 2.717884
-0.213037 -0.238704 2.712674
-0.207506 -0.238247 2.707484
-0.201996 -0.237792 2.702313
-0.196507 -0.237339 2.697163
-0.191039 -0.236888 2.692032
-0.185756 -0.236648 2.689305
-0.180587 -0.236544 2.688122
-0.175423 -0.236440 2.686941
-0.170263 -0.236336 2.685760
-0.165108 -0.236232 2.684580
-0.159958 -0.236128 2.683402
-0.154812 -0.236025 2.682225
-0.149670 -0.235921 2.681048
-0.144533 -0.235818 2.679872
-0.139401 -0.235714 2.678698
-0.134273 -0.235611 2.677525
-0.129150 -0.235508 2.676352
-0.124031 -0.235405 2.675181
-0.118916 -0.235302 2.674011
-0.113893 -0.235379 2.674882
-0.108895 -0.235517 2.676452
-0.103891 -0.235655 2.678024
-0.098881 -0.235794 2.679598
-0.093866 -0.235932 2.681174
-0.088844 -0.236071 2.682752
-0.083816 -0.236210 2.684331
-0.078783 -0.236349 2.685913
-0.073744 -0.236489 2.687496
-0.068698 -0.236628 2.689081
-0.063647 -0.236768 2.690668
-0.058590 -0.236908 2.692257
-0.053527 -0.237048 2.693847
-0.048458 -0.237188 2.695440
-0.043438 -0.237633 2.700501
-0.038406 -0.238120 2.706034
-0.033354 -0.238609 2.711588
-0.028281 -0.239099 2.717165
-0.023186 -0.239592 2.722765
-0.018071 -0.240087 2.728389
-0.012935 -0.240584 2.734035
-0.007777 -0.241083 2.739705
-0.002598 -0.241584 2.745399
0.002608 -0.242534 2.756202
0.007894 -0.244699 2.780796
0.013274 -0.246902 2.805833
0.043642 -0.579812 6.589082
0.056115 -0.579855 6.589572
0.068590 -0.579898 6.590063
0.081067 -0.579942 6.590553
0.093546 -0.579985 6.591043
0.106027 -0.580028 6.591534
0.118509 -0.580071 6.592025
0.130994 -0.580114 6.592516
0.143480 -0.580158 6.593007
0.155968 -0.580201 6.593498
0.168458 -0.580244 6.593989
0.180950 -0.580287 6.594480
0.193443 -0.580330 6.594971
0.205939 -0.580374 6.595462
0.218436 -0.580417 6.595953
0.230936 -0.580460 6.596445
0.243437 -0.580503 6.596936
0.255940 -0.580547 6.597428
0.268445 -0.580590 6.597919
0.280951 -0.580633 6.598411
0.293460 -0.580676 6.598903
0.305971 -0.580720 6.599395
0.318483 -0.580763 6.599887
0.330997 -0.580806 6.600379
0.343513 -0.580850 6.600871
0.356031 -0.580893 6.601363
0.368551 -0.580936 6.601855
-1.097583 -0.688828 8.000000
-1.082444 -0.688828 8.000000
-1.067305 -0.688828 8.000000
-1.052166 -0.688828 8.000000
-1.037027 -0.688828 8.000000
-1.021888 -0.688828 8.000000
-1.006749 -0.688828 8.000000
-0.991610 -0.688828 8.000000
-0.976471 -0.688828 8.000000
-0.961331 -0.688828 8.000000
-0.946192 -0.688828 8.000000
-0.931053 -0.688828 8.000000
-0.915914 -0.688828 8.000000
-0.900775 -0.688828 8.000000
-0.885636 -0.688828 8.000000
-0.870497 -0.688828 8.000000
-0.855358 -0.688828 8.000000
-0.840219 -0.688828 8.000000
-0.825080 -0.688828 8.000000
-0.809941 -0.688828 8.000000
-0.794802 -0.688828 8.000000
-0.779663 -0.688828 8.000000
-0.764523 -0.688828 8.000000
-0.262985 -0.241734 2.807482
-0.255322 -0.239529 2.781876
-0.247799 -0.237366 2.756749
-0.240928 -0.235747 2.737951
-0.235292 -0.235292 2.732667
-0.229677 -0.234839 2.727400
-0.224084 -0.234387 2.722154
-0.218513 -0.233937 2.716928
-0.212962 -0.233489 2.711721
-0.207433 -0.233042 2.706535
-0.201925 -0.232597 2.701368
-0.196438 -0.232154 2.696221
-0.190972 -0.231713 2.691093
-0.185710 -0.231501 2.688638
-0.180542 -0.231399 2.687456
-0.175380 -0.231298 2.686275
-0.170221 -0.231196 2.685095
-0.165068 -0.231095 2.683916
-0.159918 -0.230993 2.682738
-0.154774 -0.230892 2.681561
-0.149633 -0.230791 2.680385
-0.144498 -0.230689 2.679210
-0.139367 -0.230588 2.678036
-0.134240 -0.230487 2.676863
-0.129118 -0.230386 2.675692
-0.124000 -0.230286 2.674521
-0.118887 -0.230185 2.673351
-0.113865 -0.230260 2.674223
-0.108868 -0.230395 2.675793
-0.103865 -0.230530 2.677364
-0.098857 -0.230666 2.678938
-0.093842 -0.230802 2.680513
-0.088822 -0.230937 2.682090
-0.083796 -0.231073 2.683668
-0.078764 -0.231209 2.685249
-0.073726 -0.231346 2.686831
-0.068681 -0.231482 2.688416
-0.063631 -0.231619 2.690002
-0.058576 -0.231755 2.691590
-0.053514 -0.231892 2.693180
-0.048446 -0.232029 2.694772
-0.043423 -0.232442 2.699566
-0.038393 -0.232918 2.705095
-0.033342 -0.233396 2.710645
-0.028271 -0.233876 2.716218
-0.023178 -0.234358 2.721815
-0.018065 -0.234842 2.727434
-0.012930 -0.235327 2.733077
-0.007774 -0.235815 2.738743
-0.002597 -0.236305 2.744432
0.002605 -0.237051 2.753099
0.007885 -0.239164 2.777633
0.013259 -0.241315 2.802614
0.043642 -0.567343 6.589082
0.056115 -0.567385 6.589572
0.068590 -0.567428 6.590063
0.081067 -0.567470 6.590553
0.093546 -0.567512 6.591043
0.106027 -0.567554 6.591534
0.118509 -0.567596 6.592025
0.130994 -0.567639 6.592516
0.143480 -0.567681 6.593007
0.155968 -0.567723 6.593498
0.168458 -0.567766 6.593989
0.180950 -0.567808 6.594480
0.193443 -0.567850 6.594971
0.205939 -0.567892 6.595462
0.218436 -0.567935 6.595953
0.230936 -0.567977 6.596445
0.243437 -0.568019 6.596936
0.255940 -0.568062 6.597428
0.268445 -0.568104 6.597919
0.280951 -0.568146 6.598411
0.293460 -0.568189 6.598903
0.305971 -0.568231 6.599395
0.318483 -0.568273 6.599887
0.330997 -0.568316 6.600379
0.343513 -0.568358 6.600871
0.356031 -0.568401 6.601363
0.368551 -0.568443 6.601855
-1.097583 -0.673689 8.000000
-1.082444 -0.673689 8.000000
-1.067305 -0.673689 8.000000
-1.052166 -0.673689 8.000000
-1.037027 -0.673689 8.000000
-1.021888 -0.673689 8.000000
-1.006749 -0.673689 8.000000
-0.991610 -0.673689 8.000000
-0.976471 -0.673689 8.000000
-0.961331 -0.673689 8.000000
-0.946192 -0.673689 8.000000
-0.931053 -0.673689 8.000000
-0.915914 -0.673689 8.000000
-0.900775 -0.673689 8.000000
-0.885636 -0.673689 8.000000
-0.870497 -0.673689 8.000000
-0.855358 -0.673689 8.000000
-0.840219 -0.673689 8.000000
-0.825080 -0.673689 8.000000
-0.809941 -0.673689 8.000000
-0.794802 -0.673689 8.000000
-0.779663 -0.673689 8.000000
-0.764523 -0.673689 8.000000
-0.262670 -0.236137 2.804111
-0.255020 -0.233987 2.778576
-0.247508 -0.231876 2.753508
-0.240843 -0.230484 2.736980
-0.235209 -0.230040 2.731700
-0.229596 -0.229596 2.726437
-0.224005 -0.229155 2.721194
-0.218436 -0.228715 2.715971
-0.212887 -0.228277 2.710769
-0.207360 -0.227840 2.705586
-0.201854 -0.227406 2.700423
-0.196369 -0.226973 2.695279
-0.190905 -0.226541 2.690156
-0.185664 -0.226357 2.687971
-0.180498 -0.226258 2.686790
-0.175336 -0.226158 2.685609
-0.170179 -0.226059 2.684430
-0.165027 -0.225960 2.683251
-0.159879 -0.225860 2.682074
-0.154735 -0.225761 2.680897
-0.149596 -0.225662 2.679722
-0.144462 -0.225564 2.678548
-0.139332 -0.225465 2.677375
-0.134207 -0.225366 2.676202
-0.129086 -0.225267 2.675031
-0.123969 -0.225169 2.673861
-0.118857 -0.225070 2.672692
-0.113837 -0.225144 2.673566
-0.108841 -0.225276 2.675135
-0.103840 -0.225408 2.676705
-0.098832 -0.225541 2.678277
-0.093819 -0.225673 2.679852
-0.088800 -0.225806 2.681428
-0.083775 -0.225939 2.683006
-0.078744 -0.226072 2.684586
-0.073707 -0.226205 2.686167
-0.068664 -0.226339 2.687751
-0.063616 -0.226472 2.689336
-0.058561 -0.226606 2.690923
-0.053500 -0.226740 2.692513
-0.048434 -0.226873 2.694103
-0.043408 -0.227255 2.698631
-0.038380 -0.227720 2.704156
-0.033331 -0.228187 2.709703
-0.028261 -0.228656 2.715272
-0.023170 -0.229127 2.720865
-0.018058 -0.229600 2.726480
-0.012926 -0.230075 2.732119
-0.007771 -0.230552 2.737781
-0.002596 -0.231030 2.743466
0.002602 -0.231581 2.750002
0.007876 -0.233642 2.774478
0.013244 -0.235741 2.799402
0.043642 -0.554874 6.589082
0.056115 -0.554915 6.589572
0.068590 -0.554957 6.590063
0.081067 -0.554998 6.590553
0.093546 -0.555039 6.591043
0.106027 -0.555080 6.591534
0.118509 -0.555122 6.592025
0.130994 -0.555163 6.592516
0.143480 -0.555205 6.593007
0.155968 -0.555246 6.593498
0.168458 -0.555287 6.593989
0.180950 -0.555329 6.594480
0.193443 -0.555370 6.594971
0.205939 -0.555411 6.595462
0.218436 -0.555453 6.595953
0.230936 -0.555494 6.596445
0.243437 -0.555535 6.596936
0.255940 -0.555577 6.597428
0.268445 -0.555618 6.597919
0.280951 -0.555660 6.598411
0.293460 -0.555701 6.598903
0.305971 -0.555742 6.599395
0.318483 -0.555784 6.599887
0.330997 -0.555825 6.600379
0.343513 -0.555867 6.600871
0.356031 -0.555908 6.601363
0.368551 -0.555950 6.601855
-1.097583 -0.658550 8.000000
-1.082444 -0.658550 8.000000
-1.067305 -0.658550 8.000000
-1.052166 -0.658550 8.000000
-1.037027 -0.658550 8.000000
-1.021888 -0.658550 8.000000
-1.006749 -0.658550 8.000000
-0.991610 -0.658550 8.000000
-0.976471 -0.658550 8.000000
-0.961331 -0.658550 8.000000
-0.946192 -0.658550 8.000000
-0.931053 -0.658550 8.000000
-0.915914 -0.658550 8.000000
-0.900775 -0.658550 8.000000
-0.885636 -0.658550 8.000000
-0.870497 -0.658550 8.000000
-0.855358 -0.658550 8.000000
-0.840219 -0.658550 8.000000
-0.825080 -0.658550 8.000000
-0.809941 -0.658550 8.000000
-0.794802 -0.658550 8.000000
-0.779663 -0.658550 8.000000
-0.764523 -0.658550 8.000000
-0.262355 -0.230554 2.800752
-0.254717 -0.228458 2.775284
-0.247218 -0.226399 2.750275
-0.240758 -0.225225 2.736011
-0.235126 -0.224791 2.730734
-0.229515 -0.224358 2.725474
-0.223926 -0.223926 2.720235
-0.218359 -0.223497 2.715016
-0.212813 -0.223069 2.709817
-0.207288 -0.222642 2.704638
-0.201784 -0.222218 2.699478
-0.196301 -0.221795 2.694339
-0.190839 -0.221373 2.689218
-0.185618 -0.221216 2.687305
-0.180453 -0.221118 2.686124
-0.175293 -0.221021 2.684944
-0.170137 -0.220924 2.683765
-0.164986 -0.220827 2.682587
-0.159839 -0.220730 2.681411
-0.154697 -0.220634 2.680235
-0.149559 -0.220537 2.679060
-0.144426 -0.220440 2.677886
-0.139298 -0.220344 2.676713
-0.134174 -0.220247 2.675542
-0.129054 -0.220151 2.674371
-0.123939 -0.220055 2.673202
-0.118828 -0.219958 2.672033
-0.113809 -0.220030 2.672908
-0.108814 -0.220160 2.674476
-0.103814 -0.220289 2.676046
-0.098808 -0.220418 2.677617
-0.093796 -0.220548 2.679191
-0.088778 -0.220677 2.680766
-0.083754 -0.220807 2.682343
-0.078725 -0.220937 2.683923
-0.073689 -0.221067 2.685503
-0.068648 -0.221198 2.687086
-0.063600 -0.221328 2.688671
-0.058547 -0.221459 2.690257
-0.053487 -0.221589 2.691846
-0.048422 -0.221720 2.693436
-0.043393 -0.222071 2.697697
-0.038366 -0.222526 2.703218
-0.033319 -0.222982 2.708761
-0.028251 -0.223440 2.714327
-0.023162 -0.223900 2.719915
-0.018052 -0.224362 2.725527
-0.012921 -0.224826 2.731161
-0.007769 -0.225292 2.736820
-0.002595 -0.225759 2.742501
0.002600 -0.226229 2.748206
0.007867 -0.228132 2.771330
0.013229 -0.230179 2.796198
0.043642 -0.542405 6.589082
0.056115 -0.542445 6.589572
0.068590 -0.542486 6.590063
0.081067 -0.542526 6.590553
0.093546 -0.542566 6.591043
0.106027 -0.542607 6.591534
0.118509 -0.542647 6.592025
0.130994 -0.542688 6.592516
0.143480 -0.542728 6.593007
0.155968 -0.542768 6.593498
0.168458 -0.542809 6.593989
0.180950 -0.542849 6.594480
0.193443 -0.542890 6.594971
0.205939 -0.542930 6.595462
0.218436 -0.542971 6.595953
0.230936 -0.543011 6.596445
0.243437 -0.543051 6.596936
0.255940 -0.543092 6.597428
0.268445 -0.543132 6.597919
0.280951 -0.543173 6.598411
0.293460 -0.543213 6.598903
0.305971 -0.543254 6.599395
0.318483 -0.543294 6.599887
0.330997 -0.543335 6.600379
0.343513 -0.543375 6.600871
0.356031 -0.543416 6.601363
0.368551 -0.543456 6.601855
-1.097583 -0.643411 8.000000
-1.082444 -0.643411 8.000000
-1.067305 -0.643411 8.000000
-1.052166 -0.643411 8.000000
-1.037027 -0.643411 8.000000
-1.021888 -0.643411 8.000000
-1.006749 -0.643411 8.000000
-0.991610 -0.643411 8.000000
-0.976471 -0.643411 8.000000
-0.961331 -0.643411 8.000000
-0.946192 -0.643411 8.000000
-0.931053 -0.643411 8.000000
-0.915914 -0.643411 8.000000
-0.900775 -0.643411 8.000000
-0.885636 -0.643411 8.000000
-0.870497 -0.643411 8.000000
-0.855358 -0.643411 8.000000
-0.840219 -0.643411 8.000000
-0.825080 -0.643411 8.000000
-0.809941 -0.643411 8.000000
-0.794802 -0.643411 8.000000
-0.779663 -0.643411 8.000000
-0.764523 -0.643411 8.000000
-0.262042 -0.224985 2.797407
-0.254416 -0.222942 2.772000
-0.246928 -0.220935 2.747050
-0.240672 -0.219969 2.735042
-0.235043 -0.219545 2.729768
-0.229434 -0.219123 2.724512
-0.223847 -0.218702 2.719277
-0.218282 -0.218282 2.714061
-0.212738 -0.217864 2.708866
-0.207215 -0.217448 2.703691
-0.201713 -0.217033 2.698534
-0.196232 -0.216620 2.693398
-0.190772 -0.216209 2.688282
-0.185572 -0.216077 2.686639
-0.180408 -0.215982 2.685459
-0.175249 -0.215887 2.684279
-0.170095 -0.215792 2.683101
-0.164945 -0.215697 2.681923
-0.159800 -0.215603 2.680748
-0.154659 -0.215508 2.679572
-0.149522 -0.215414 2.678398
-0.144391 -0.215319 2.677225
-0.139263 -0.215225 2.676053
-0.134140 -0.215131 2.674881
-0.129022 -0.215037 2.673712
-0.123908 -0.214943 2.672543
-0.118799 -0.214849 2.671375
-0.113781 -0.214919 2.672251
-0.108788 -0.215045 2.673818
-0.103789 -0.215172 2.675387
-0.098784 -0.215298 2.676958
-0.093773 -0.215424 2.678531
-0.088756 -0.215551 2.680105
-0.083734 -0.215678 2.681681
-0.078705 -0.215805 2.683260
-0.073671 -0.215932 2.684840
-0.068631 -0.216059 2.686422
-0.063584 -0.216186 2.688006
-0.058532 -0.216314 2.689591
-0.053474 -0.216442 2.691179
-0.048410 -0.216570 2.692769
-0.043378 -0.216891 2.696763
-0.038353 -0.217335 2.702281
-0.033308 -0.217780 2.707820
-0.028241 -0.218227 2.713382
-0.023154 -0.218677 2.718966
-0.018046 -0.219128 2.724574
-0.012916 -0.219580 2.730205
-0.007766 -0.220035 2.735859
-0.002594 -0.220492 2.741536
0.002599 -0.220950 2.747237
0.007858 -0.222635 2.768190
0.013214 -0.224631 2.793000
0.018666 -0.226662 2.818259
0.056115 -0.529975 6.589572
0.068590 -0.530015 6.590063
0.081067 -0.530054 6.590553
0.093546 -0.530094 6.591043
0.106027 -0.530133 6.591534
0.118509 -0.530173 6.592025
0.130994 -0.530212 6.592516
0.143480 -0.530252 6.593007
0.155968 -0.530291 6.593498
0.168458 -0.530330 6.593989
0.180950 -0.530370 6.594480
0.193443 -0.530409 6.594971
0.205939 -0.530449 6.595462
0.218436 -0.530488 6.595953
0.230936 -0.530528 6.596445
0.243437 -0.530568 6.596936
0.255940 -0.530607 6.597428
0.268445 -0.530647 6.597919
0.280951 -0.530686 6.598411
0.293460 -0.530726 6.598903
0.305971 -0.530765 6.599395
0.318483 -0.530805 6.599887
0.330997 -0.530844 6.600379
0.343513 -0.530884 6.600871
0.356031 -0.530924 6.601363
0.368551 -0.530963 6.601855
-1.097583 -0.628272 8.000000
-1.082444 -0.628272 8.000000
-1.067305 -0.628272 8.000000
-1.052166 -0.628272 8.000000
-1.037027 -0.628272 8.000000
-1.021888 -0.628272 8.000000
-1.006749 -0.628272 8.000000
-0.991610 -0.628272 8.000000
-0.976471 -0.628272 8.000000
-0.961331 -0.628272 8.000000
-0.946192 -0.628272 8.000000
-0.931053 -0.628272 8.000000
-0.915914 -0.628272 8.000000
-0.900775 -0.628272 8.000000
-0.885636 -0.628272 8.000000
-0.870497 -0.628272 8.000000
-0.855358 -0.628272 8.000000
-0.840219 -0.628272 8.000000
-0.825080 -0.628272 8.000000
-0.809941 -0.628272 8.000000
-0.794802 -0.628272 8.000000
-0.779663 -0.628272 8.000000
-0.764523 -0.628272 8.000000
-0.261729 -0.219429 2.794071
-0.254115 -0.217439 2.768724
-0.246638 -0.215484 2.743833
-0.240587 -0.214718 2.734074
-0.234960 -0.214304 2.728803
-0.229353 -0.213891 2.723551
-0.223769 -0.213480 2.718319
-0.218205 -0.213071 2.713108
-0.212663 -0.212663 2.707916
-0.207143 -0.212257 2.702744
-0.201643 -0.211853 2.697592
-0.196164 -0.211449 2.692459
-0.190706 -0.211048 2.687346
-0.185526 -0.210940 2.685973
-0.180364 -0.210847 2.684793
-0.175206 -0.210755 2.683614
-0.170053 -0.210662 2.682437
-0.164904 -0.210570 2.681260
-0.159760 -0.210478 2.680084
-0.154621 -0.210385 2.678910
-0.149486 -0.210293 2.677736
-0.144355 -0.210201 2.676564
-0.139229 -0.210109 2.675392
-0.134107 -0.210017 2.674222
-0.128990 -0.209925 2.673052
-0.123878 -0.209834 2.671884
-0.118770 -0.209742 2.670716
-0.113753 -0.209811 2.671594
-0.108761 -0.209934 2.673160
-0.103763 -0.210057 2.674728
-0.098759 -0.210180 2.676299
-0.093750 -0.210304 2.677871
-0.088734 -0.210427 2.679444
-0.083713 -0.210551 2.681020
-0.078686 -0.210675 2.682597
-0.073653 -0.210799 2.684177
-0.068614 -0.210923 2.685758
-0.063569 -0.211048 2.687341
-0.058518 -0.211172 2.688926
-0.053461 -0.211297 2.690513
-0.048398 -0.211421 2.692101
-0.043363 -0.211714 2.695831
-0.038340 -0.212147 2.701345
-0.033296 -0.212582 2.706880
-0.028231 -0.213018 2.712438
-0.023146 -0.213457 2.718018
-0.018039 -0.213897 2.723622
-0.012912 -0.214339 2.729249
-0.007763 -0.214782 2.734899
-0.002593 -0.215228 2.740573
0.002598 -0.215675 2.746270
0.007849 -0.217151 2.765056
0.013198 -0.219095 2.789810
0.018645 -0.221074 2.815012
0.056115 -0.517505 6.589572
0.068590 -0.517544 6.590063
0.081067 -0.517582 6.590553
0.093546 -0.517621 6.591043
0.106027 -0.517659 6.591534
0.118509 -0.517698 6.592025
0.130994 -0.517736 6.592516
0.143480 -0.517775 6.593007
0.155968 -0.517814 6.593498
0.168458 -0.517852 6.593989
0.180950 -0.517891 6.594480
0.193443 -0.517929 6.594971
0.205939 -0.517968 6.595462
0.218436 -0.518006 6.595953
0.230936 -0.518045 6.596445
0.243437 -0.518084 6.596936
0.255940 -0.518122 6.597428
0.268445 -0.518161 6.597919
0.280951 -0.518199 6.598411
0.293460 -0.518238 6.598903
0.305971 -0.518277 6.599395
0.318483 -0.518315 6.599887
0.330997 -0.518354 6.600379
0.343513 -0.518393 6.600871
0.356031 -0.518431 6.601363
0.368551 -0.518470 6.601855
-1.097583 -0.613133 8.000000
-1.082444 -0.613133 8.000000
-1.067305 -0.613133 8.000000
-1.052166 -0.613133 8.000000
-1.037027 -0.613133 8.000000
-1.021888 -0.613133 8.000000
-1.006749 -0.613133 8.000000
-0.991610 -0.613133 8.000000
-0.976471 -0.613133 8.000000
-0.961331 -0.613133 8.000000
-0.946192 -0.613133 8.000000
-0.931053 -0.613133 8.000000
-0.915914 -0.613133 8.000000
-0.900775 -0.613133 8.000000
-0.885636 -0.613133 8.000000
-0.870497 -0.613133 8.000000
-0.855358 -0.613133 8.000000
-0.840219 -0.613133 8.000000
-0.825080 -0.613133 8.000000
-0.809941 -0.613133 8.000000
-0.794802 -0.613133 8.000000
-0.779663 -0.613133 8.000000
-0.764523 -0.613133 8.000000
-0.261417 -0.213887 2.790742
-0.253815 -0.211949 2.765455
-0.246350 -0.210046 2.740622
-0.240502 -0.209470 2.733107
-0.234876 -0.209066 2.727839
-0.229272 -0.208664 2.722590
-0.223690 -0.208263 2.717362
-0.218129 -0.207864 2.712154
-0.212589 -0.207466 2.706966
-0.207070 -0.207070 2.701798
-0.201572 -0.206675 2.696649
-0.196096 -0.206282 2.691520
-0.190645 -0.205897 2.686488
-0.185480 -0.205806 2.685308
-0.180319 -0.205716 2.684129
-0.175163 -0.205626 2.682950
-0.170011 -0.205535 2.681773
-0.164863 -0.205445 2.680597
-0.159721 -0.205355 2.679422
-0.154582 -0.205265 2.678248
-0.149449 -0.205175 2.677075
-0.144319 -0.205085 2.675903
-0.139195 -0.204996 2.674732
-0.134074 -0.204906 2.673562
-0.128958 -0.204816 2.672393
-0.123847 -0.204727 2.671225
-0.118740 -0.204638 2.670058
-0.113725 -0.204705 2.670937
-0.108734 -0.204825 2.672503
-0.103738 -0.204945 2.674071
-0.098735 -0.205065 2.675640
-0.093727 -0.205186 2.677211
-0.088713 -0.205306 2.678784
-0.083692 -0.205427 2.680359
-0.078666 -0.205548 2.681935
-0.073634 -0.205669 2.683514
-0.068597 -0.205790 2.685094
-0.063553 -0.205911 2.686677
-0.058503 -0.206033 2.688261
-0.053447 -0.206154 2.689847
-0.048386 -0.206276 2.691435
-0.043348 -0.206541 2.694898
-0.038327 -0.206964 2.700409
-0.033284 -0.207388 2.705940
-0.028222 -0.207813 2.711494
-0.023138 -0.208241 2.717071
-0.018033 -0.208670 2.722671
-0.012907 -0.209101 2.728294
-0.007760 -0.209533 2.733940
-0.002592 -0.209968 2.739609
0.002598 -0.210404 2.745302
0.007840 -0.211679 2.761930
0.013183 -0.213572 2.786627
0.018623 -0.215499 2.811771
0.056115 -0.505035 6.589572
0.068590 -0.505073 6.590063
0.081067 -0.505110 6.590553
0.093546 -0.505148 6.591043
0.106027 -0.505186 6.591534
0.118509 -0.505223 6.592025
0.130994 -0.505261 6.592516
0.143480 -0.505298 6.593007
0.155968 -0.505336 6.593498
0.168458 -0.505374 6.593989
0.180950 -0.505411 6.594480
0.193443 -0.505449 6.594971
0.205939 -0.505487 6.595462
0.218436 -0.505524 6.595953
0.230936 -0.505562 6.596445
0.243437 -0.505600 6.596936
0.255940 -0.505637 6.597428
0.268445 -0.505675 6.597919
0.280951 -0.505713 6.598411
0.293460 -0.505750 6.598903
0.305971 -0.505788 6.599395
0.318483 -0.505826 6.599887
0.330997 -0.505863 6.600379
0.343513 -0.505901 6.600871
0.356031 -0.505939 6.601363
0.368551 -0.505977 6.601855
-1.097583 -0.597994 8.000000
-1.082444 -0.597994 8.000000
-1.067305 -0.597994 8.000000
-1.052166 -0.597994 8.000000
-1.037027 -0.597994 8.000000
-1.021888 -0.597994 8.000000
-1.006749 -0.597994 8.000000
-0.991610 -0.597994 8.000000
-0.976471 -0.597994 8.000000
-0.961331 -0.597994 8.000000
-0.946192 -0.597994 8.000000
-0.931053 -0.597994 8.000000
-0.915914 -0.597994 8.000000
-0.900775 -0.597994 8.000000
-0.885636 -0.597994 8.000000
-0.870497 -0.597994 8.000000
-0.855358 -0.597994 8.000000
-0.840219 -0.597994 8.000000
-0.825080 -0.597994 8.000000
-0.809941 -0.597994 8.000000
-0.794802 -0.597994 8.000000
-0.779663 -0.597994 8.000000
-0.764523 -0.597994 8.000000
-0.261106 -0.208357 2.787421
-0.253516 -0.206472 2.762194
-0.246062 -0.204620 2.737420
-0.240417 -0.204225 2.732140
-0.234794 -0.203832 2.726875
-0.229192 -0.203440 2.721630
-0.223611 -0.203049 2.716406
-0.218052 -0.202660 2.711202
-0.212514 -0.202273 2.706017
-0.206998 -0.201887 2.700852
-0.201502 -0.201502 2.695707
-0.196027 -0.201119 2.690582
-0.190598 -0.200763 2.685822
-0.185434 -0.200675 2.684643
-0.180274 -0.200587 2.683464
-0.175119 -0.200499 2.682287
-0.169969 -0.200411 2.681110
-0.164823 -0.200323 2.679935
-0.159681 -0.200235 2.678760
-0.154544 -0.200147 2.677586
-0.149412 -0.200060 2.676414
-0.144284 -0.199972 2.675243
-0.139160 -0.199885 2.674072
-0.134041 -0.199797 2.672903
-0.128927 -0.199710 2.671735
-0.123817 -0.199623 2.670567
-0.118711 -0.199536 2.669401
-0.113697 -0.199601 2.670281
-0.108707 -0.199718 2.671846
-0.103712 -0.199835 2.673413
-0.098711 -0.199953 2.674981
-0.093704 -0.200070 2.676552
-0.088691 -0.200188 2.678124
-0.083672 -0.200305 2.679698
-0.078647 -0.200423 2.681274
-0.073616 -0.200541 2.682852
-0.068580 -0.200659 2.684431
-0.063537 -0.200777 2.686013
-0.058489 -0.200896 2.687596
-0.053434 -0.201014 2.689181
-0.048374 -0.201133 2.690768
-0.043333 -0.201372 2.693967
-0.038313 -0.201783 2.699474
-0.033273 -0.202197 2.705001
-0.028212 -0.202612 2.710551
-0.023130 -0.203028 2.716124
-0.018027 -0.203446 2.721720
-0.012903 -0.203866 2.727339
-0.007758 -0.204288 2.732981
-0.002591 -0.204712 2.738647
0.002597 -0.205137 2.744336
0.007831 -0.206219 2.758810
0.013168 -0.208061 2.783452
0.018602 -0.209936 2.808538
0.056115 -0.492565 6.589572
0.068590 -0.492602 6.590063
0.081067 -0.492639 6.590553
0.093546 -0.492675 6.591043
0.106027 -0.492712 6.591534
0.118509 -0.492749 6.592025
0.130994 -0.492785 6.592516
0.143480 -0.492822 6.593007
0.155968 -0.492859 6.593498
0.168458 -0.492895 6.593989
0.180950 -0.492932 6.594480
0.193443 -0.492969 6.594971
0.205939 -0.493006 6.595462
0.218436 -0.493042 6.595953
0.230936 -0.493079 6.596445
0.243437 -0.493116 6.596936
0.255940 -0.493152 6.597428
0.268445 -0.493189 6.597919
0.280951 -0.493226 6.598411
0.293460 -0.493263 6.598903
0.305971 -0.493299 6.599395
0.318483 -0.493336 6.599887
0.330997 -0.493373 6.600379
0.343513 -0.493410 6.600871
0.356031 -0.493447 6.601363
0.368551 -0.493483 6.601855
-1.097583 -0.582855 8.000000
-1.082444 -0.582855 8.000000
-1.067305 -0.582855 8.000000
-1.052166 -0.582855 8.000000
-1.037027 -0.582855 8.000000
-1.021888 -0.582855 8.000000
-1.006749 -0.582855 8.000000
-0.991610 -0.582855 8.000000
-0.976471 -0.582855 8.000000
-0.961331 -0.582855 8.000000
-0.946192 -0.582855 8.000000
-0.931053 -0.582855 8.000000
-0.915914 -0.582855 8.000000
-0.900775 -0.582855 8.000000
-0.885636 -0.582855 8.000000
-0.870497 -0.582855 8.000000
-0.855358 -0.582855 8.000000
-0.840219 -0.582855 8.000000
-0.825080 -0.582855 8.000000
-0.809941 -0.582855 8.000000
-0.794802 -0.582855 8.000000
-0.779663 -0.582855 8.000000
-0.764523 -0.582855 8.000000
-0.260796 -0.202841 2.784108
-0.253217 -0.201008 2.758941
-0.245975 -0.199369 2.736450
-0.240332 -0.198985 2.731173
-0.234711 -0.198601 2.725912
-0.229111 -0.198219 2.720671
-0.223532 -0.197839 2.715450
-0.217975 -0.197460 2.710250
-0.212440 -0.197083 2.705069
-0.206925 -0.196707 2.699908
-0.201432 -0.196332 2.694766
-0.195959 -0.195959 2.689644
-0.190551 -0.195632 2.685157
-0.185388 -0.195546 2.683978
-0.180230 -0.195460 2.682800
-0.175076 -0.195375 2.681623
-0.169927 -0.195289 2.680447
-0.164782 -0.195203 2.679272
-0.159642 -0.195118 2.678098
-0.154506 -0.195032 2.676925
-0.149375 -0.194947 2.675753
-0.144248 -0.194862 2.674582
-0.139126 -0.194776 2.673413
-0.134008 -0.194691 2.672244
-0.128895 -0.194606 2.671076
-0.123786 -0.194521 2.669909
-0.118682 -0.194436 2.668744
-0.113669 -0.194500 2.669625
-0.108681 -0.194614 2.671189
-0.103687 -0.194728 2.672755
-0.098687 -0.194843 2.674323
-0.093681 -0.194957 2.675893
-0.088669 -0.195072 2.677464
-0.083651 -0.195186 2.679037
-0.078628 -0.195301 2.680612
-0.073598 -0.195416 2.682189
-0.068563 -0.195531 2.683768
-0.063521 -0.195646 2.685349
-0.058474 -0.195761 2.686931
-0.053421 -0.195877 2.688516
-0.048362 -0.195992 2.690102
-0.043318 -0.196206 2.693036
-0.038300 -0.196607 2.698539
-0.033261 -0.197009 2.704063
-0.028202 -0.197413 2.709609
-0.023122 -0.197819 2.715178
-0.018021 -0.198227 2.720770
-0.012898 -0.198636 2.726385
-0.007755 -0.199047 2.732023
-0.002590 -0.199459 2.737685
0.002596 -0.199873 2.743370
0.007822 -0.200771 2.755698
0.013153 -0.202563 2.780284
0.018581 -0.204386 2.805312
0.056115 -0.480095 6.589572
0.068590 -0.480131 6.590063
0.081067 -0.480167 6.590553
0.093546 -0.480202 6.591043
0.106027 -0.480238 6.591534
0.118509 -0.480274 6.592025
0.130994 -0.480310 6.592516
0.143480 -0.480345 6.593007
0.155968 -0.480381 6.593498
0.168458 -0.480417 6.593989
0.180950 -0.480453 6.594480
0.193443 -0.480489 6.594971
0.205939 -0.480524 6.595462
0.218436 -0.480560 6.595953
0.230936 -0.480596 6.596445
0.243437 -0.480632 6.596936
0.255940 -0.480668 6.597428
0.268445 -0.480703 6.597919
0.280951 -0.480739 6.598411
0.293460 -0.480775 6.598903
0.305971 -0.480811 6.599395
0.318483 -0.480847 6.599887
0.330997 -0.480883 6.600379
0.343513 -0.480918 6.600871
0.356031 -0.480954 6.601363
0.368551 -0.480990 6.601855
-1.097583 -0.567715 8.000000
-1.082444 -0.567715 8.000000
-1.067305 -0.567715 8.000000
-1.052166 -0.567715 8.000000
-1.037027 -0.567715 8.000000
-1.021888 -0.567715 8.000000
-1.006749 -0.567715 8.000000
-0.991610 -0.567715 8.000000
-0.976471 -0.567715 8.000000
-0.961331 -0.567715 8.000000
-0.946192 -0.567715 8.000000
-0.931053 -0.567715 8.000000
-0.915914 -0.567715 8.000000
-0.900775 -0.567715 8.000000
-0.885636 -0.567715 8.000000
-0.870497 -0.567715 8.000000
-0.855358 -0.567715 8.000000
-0.840219 -0.567715 8.000000
-0.825080 -0.567715 8.000000
-0.809941 -0.567715 8.000000
-0.794802 -0.567715 8.000000
-0.779663 -0.567715 8.000000
-0.268193 -0.199153 2.806384
-0.260486 -0.197338 2.780803
-0.252920 -0.195556 2.755695
-0.245888 -0.194122 2.735481
-0.240247 -0.193748 2.730207
-0.234628 -0.193374 2.724950
-0.229030 -0.193003 2.719712
-0.223454 -0.192633 2.714495
-0.217899 -0.192264 2.709298
-0.212365 -0.191896 2.704121
-0.206853 -0.191530 2.698964
-0.201361 -0.191166 2.693826
-0.195891 -0.190803 2.688707
-0.190503 -0.190503 2.684492
-0.185342 -0.190420 2.683313
-0.180185 -0.190336 2.682136
-0.175033 -0.190253 2.680960
-0.169885 -0.190169 2.679784
-0.164741 -0.190086 2.678610
-0.159602 -0.190003 2.677437
-0.154468 -0.189920 2.676265
-0.149338 -0.189836 2.675093
-0.144213 -0.189753 2.673923
-0.139092 -0.189670 2.672754
-0.133975 -0.189588 2.671585
-0.128863 -0.189505 2.670418
-0.123756 -0.189422 2.669252
-0.118653 -0.189339 2.668087
-0.113641 -0.189402 2.668969
-0.108654 -0.189513 2.670533
-0.103661 -0.189624 2.672098
-0.098662 -0.189735 2.673665
-0.093658 -0.189846 2.675234
-0.088647 -0.189958 2.676804
-0.083631 -0.190069 2.678377
-0.078608 -0.190181 2.679951
-0.073580 -0.190293 2.681528
-0.068546 -0.190405 2.683105
-0.063506 -0.190517 2.684685
-0.058460 -0.190629 2.686267
-0.053408 -0.190742 2.687851
-0.048350 -0.190854 2.689437
-0.043303 -0.191044 2.692105
-0.038287 -0.191434 2.697605
-0.033250 -0.191826 2.703125
-0.028192 -0.192219 2.708668
-0.023114 -0.192614 2.714233
-0.018014 -0.193011 2.719821
-0.012894 -0.193409 2.725432
-0.007752 -0.193809 2.731066
-0.002589 -0.194210 2.736724
0.002595 -0.194613 2.742405
0.007813 -0.195336 2.752593
0.013138 -0.197077 2.777122
0.018559 -0.198849 2.802094
0.056115 -0.467625 6.589572
0.068590 -0.467660 6.590063
0.081067 -0.467695 6.590553
0.093546 -0.467730 6.591043
0.106027 -0.467764 6.591534
0.118509 -0.467799 6.592025
0.130994 -0.467834 6.592516
0.143480 -0.467869 6.593007
0.155968 -0.467904 6.593498
0.168458 -0.467939 6.593989
0.180950 -0.467973 6.594480
0.193443 -0.468008 6.594971
0.205939 -0.468043 6.595462
0.218436 -0.468078 6.595953
0.230936 -0.468113 6.596445
0.243437 -0.468148 6.596936
0.255940 -0.468183 6.597428
0.268445 -0.468218 6.597919
0.280951 -0.468252 6.598411
0.293460 -0.468287 6.598903
0.305971 -0.468322 6.599395
0.318483 -0.468357 6.599887
0.330997 -0.468392 6.600379
0.343513 -0.468427 6.600871
0.356031 -0.468462 6.601363
0.368551 -0.468497 6.601855
-1.097583 -0.552576 8.000000
-1.082444 -0.552576 8.000000
-1.067305 -0.552576 8.000000
-1.052166 -0.552576 8.000000
-1.037027 -0.552576 8.000000
-1.021888 -0.552576 8.000000
-1.006749 -0.552576 8.000000
-0.991610 -0.552576 8.000000
-0.976471 -0.552576 8.000000
-0.961331 -0.552576 8.000000
-0.946192 -0.552576 8.000000
-0.931053 -0.552576 8.000000
-0.915914 -0.552576 8.000000
-0.900775 -0.552576 8.000000
-0.885636 -0.552576 8.000000
-0.870497 -0.552576 8.000000
-0.855358 -0.552576 8.000000
-0.840219 -0.552576 8.000000
-0.825080 -0.552576 8.000000
-0.809941 -0.552576 8.000000
-0.794802 -0.552576 8.000000
-0.779663 -0.552576 8.000000
-0.267871 -0.193610 2.803015
-0.260177 -0.191848 2.777506
-0.252622 -0.190118 2.752457
-0.245801 -0.188878 2.734513
-0.240162 -0.188514 2.729242
-0.234545 -0.188151 2.723988
-0.228949 -0.187790 2.718755
-0.223375 -0.187430 2.713541
-0.217823 -0.187071 2.708348
-0.212291 -0.186714 2.703174
-0.206781 -0.186358 2.698020
-0.201291 -0.186003 2.692886
-0.195822 -0.185650 2.687771
-0.190456 -0.185377 2.683827
-0.185296 -0.185296 2.682649
-0.180140 -0.185215 2.681473
-0.174989 -0.185134 2.680297
-0.169843 -0.185052 2.679122
-0.164701 -0.184971 2.677948
-0.159563 -0.184890 2.676775
-0.154430 -0.184809 2.675604
-0.149301 -0.184729 2.674433
-0.144177 -0.184648 2.673263
-0.139057 -0.184567 2.672095
-0.133942 -0.184486 2.670927
-0.128831 -0.184406 2.669760
-0.123725 -0.184325 2.668595
-0.118623 -0.184245 2.667430
-0.113613 -0.184306 2.668314
-0.108627 -0.184414 2.669877
-0.103636 -0.184522 2.671441
-0.098638 -0.184630 2.673007
-0.093635 -0.184738 2.674575
-0.088625 -0.184847 2.676145
-0.083610 -0.184955 2.677717
-0.078589 -0.185064 2.679291
-0.073562 -0.185173 2.680866
-0.068529 -0.185282 2.682443
-0.063490 -0.185391 2.684023
-0.058445 -0.185500 2.685603
-0.053395 -0.185609 2.687186
-0.048338 -0.185719 2.688771
-0.043288 -0.185885 2.691176
-0.038274 -0.186265 2.696672
-0.033238 -0.186646 2.702188
-0.028182 -0.187028 2.707726
-0.023106 -0.187412 2.713288
-0.018008 -0.187798 2.718872
-0.012889 -0.188185 2.724479
-0.007750 -0.188574 2.730110
-0.002589 -0.188965 2.735763
0.002594 -0.189357 2.741441
0.007805 -0.189913 2.749498
0.013124 -0.191604 2.773969
0.018538 -0.193325 2.798883
0.056115 -0.455155 6.589572
0.068590 -0.455189 6.590063
0.081067 -0.455223 6.590553
0.093546 -0.455257 6.591043
0.106027 -0.455291 6.591534
0.118509 -0.455325 6.592025
0.130994 -0.455359 6.592516
0.143480 -0.455392 6.593007
0.155968 -0.455426 6.593498
0.168458 -0.455460 6.593989
0.180950 -0.455494 6.594480
0.193443 -0.455528 6.594971
0.205939 -0.455562 6.595462
0.218436 -0.455596 6.595953
0.230936 -0.455630 6.596445
0.243437 -0.455664 6.596936
0.255940 -0.455698 6.597428
0.268445 -0.455732 6.597919
0.280951 -0.455766 6.598411
0.293460 -0.455800 6.598903
0.305971 -0.455834 6.599395
0.318483 -0.455868 6.599887
0.330997 -0.455902 6.600379
0.343513 -0.455936 6.600871
0.356031 -0.455970 6.601363
0.368551 -0.456004 6.601855
-1.097583 -0.537437 8.000000
-1.082444 -0.537437 8.000000
-1.067305 -0.537437 8.000000
-1.052166 -0.537437 8.000000
-1.037027 -0.537437 8.000000
-1.021888 -0.537437 8.000000
-1.006749 -0.537437 8.000000
-0.991610 -0.537437 8.000000
-0.976471 -0.537437 8.000000
-0.961331 -0.537437 8.000000
-0.946192 -0.537437 8.000000
-0.931053 -0.537437 8.000000
-0.915914 -0.537437 8.000000
-0.900775 -0.537437 8.000000
-0.885636 -0.537437 8.000000
-0.870497 -0.537437 8.000000
-0.855358 -0.537437 8.000000
-0.840219 -0.537437 8.000000
-0.825080 -0.537437 8.000000
-0.809941 -0.537437 8.000000
-0.794802 -0.537437 8.000000
-0.779663 -0.537437 8.000000
-0.267551 -0.188081 2.799664
-0.259869 -0.186371 2.774217
-0.252326 -0.184692 2.749227
-0.245714 -0.183639 2.733545
-0.240077 -0.183285 2.728277
-0.234462 -0.182932 2.723027
-0.228869 -0.182581 2.717797
-0.223297 -0.182231 2.712588
-0.217746 -0.181882 2.707398
-0.212217 -0.181535 2.702228
-0.206708 -0.181189 2.697078
-0.201221 -0.180844 2.691947
-0.195754 -0.180501 2.686836
-0.190409 -0.180254 2.683163
-0.185250 -0.180175 2.681986
-0.180096 -0.180096 2.680809
-0.174946 -0.180017 2.679634
-0.169801 -0.179938 2.678460
-0.164660 -0.179859 2.677287
-0.159524 -0.179780 2.676115
-0.154392 -0.179702 2.674943
-0.149264 -0.179623 2.673773
-0.144141 -0.179545 2.672604
-0.139023 -0.179466 2.671436
-0.133909 -0.179388 2.670269
-0.128800 -0.179309 2.669103
-0.123695 -0.179231 2.667938
-0.118594 -0.179153 2.666774
-0.113585 -0.179212 2.667659
-0.108601 -0.179317 2.669221
-0.103610 -0.179422 2.670784
-0.098614 -0.179528 2.672350
-0.093611 -0.179633 2.673917
-0.088603 -0.179738 2.675486
-0.083589 -0.179844 2.677057
-0.078569 -0.179949 2.678630
-0.073544 -0.180055 2.680205
-0.068512 -0.180161 2.681782
-0.063474 -0.180267 2.683360
-0.058431 -0.180373 2.684940
-0.053381 -0.180480 2.686522
-0.048326 -0.180586 2.688106
-0.043273 -0.180730 2.690247
-0.038260 -0.181099 2.695740
-0.033227 -0.181469 2.701252
-0.028173 -0.181841 2.706786
-0.023098 -0.182214 2.712344
-0.018002 -0.182589 2.717924
-0.012885 -0.182966 2.723527
-0.007747 -0.183344 2.729154
-0.002588 -0.183723 2.734803
0.002593 -0.184104 2.740476
0.007796 -0.184503 2.746410
0.013109 -0.186143 2.770822
0.018517 -0.187813 2.795680
0.056115 -0.442685 6.589572
0.068590 -0.442718 6.590063
0.081067 -0.442751 6.590553
0.093546 -0.442784 6.591043
0.106027 -0.442817 6.591534
0.118509 -0.442850 6.592025
0.130994 -0.442883 6.592516
0.143480 -0.442916 6.593007
0.155968 -0.442949 6.593498
0.168458 -0.442982 6.593989
0.180950 -0.443015 6.594480
0.193443 -0.443048 6.594971
0.205939 -0.443081 6.595462
0.218436 -0.443114 6.595953
0.230936 -0.443147 6.596445
0.243437 -0.443180 6.596936
0.255940 -0.443213 6.597428
0.268445 -0.443246 6.597919
0.280951 -0.443279 6.598411
0.293460 -0.443312 6.598903
0.305971 -0.443345 6.599395
0.318483 -0.443378 6.599887
0.330997 -0.443411 6.600379
0.343513 -0.443444 6.600871
0.356031 -0.443477 6.601363
0.368551 -0.443510 6.601855
-1.097583 -0.522298 8.000000
-1.082444 -0.522298 8.000000
-1.067305 -0.522298 8.000000
-1.052166 -0.522298 8.000000
-1.037027 -0.522298 8.000000
-1.021888 -0.522298 8.000000
-1.006749 -0.522298 8.000000
-0.991610 -0.522298 8.000000
-0.976471 -0.522298 8.000000
-0.961331 -0.522298 8.000000
-0.946192 -0.522298 8.000000
-0.931053 -0.522298 8.000000
-0.915914 -0.522298 8.000000
-0.900775 -0.522298 8.000000
-0.885636 -0.522298 8.000000
-0.870497 -0.522298 8.000000
-0.855358 -0.522298 8.000000
-0.840219 -0.522298 8.000000
-0.825080 -0.522298 8.000000
-0.809941 -0.522298 8.000000
-0.794802 -0.522298 8.000000
-0.779663 -0.522298 8.000000
-0.267232 -0.182564 2.796323
-0.259562 -0.180907 2.770935
-0.252030 -0.179279 2.746004
-0.245627 -0.178403 2.732578
-0.239992 -0.178059 2.727313
-0.234380 -0.177716 2.722067
-0.228788 -0.177375 2.716841
-0.223218 -0.177035 2.711635
-0.217670 -0.176697 2.706449
-0.212142 -0.176359 2.701282
-0.206636 -0.176023 2.696136
-0.201151 -0.175689 2.691009
-0.195686 -0.175355 2.685901
-0.190362 -0.175133 2.682499
-0.185204 -0.175056 2.681322
-0.180051 -0.174979 2.680147
-0.174903 -0.174903 2.678972
-0.169759 -0.174826 2.677798
-0.164619 -0.174750 2.676626
-0.159484 -0.174673 2.675454
-0.154354 -0.174597 2.674284
-0.149228 -0.174520 2.673114
-0.144106 -0.174444 2.671946
-0.138989 -0.174368 2.670778
-0.133876 -0.174292 2.669611
-0.128768 -0.174216 2.668446
-0.123664 -0.174140 2.667282
-0.118565 -0.174064 2.666118
-0.113557 -0.174121 2.667004
-0.108574 -0.174223 2.668566
-0.103585 -0.174325 2.670128
-0.098589 -0.174428 2.671693
-0.093588 -0.174530 2.673259
-0.088582 -0.174632 2.674828
-0.083569 -0.174735 2.676398
-0.078550 -0.174837 2.677970
-0.073526 -0.174940 2.679544
-0.068495 -0.175043 2.681120
-0.063459 -0.175146 2.682697
-0.058416 -0.175249 2.684277
-0.053368 -0.175352 2.685858
-0.048314 -0.175456 2.687441
-0.043258 -0.175578 2.689319
-0.038247 -0.175937 2.694808
-0.033215 -0.176296 2.700316
-0.028163 -0.176657 2.705847
-0.023090 -0.177020 2.711400
-0.017995 -0.177384 2.716977
-0.012880 -0.177750 2.722576
-0.007744 -0.178117 2.728198
-0.002587 -0.178485 2.733844
0.002592 -0.178855 2.739513
0.007792 -0.179227 2.745206
0.013094 -0.180694 2.767682
0.018496 -0.182314 2.792484
0.023995 -0.183962 2.817734
0.068590 -0.430247 6.590063
0.081067 -0.430279 6.590553
0.093546 -0.430311 6.591043
0.106027 -0.430343 6.591534
0.118509 -0.430375 6.592025
0.130994 -0.430407 6.592516
0.143480 -0.430439 6.593007
0.155968 -0.430472 6.593498
0.168458 -0.430504 6.593989
0.180950 -0.430536 6.594480
0.193443 -0.430568 6.594971
0.205939 -0.430600 6.595462
0.218436 -0.430632 6.595953
0.230936 -0.430664 6.596445
0.243437 -0.430696 6.596936
0.255940 -0.430728 6.597428
0.268445 -0.430760 6.597919
0.280951 -0.430792 6.598411
0.293460 -0.430824 6.598903
0.305971 -0.430856 6.599395
0.318483 -0.430889 6.599887
0.330997 -0.430921 6.600379
0.343513 -0.430953 6.600871
0.356031 -0.430985 6.601363
0.368551 -0.431017 6.601855
-1.097583 -0.507159 8.000000
-1.082444 -0.507159 8.000000
-1.067305 -0.507159 8.000000
-1.052166 -0.507159 8.000000
-1.037027 -0.507159 8.000000
-1.021888 -0.507159 8.000000
-1.006749 -0.507159 8.000000
-0.991610 -0.507159 8.000000
-0.976471 -0.507159 8.000000
-0.961331 -0.507159 8.000000
-0.946192 -0.507159 8.000000
-0.931053 -0.507159 8.000000
-0.915914 -0.507159 8.000000
-0.900775 -0.507159 8.000000
-0.885636 -0.507159 8.000000
-0.870497 -0.507159 8.000000
-0.855358 -0.507159 8.000000
-0.840219 -0.507159 8.000000
-0.825080 -0.507159 8.000000
-0.809941 -0.507159 8.000000
-0.794802 -0.507159 8.000000
-0.779663 -0.507159 8.000000
-0.266913 -0.177061 2.792988
-0.259255 -0.175456 2.767661
-0.251735 -0.173879 2.742789
-0.245540 -0.173170 2.731612
-0.239908 -0.172837 2.726350
-0.234297 -0.172504 2.721107
-0.228708 -0.172173 2.715885
-0.223140 -0.171843 2.710682
-0.217593 -0.171515 2.705500
-0.212068 -0.171188 2.700337
-0.206564 -0.170862 2.695194
-0.201081 -0.170537 2.690071
-0.195618 -0.170213 2.684967
-0.190315 -0.170015 2.681835
-0.185159 -0.169940 2.680659
-0.180007 -0.169866 2.679484
-0.174860 -0.169791 2.678310
-0.169717 -0.169717 2.677137
-0.164579 -0.169642 2.675965
-0.159445 -0.169568 2.674794
-0.154316 -0.169494 2.673624
-0.149191 -0.169420 2.672455
-0.144070 -0.169346 2.671287
-0.138955 -0.169272 2.670120
-0.133843 -0.169198 2.668954
-0.128736 -0.169124 2.667789
-0.123634 -0.169050 2.666625
-0.118536 -0.168977 2.665462
-0.113530 -0.169033 2.666350
-0.108547 -0.169132 2.667910
-0.103559 -0.169231 2.669472
-0.098565 -0.169330 2.671036
-0.093565 -0.169429 2.672602
-0.088560 -0.169529 2.674170
-0.083548 -0.169628 2.675739
-0.078531 -0.169728 2.677310
-0.073507 -0.169828 2.678883
-0.068478 -0.169927 2.680459
-0.063443 -0.170027 2.682035
-0.058402 -0.170127 2.683614
-0.053355 -0.170228 2.685194
-0.048302 -0.170328 2.686777
-0.043243 -0.170430 2.688391
-0.038234 -0.170778 2.693876
-0.033204 -0.171127 2.699381
-0.028153 -0.171477 2.704908
-0.023082 -0.171829 2.710457
-0.017989 -0.172182 2.716030
-0.012876 -0.172537 2.721626
-0.007741 -0.172893 2.727244
-0.002586 -0.173251 2.732886
0.002591 -0.173610 2.738551
0.007790 -0.173971 2.744240
0.013079 -0.175258 2.764550
0.018474 -0.176827 2.789295
0.023967 -0.178424 2.814487
0.068590 -0.417776 6.590063
0.081067 -0.417807 6.590553
0.093546 -0.417838 6.591043
0.106027 -0.417870 6.591534
0.118509 -0.417901 6.592025
0.130994 -0.417932 6.592516
0.143480 -0.417963 6.593007
0.155968 -0.417994 6.593498
0.168458 -0.418025 6.593989
0.180950 -0.418056 6.594480
0.193443 -0.418087 6.594971
0.205939 -0.418119 6.595462
0.218436 -0.418150 6.595953
0.230936 -0.418181 6.596445
0.243437 -0.418212 6.596936
0.255940 -0.418243 6.597428
0.268445 -0.418274 6.597919
0.280951 -0.418306 6.598411
0.293460 -0.418337 6.598903
0.305971 -0.418368 6.599395
0.318483 -0.418399 6.599887
0.330997 -0.418430 6.600379
0.343513 -0.418461 6.600871
0.356031 -0.418493 6.601363
0.368551 -0.418524 6.601855
-1.097583 -0.492020 8.000000
-1.082444 -0.492020 8.000000
-1.067305 -0.492020 8.000000
-1.052166 -0.492020 8.000000
-1.037027 -0.492020 8.000000
-1.021888 -0.492020 8.000000
-1.006749 -0.492020 8.000000
-0.991610 -0.492020 8.000000
-0.976471 -0.492020 8.000000
-0.961331 -0.492020 8.000000
-0.946192 -0.492020 8.000000
-0.931053 -0.492020 8.000000
-0.915914 -0.492020 8.000000
-0.900775 -0.492020 8.000000
-0.885636 -0.492020 8.000000
-0.870497 -0.492020 8.000000
-0.855358 -0.492020 8.000000
-0.840219 -0.492020 8.000000
-0.825080 -0.492020 8.000000
-0.809941 -0.492020 8.000000
-0.794802 -0.492020 8.000000
-0.779663 -0.492020 8.000000
-0.266595 -0.171571 2.789662
-0.258949 -0.170017 2.764395
-0.251441 -0.168491 2.739581
-0.245453 -0.167942 2.730646
-0.239823 -0.167618 2.725387
-0.234214 -0.167296 2.720148
-0.228627 -0.166975 2.714930
-0.223062 -0.166655 2.709731
-0.217517 -0.166337 2.704552
-0.211994 -0.166019 2.699393
-0.206492 -0.165703 2.694253
-0.201011 -0.165388 2.689133
-0.195550 -0.165075 2.684033
-0.190268 -0.164899 2.681172
-0.185113 -0.164826 2.679996
-0.179962 -0.164754 2.678822
-0.174816 -0.164682 2.677649
-0.169675 -0.164610 2.676476
-0.164538 -0.164538 2.675304
-0.159405 -0.164466 2.674134
-0.154277 -0.164394 2.672965
-0.149154 -0.164322 2.671796
-0.144035 -0.164250 2.670629
-0.138920 -0.164179 2.669463
-0.133810 -0.164107 2.668297
-0.128705 -0.164035 2.667133
-0.123603 -0.163964 2.665970
-0.118507 -0.163892 2.664807
-0.113502 -0.163947 2.665696
-0.108521 -0.164043 2.667256
-0.103534 -0.164139 2.668817
-0.098541 -0.164235 2.670380
-0.093542 -0.164331 2.671945
-0.088538 -0.164428 2.673512
-0.083528 -0.164524 2.675081
-0.078511 -0.164621 2.676651
-0.073489 -0.164717 2.678223
-0.068461 -0.164814 2.679797
-0.063427 -0.164911 2.681373
-0.058388 -0.165008 2.682951
-0.053342 -0.165105 2.684531
-0.048290 -0.165203 2.686113
-0.043232 -0.165300 2.687696
-0.038221 -0.165623 2.692946
-0.033192 -0.165961 2.698446
-0.028143 -0.166301 2.703969
-0.023074 -0.166642 2.709515
-0.017983 -0.166984 2.715084
-0.012871 -0.167328 2.720675
-0.007739 -0.167674 2.726290
-0.002585 -0.168020 2.731928
0.002590 -0.168369 2.737589
0.007787 -0.168718 2.743274
0.013064 -0.169835 2.761425
0.018453 -0.171353 2.786114
0.023940 -0.172899 2.811248
0.068590 -0.405305 6.590063
0.081067 -0.405336 6.590553
0.093546 -0.405366 6.591043
0.106027 -0.405396 6.591534
0.118509 -0.405426 6.592025
0.130994 -0.405456 6.592516
0.143480 -0.405486 6.593007
0.155968 -0.405517 6.593498
0.168458 -0.405547 6.593989
0.180950 -0.405577 6.594480
0.193443 -0.405607 6.594971
0.205939 -0.405637 6.595462
0.218436 -0.405668 6.595953
0.230936 -0.405698 6.596445
0.243437 -0.405728 6.596936
0.255940 -0.405758 6.597428
0.268445 -0.405789 6.597919
0.280951 -0.405819 6.598411
0.293460 -0.405849 6.598903
0.305971 -0.405879 6.599395
0.318483 -0.405910 6.599887
0.330997 -0.405940 6.600379
0.343513 -0.405970 6.600871
0.356031 -0.406000 6.601363
0.368551 -0.406031 6.601855
-1.097583 -0.476881 8.000000
-1.082444 -0.476881 8.000000
-1.067305 -0.476881 8.000000
-1.052166 -0.476881 8.000000
-1.037027 -0.476881 8.000000
-1.021888 -0.476881 8.000000
-1.006749 -0.476881 8.000000
-0.991610 -0.476881 8.000000
-0.976471 -0.476881 8.000000
-0.961331 -0.476881 8.000000
-0.946192 -0.476881 8.000000
-0.931053 -0.476881 8.000000
-0.915914 -0.476881 8.000000
-0.900775 -0.476881 8.000000
-0.885636 -0.476881 8.000000
-0.870497 -0.476881 8.000000
-0.855358 -0.476881 8.000000
-0.840219 -0.476881 8.000000
-0.825080 -0.476881 8.000000
-0.809941 -0.476881 8.000000
-0.794802 -0.476881 8.000000
-0.779663 -0.476881 8.000000
-0.266278 -0.166094 2.786344
-0.258644 -0.164592 2.761137
-0.251147 -0.163116 2.736381
-0.245366 -0.162717 2.729681
-0.239738 -0.162403 2.724425
-0.234132 -0.162091 2.719190
-0.228547 -0.161780 2.713975
-0.222983 -0.161471 2.708780
-0.217441 -0.161162 2.703605
-0.211920 -0.160855 2.698449
-0.206420 -0.160549 2.693313
-0.200941 -0.160244 2.688197
-0.195482 -0.159940 2.683100
-0.190221 -0.159785 2.680509
-0.185067 -0.159715 2.679334
-0.179918 -0.159645 2.678160
-0.174773 -0.159576 2.676987
-0.169633 -0.159506 2.675815
-0.164497 -0.159436 2.674644
-0.159366 -0.159366 2.673475
-0.154239 -0.159296 2.672306
-0.149117 -0.159227 2.671138
-0.143999 -0.159157 2.669971
-0.138886 -0.159088 2.668805
-0.133777 -0.159018 2.667640
-0.128673 -0.158949 2.666477
-0.123573 -0.158880 2.665314
-0.118478 -0.158810 2.664152
-0.113474 -0.158863 2.665042
-0.108494 -0.158956 2.666601
-0.103508 -0.159049 2.668162
-0.098517 -0.159143 2.669724
-0.093519 -0.159236 2.671288
-0.088516 -0.159329 2.672854
-0.083507 -0.159423 2.674422
-0.078492 -0.159516 2.675992
-0.073471 -0.159610 2.677563
-0.068444 -0.159704 2.679137
-0.063412 -0.159798 2.680712
-0.058373 -0.159892 2.682289
-0.053329 -0.159986 2.683868
-0.048278 -0.160080 2.685449
-0.043222 -0.160174 2.687032
-0.038207 -0.160471 2.692015
-0.033181 -0.160799 2.697512
-0.028133 -0.161128 2.703032
-0.023065 -0.161458 2.708574
-0.017977 -0.161790 2.714139
-0.012867 -0.162123 2.719726
-0.007736 -0.162458 2.725337
-0.002584 -0.162794 2.730971
0.002589 -0.163131 2.736628
0.007784 -0.163469 2.742309
0.013049 -0.164423 2.758306
0.018432 -0.165891 2.782939
0.023912 -0.167386 2.808016
0.068590 -0.392834 6.590063
0.081067 -0.392864 6.590553
0.093546 -0.392893 6.591043
0.106027 -0.392922 6.591534
0.118509 -0.392951 6.592025
0.130994 -0.392981 6.592516
0.143480 -0.393010 6.593007
0.155968 -0.393039 6.593498
0.168458 -0.393068 6.593989
0.180950 -0.393098 6.594480
0.193443 -0.393127 6.594971
0.205939 -0.393156 6.595462
0.218436 -0.393186 6.595953
0.230936 -0.393215 6.596445
0.243437 -0.393244 6.596936
0.255940 -0.393273 6.597428
0.268445 -0.393303 6.597919
0.280951 -0.393332 6.598411
0.293460 -0.393361 6.598903
0.305971 -0.393391 6.599395
0.318483 -0.393420 6.599887
0.330997 -0.393449 6.600379
0.343513 -0.393479 6.600871
0.356031 -0.393508 6.601363
0.368551 -0.393537 6.601855
-1.097583 -0.461742 8.000000
-1.082444 -0.461742 8.000000
-1.067305 -0.461742 8.000000
-1.052166 -0.461742 8.000000
-1.037027 -0.461742 8.000000
-1.021888 -0.461742 8.000000
-1.006749 -0.461742 8.000000
-0.991610 -0.461742 8.000000
-0.976471 -0.461742 8.000000
-0.961331 -0.461742 8.000000
-0.946192 -0.461742 8.000000
-0.931053 -0.461742 8.000000
-0.915914 -0.461742 8.000000
-0.900775 -0.461742 8.000000
-0.885636 -0.461742 8.000000
-0.870497 -0.461742 8.000000
-0.855358 -0.461742 8.000000
-0.840219 -0.461742 8.000000
-0.825080 -0.461742 8.000000
-0.809941 -0.461742 8.000000
-0.794802 -0.461742 8.000000
-0.273726 -0.162109 2.808660
-0.265962 -0.160630 2.783034
-0.258340 -0.159179 2.757886
-0.250927 -0.157799 2.733984
-0.245280 -0.157495 2.728716
-0.239654 -0.157192 2.723464
-0.234049 -0.156890 2.718232
-0.228467 -0.156589 2.713021
-0.222905 -0.156290 2.707830
-0.217365 -0.155991 2.702658
-0.211846 -0.155694 2.697506
-0.206348 -0.155398 2.692374
-0.200871 -0.155103 2.687261
-0.195414 -0.154809 2.682168
-0.190174 -0.154675 2.679846
-0.185021 -0.154607 2.678672
-0.179873 -0.154539 2.677499
-0.174730 -0.154471 2.676326
-0.169591 -0.154404 2.675155
-0.164457 -0.154336 2.673985
-0.159327 -0.154269 2.672815
-0.154201 -0.154201 2.671647
-0.149080 -0.154134 2.670480
-0.143964 -0.154067 2.669313
-0.138852 -0.153999 2.668149
-0.133744 -0.153932 2.666984
-0.128641 -0.153865 2.665821
-0.123543 -0.153798 2.664659
-0.118449 -0.153731 2.663498
-0.113446 -0.153783 2.664389
-0.108467 -0.153872 2.665947
-0.103483 -0.153962 2.667507
-0.098493 -0.154053 2.669068
-0.093496 -0.154143 2.670632
-0.088494 -0.154233 2.672197
-0.083487 -0.154324 2.673764
-0.078473 -0.154414 2.675333
-0.073453 -0.154505 2.676904
-0.068428 -0.154596 2.678477
-0.063396 -0.154686 2.680051
-0.058359 -0.154777 2.681627
-0.053315 -0.154869 2.683205
-0.048266 -0.154960 2.684786
-0.043211 -0.155051 2.686368
-0.038194 -0.155323 2.691086
-0.033169 -0.155640 2.696579
-0.028124 -0.155959 2.702095
-0.023057 -0.156278 2.707633
-0.017970 -0.156599 2.713194
-0.012862 -0.156922 2.718778
-0.007733 -0.157245 2.724385
-0.002583 -0.157570 2.730014
0.002588 -0.157897 2.735668
0.007782 -0.158224 2.741344
0.013035 -0.159024 2.755195
0.018411 -0.160442 2.779772
0.023885 -0.161886 2.804791
0.068590 -0.380363 6.590063
0.081067 -0.380392 6.590553
0.093546 -0.380420 6.591043
0.106027 -0.380448 6.591534
0.118509 -0.380477 6.592025
0.130994 -0.380505 6.592516
0.143480 -0.380533 6.593007
0.155968 -0.380562 6.593498
0.168458 -0.380590 6.593989
0.180950 -0.380618 6.594480
0.193443 -0.380647 6.594971
0.205939 -0.380675 6.595462
0.218436 -0.380704 6.595953
0.230936 -0.380732 6.596445
0.243437 -0.380760 6.596936
0.255940 -0.380789 6.597428
0.268445 -0.380817 6.597919
0.280951 -0.380845 6.598411
0.293460 -0.380874 6.598903
0.305971 -0.380902 6.599395
0.318483 -0.380931 6.599887
0.330997 -0.380959 6.600379
0.343513 -0.380987 6.600871
0.356031 -0.381016 6.601363
0.368551 -0.381044 6.601855
-1.097583 -0.446603 8.000000
-1.082444 -0.446603 8.000000
-1.067305 -0.446603 8.000000
-1.052166 -0.446603 8.000000
-1.037027 -0.446603 8.000000
-1.021888 -0.446603 8.000000
-1.006749 -0.446603 8.000000
-0.991610 -0.446603 8.000000
-0.976471 -0.446603 8.000000
-0.961331 -0.446603 8.000000
-0.946192 -0.446603 8.000000
-0.931053 -0.446603 8.000000
-0.915914 -0.446603 8.000000
-0.900775 -0.446603 8.000000
-0.885636 -0.446603 8.000000
-0.870497 -0.446603 8.000000
-0.855358 -0.446603 8.000000
-0.840219 -0.446603 8.000000
-0.825080 -0.446603 8.000000
-0.809941 -0.446603 8.000000
-0.794802 -0.446603 8.000000
-0.273397 -0.156606 2.805286
-0.265646 -0.155179 2.779731
-0.258036 -0.153779 2.754643
-0.250838 -0.152572 2.733016
-0.245193 -0.152278 2.727751
-0.239569 -0.151985 2.722503
-0.233967 -0.151693 2.717276
-0.228386 -0.151402 2.712068
-0.222827 -0.151113 2.706880
-0.217289 -0.150824 2.701712
-0.211772 -0.150537 2.696564
-0.206276 -0.150250 2.691435
-0.200801 -0.149965 2.686326
-0.195346 -0.149681 2.681236
-0.190127 -0.149566 2.679184
-0.184976 -0.149501 2.678010
-0.179829 -0.149435 2.676837
-0.174687 -0.149370 2.675665
-0.169549 -0.149305 2.674495
-0.164416 -0.149239 2.673325
-0.159288 -0.149174 2.672157
-0.154163 -0.149109 2.670989
-0.149044 -0.149044 2.669822
-0.143929 -0.148979 2.668656
-0.138818 -0.148914 2.667492
-0.133712 -0.148849 2.666328
-0.128610 -0.148784 2.665166
-0.123512 -0.148719 2.664004
-0.118419 -0.148654 2.662843
-0.113418 -0.148704 2.663736
-0.108441 -0.148791 2.665293
-0.103458 -0.148878 2.666852
-0.098468 -0.148965 2.668413
-0.093473 -0.149052 2.669976
-0.088473 -0.149140 2.671540
-0.083466 -0.149227 2.673106
-0.078453 -0.149315 2.674675
-0.073435 -0.149402 2.676245
-0.068411 -0.149490 2.677816
-0.063380 -0.149578 2.679390
-0.058344 -0.149666 2.680966
-0.053302 -0.149754 2.682543
-0.048254 -0.149842 2.684123
-0.043200 -0.149930 2.685704
-0.038181 -0.150179 2.690157
-0.033158 -0.150485 2.695647
-0.028114 -0.150793 2.701158
-0.023049 -0.151102 2.706693
-0.017964 -0.151412 2.712250
-0.012858 -0.151724 2.717830
-0.007731 -0.152037 2.723433
-0.002582 -0.152351 2.729059
0.002588 -0.152666 2.734708
0.007779 -0.152983 2.740381
0.013020 -0.153636 2.752090
0.018390 -0.155005 2.776612
0.023857 -0.156399 2.801574
0.068590 -0.367893 6.590063
0.081067 -0.367920 6.590553
0.093546 -0.367947 6.591043
0.106027 -0.367975 6.591534
0.118509 -0.368002 6.592025
0.130994 -0.368030 6.592516
0.143480 -0.368057 6.593007
0.155968 -0.368084 6.593498
0.168458 -0.368112 6.593989
0.180950 -0.368139 6.594480
0.193443 -0.368167 6.594971
0.205939 -0.368194 6.595462
0.218436 -0.368221 6.595953
0.230936 -0.368249 6.596445
0.243437 -0.368276 6.596936
0.255940 -0.368304 6.597428
0.268445 -0.368331 6.597919
0.280951 -0.368359 6.598411
0.293460 -0.368386 6.598903
0.305971 -0.368414 6.599395
0.318483 -0.368441 6.599887
0.330997 -0.368468 6.600379
0.343513 -0.368496 6.600871
0.356031 -0.368523 6.601363
0.368551 -0.368551 6.601855
-1.097583 -0.431464 8.000000
-1.082444 -0.431464 8.000000
-1.067305 -0.431464 8.000000
-1.052166 -0.431464 8.000000
-1.037027 -0.431464 8.000000
-1.021888 -0.431464 8.000000
-1.006749 -0.431464 8.000000
-0.991610 -0.431464 8.000000
-0.976471 -0.431464 8.000000
-0.961331 -0.431464 8.000000
-0.946192 -0.431464 8.000000
-0.931053 -0.431464 8.000000
-0.915914 -0.431464 8.000000
-0.900775 -0.431464 8.000000
-0.885636 -0.431464 8.000000
-0.870497 -0.431464 8.000000
-0.855358 -0.431464 8.000000
-0.840219 -0.431464 8.000000
-0.825080 -0.431464 8.000000
-0.809941 -0.431464 8.000000
-0.794802 -0.431464 8.000000
-0.273070 -0.151116 2.801926
-0.265331 -0.149741 2.776437
-0.257733 -0.148392 2.751407
-0.250749 -0.147348 2.732050
-0.245106 -0.147064 2.726788
-0.239485 -0.146781 2.721544
-0.233885 -0.146499 2.716319
-0.228306 -0.146218 2.711115
-0.222749 -0.145939 2.705931
-0.217213 -0.145660 2.700767
-0.211698 -0.145383 2.695622
-0.206204 -0.145106 2.690497
-0.200731 -0.144831 2.685391
-0.195278 -0.144557 2.680305
-0.190080 -0.144461 2.678522
-0.184930 -0.144397 2.677349
-0.179785 -0.144334 2.676177
-0.174644 -0.144271 2.675005
-0.169507 -0.144208 2.673835
-0.164376 -0.144145 2.672666
-0.159248 -0.144082 2.671498
-0.154125 -0.144019 2.670331
-0.149007 -0.143956 2.669165
-0.143893 -0.143893 2.668000
-0.138784 -0.143830 2.666836
-0.133679 -0.143768 2.665673
-0.128578 -0.143705 2.664510
-0.123482 -0.143642 2.663349
-0.118390 -0.143580 2.662189
-0.113391 -0.143628 2.663083
-0.108414 -0.143712 2.664640
-0.103432 -0.143796 2.666198
-0.098444 -0.143880 2.667758
-0.093451 -0.143964 2.669320
-0.088451 -0.144049 2.670884
-0.083445 -0.144133 2.672449
-0.078434 -0.144218 2.674017
-0.073417 -0.144302 2.675586
-0.068394 -0.144387 2.677157
-0.063365 -0.144472 2.678730
-0.058330 -0.144557 2.680305
-0.053289 -0.144642 2.681881
-0.048242 -0.144727 2.683460
-0.043190 -0.144812 2.685040
-0.038168 -0.145038 2.689229
-0.033146 -0.145334 2.694715
-0.028104 -0.145631 2.700223
-0.023041 -0.145929 2.705753
-0.017958 -0.146229 2.711306
-0.012853 -0.146530 2.716882
-0.007728 -0.146831 2.722481
-0.002581 -0.147135 2.728103
0.002587 -0.147439 2.733749
0.007776 -0.147745 2.739418
0.013005 -0.148261 2.748994
0.018370 -0.149581 2.773459
0.023830 -0.150924 2.798365
0.068590 -0.355422 6.590063
0.081067 -0.355448 6.590553
0.093546 -0.355475 6.591043
0.106027 -0.355501 6.591534
0.118509 -0.355527 6.592025
0.130994 -0.355554 6.592516
0.143480 -0.355580 6.593007
0.155968 -0.355607 6.593498
0.168458 -0.355633 6.593989
0.180950 -0.355660 6.594480
0.193443 -0.355686 6.594971
0.205939 -0.355713 6.595462
0.218436 -0.355739 6.595953
0.230936 -0.355766 6.596445
0.243437 -0.355792 6.596936
0.255940 -0.355819 6.597428
0.268445 -0.355845 6.597919
0.280951 -0.355872 6.598411
0.293460 -0.355898 6.598903
0.305971 -0.355925 6.599395
0.318483 -0.355951 6.599887
0.330997 -0.355978 6.600379
0.343513 -0.356005 6.600871
0.356031 -0.356031 6.601363
0.368551 -0.356058 6.601855
-1.097583 -0.416325 8.000000
-1.082444 -0.416325 8.000000
-1.067305 -0.416325 8.000000
-1.052166 -0.416325 8.000000
-1.037027 -0.416325 8.000000
-1.021888 -0.416325 8.000000
-1.006749 -0.416325 8.000000
-0.991610 -0.416325 8.000000
-0.976471 -0.416325 8.000000
-0.961331 -0.416325 8.000000
-0.946192 -0.416325 8.000000
-0.931053 -0.416325 8.000000
-0.915914 -0.416325 8.000000
-0.900775 -0.416325 8.000000
-0.885636 -0.416325 8.000000
-0.870497 -0.416325 8.000000
-0.855358 -0.416325 8.000000
-0.840219 -0.416325 8.000000
-0.825080 -0.416325 8.000000
-0.809941 -0.416325 8.000000
-0.794802 -0.416325 8.000000
-0.272743 -0.145640 2.798578
-0.265017 -0.144316 2.773150
-0.257430 -0.143017 2.748179
-0.250661 -0.142127 2.731084
-0.245020 -0.141854 2.725825
-0.239400 -0.141581 2.720584
-0.233802 -0.141309 2.715364
-0.228226 -0.141038 2.710163
-0.222671 -0.140769 2.704983
-0.217137 -0.140500 2.699822
-0.211624 -0.140233 2.694681
-0.206132 -0.139966 2.689559
-0.200661 -0.139701 2.684457
-0.195211 -0.139436 2.679374
-0.190033 -0.139357 2.677860
-0.184884 -0.139296 2.676688
-0.179740 -0.139235 2.675516
-0.174601 -0.139174 2.674345
-0.169466 -0.139114 2.673176
-0.164335 -0.139053 2.672007
-0.159209 -0.138992 2.670840
-0.154087 -0.138931 2.669673
-0.148970 -0.138871 2.668508
-0.143858 -0.138810 2.667343
-0.138750 -0.138750 2.666180
-0.133646 -0.138689 2.665017
-0.128547 -0.138629 2.663856
-0.123452 -0.138568 2.662695
-0.118361 -0.138508 2.661536
-0.113363 -0.138554 2.662431
-0.108388 -0.138635 2.663986
-0.103407 -0.138716 2.665544
-0.098420 -0.138798 2.667103
-0.093428 -0.138879 2.668664
-0.088429 -0.138960 2.670227
-0.083425 -0.139042 2.671792
-0.078415 -0.139123 2.673359
-0.073399 -0.139205 2.674927
-0.068377 -0.139286 2.676497
-0.063349 -0.139368 2.678070
-0.058316 -0.139450 2.679644
-0.053276 -0.139532 2.681220
-0.048230 -0.139614 2.682797
-0.043179 -0.139697 2.684377
-0.038155 -0.139901 2.688301
-0.033135 -0.140186 2.693784
-0.028095 -0.140473 2.699288
-0.023033 -0.140760 2.704814
-0.017952 -0.141049 2.710364
-0.012849 -0.141339 2.715936
-0.007725 -0.141630 2.721531
-0.002580 -0.141922 2.727149
0.002586 -0.142216 2.732790
0.007773 -0.142511 2.738455
0.012991 -0.142899 2.745907
0.018349 -0.144169 2.770314
0.023803 -0.145462 2.795163
0.029356 -0.146778 2.820461
0.081067 -0.342976 6.590553
0.093546 -0.343002 6.591043
0.106027 -0.343027 6.591534
0.118509 -0.343053 6.592025
0.130994 -0.343078 6.592516
0.143480 -0.343104 6.593007
0.155968 -0.343129 6.593498
0.168458 -0.343155 6.593989
0.180950 -0.343181 6.594480
0.193443 -0.343206 6.594971
0.205939 -0.343232 6.595462
0.218436 -0.343257 6.595953
0.230936 -0.343283 6.596445
0.243437 -0.343308 6.596936
0.255940 -0.343334 6.597428
0.268445 -0.343360 6.597919
0.280951 -0.343385 6.598411
0.293460 -0.343411 6.598903
0.305971 -0.343436 6.599395
0.318483 -0.343462 6.599887
0.330997 -0.343488 6.600379
0.343513 -0.343513 6.600871
0.356031 -0.343539 6.601363
0.368551 -0.343564 6.601855
-1.097583 -0.401186 8.000000
-1.082444 -0.401186 8.000000
-1.067305 -0.401186 8.000000
-1.052166 -0.401186 8.000000
-1.037027 -0.401186 8.000000
-1.021888 -0.401186 8.000000
-1.006749 -0.401186 8.000000
-0.991610 -0.401186 8.000000
-0.976471 -0.401186 8.000000
-0.961331 -0.401186 8.000000
-0.946192 -0.401186 8.000000
-0.931053 -0.401186 8.000000
-0.915914 -0.401186 8.000000
-0.900775 -0.401186 8.000000
-0.885636 -0.401186 8.000000
-0.870497 -0.401186 8.000000
-0.855358 -0.401186 8.000000
-0.840219 -0.401186 8.000000
-0.825080 -0.401186 8.000000
-0.809941 -0.401186 8.000000
-0.794802 -0.401186 8.000000
-0.272418 -0.140176 2.795238
-0.264704 -0.138904 2.769871
-0.257129 -0.137655 2.744959
-0.250572 -0.136911 2.730119
-0.244933 -0.136647 2.724863
-0.239316 -0.136384 2.719626
-0.233720 -0.136123 2.714409
-0.228146 -0.135862 2.709212
-0.222593 -0.135602 2.704035
-0.217061 -0.135344 2.698878
-0.211550 -0.135086 2.693741
-0.206060 -0.134830 2.688622
-0.200591 -0.134574 2.683524
-0.195143 -0.134319 2.678445
-0.189986 -0.134257 2.677199
-0.184839 -0.134198 2.676027
-0.179696 -0.134139 2.674856
-0.174558 -0.134081 2.673686
-0.169424 -0.134022 2.672517
-0.164295 -0.133963 2.671349
-0.159170 -0.133905 2.670182
-0.154050 -0.133846 2.669016
-0.148934 -0.133788 2.667851
-0.143822 -0.133730 2.666687
-0.138715 -0.133671 2.665524
-0.133613 -0.133613 2.664362
-0.128515 -0.133555 2.663201
-0.123421 -0.133497 2.662041
-0.118332 -0.133438 2.660882
-0.113335 -0.133483 2.661778
-0.108361 -0.133561 2.663334
-0.103381 -0.133639 2.664890
-0.098396 -0.133718 2.666449
-0.093405 -0.133796 2.668009
-0.088407 -0.133874 2.669571
-0.083404 -0.133953 2.671135
-0.078396 -0.134031 2.672701
-0.073381 -0.134110 2.674269
-0.068360 -0.134188 2.675838
-0.063334 -0.134267 2.677410
-0.058301 -0.134346 2.678983
-0.053263 -0.134425 2.680558
-0.048218 -0.134504 2.682135
-0.043168 -0.134583 2.683714
-0.038142 -0.134767 2.687374
-0.033123 -0.135042 2.692853
-0.028085 -0.135318 2.698353
-0.023025 -0.135595 2.703876
-0.017945 -0.135873 2.709422
-0.012845 -0.136152 2.714990
-0.007723 -0.136432 2.720581
-0.002580 -0.136714 2.726195
0.002585 -0.136996 2.731833
0.007771 -0.137280 2.737494
0.012978 -0.137565 2.743178
0.018328 -0.138769 2.767175
0.023776 -0.140012 2.791968
0.029322 -0.141278 2.817208
0.081067 -0.330504 6.590553
0.093546 -0.330529 6.591043
0.106027 -0.330554 6.591534
0.118509 -0.330578 6.592025
0.130994 -0.330603 6.592516
0.143480 -0.330627 6.593007
0.155968 -0.330652 6.593498
0.168458 -0.330677 6.593989
0.180950 -0.330701 6.594480
0.193443 -0.330726 6.594971
0.205939 -0.330751 6.595462
0.218436 -0.330775 6.595953
0.230936 -0.330800 6.596445
0.243437 -0.330824 6.596936
0.255940 -0.330849 6.597428
0.268445 -0.330874 6.597919
0.280951 -0.330898 6.598411
0.293460 -0.330923 6.598903
0.305971 -0.330948 6.599395
0.318483 -0.330972 6.599887
0.330997 -0.330997 6.600379
0.343513 -0.331022 6.600871
0.356031 -0.331046 6.601363
0.368551 -0.331071 6.601855
-1.097583 -0.386046 8.000000
-1.082444 -0.386046 8.000000
-1.067305 -0.386046 8.000000
-1.052166 -0.386046 8.000000
-1.037027 -0.386046 8.000000
-1.021888 -0.386046 8.000000
-1.006749 -0.386046 8.000000
-0.991610 -0.386046 8.000000
-0.976471 -0.386046 8.000000
-0.961331 -0.386046 8.000000
-0.946192 -0.386046 8.000000
-0.931053 -0.386046 8.000000
-0.915914 -0.386046 8.000000
-0.900775 -0.386046 8.000000
-0.885636 -0.386046 8.000000
-0.870497 -0.386046 8.000000
-0.855358 -0.386046 8.000000
-0.840219 -0.386046 8.000000
-0.825080 -0.386046 8.000000
-0.809941 -0.386046 8.000000
-0.794802 -0.386046 8.000000
-0.272093 -0.134726 2.791907
-0.264391 -0.133504 2.766599
-0.256828 -0.132305 2.741746
-0.250484 -0.131698 2.729154
-0.244847 -0.131444 2.723901
-0.239232 -0.131192 2.718668
-0.233638 -0.130940 2.713455
-0.228066 -0.130689 2.708261
-0.222515 -0.130440 2.703088
-0.216985 -0.130191 2.697935
-0.211476 -0.129943 2.692801
-0.205989 -0.129696 2.687686
-0.200522 -0.129451 2.682591
-0.195089 -0.129215 2.677710
-0.189939 -0.129158 2.676538
-0.184793 -0.129102 2.675366
-0.179652 -0.129045 2.674196
-0.174515 -0.128989 2.673026
-0.169382 -0.128933 2.671858
-0.164254 -0.128876 2.670691
-0.159131 -0.128820 2.669524
-0.154012 -0.128764 2.668359
-0.148897 -0.128708 2.667194
-0.143787 -0.128651 2.666031
-0.138681 -0.128595 2.664869
-0.133580 -0.128539 2.663707
-0.128483 -0.128483 2.662547
-0.123391 -0.128427 2.661388
-0.118303 -0.128372 2.660229
-0.113307 -0.128415 2.661127
-0.108335 -0.128490 2.662681
-0.103356 -0.128565 2.664237
-0.098372 -0.128640 2.665795
-0.093382 -0.128715 2.667354
-0.088386 -0.128791 2.668916
-0.083384 -0.128866 2.670479
-0.078376 -0.128942 2.672044
-0.073363 -0.129017 2.673611
-0.068343 -0.129093 2.675180
-0.063318 -0.129169 2.676750
-0.058287 -0.129245 2.678323
-0.053250 -0.129321 2.679897
-0.048207 -0.129397 2.681473
-0.043158 -0.129473 2.683051
-0.038128 -0.129637 2.686448
-0.033112 -0.129901 2.691923
-0.028075 -0.130166 2.697420
-0.023017 -0.130433 2.702939
-0.017939 -0.130700 2.708480
-0.012840 -0.130968 2.714045
-0.007720 -0.131238 2.719632
-0.002579 -0.131509 2.725242
0.002584 -0.131781 2.730875
0.007768 -0.132054 2.736532
0.012973 -0.132328 2.742213
0.018307 -0.133381 2.764044
0.023749 -0.134575 2.788780
0.029288 -0.135790 2.813963
0.081067 -0.318032 6.590553
0.093546 -0.318056 6.591043
0.106027 -0.318080 6.591534
0.118509 -0.318104 6.592025
0.130994 -0.318127 6.592516
0.143480 -0.318151 6.593007
0.155968 -0.318175 6.593498
0.168458 -0.318198 6.593989
0.180950 -0.318222 6.594480
0.193443 -0.318246 6.594971
0.205939 -0.318269 6.595462
0.218436 -0.318293 6.595953
0.230936 -0.318317 6.596445
0.243437 -0.318341 6.596936
0.255940 -0.318364 6.597428
0.268445 -0.318388 6.597919
0.280951 -0.318412 6.598411
0.293460 -0.318435 6.598903
0.305971 -0.318459 6.599395
0.318483 -0.318483 6.599887
0.330997 -0.318507 6.600379
0.343513 -0.318530 6.600871
0.356031 -0.318554 6.601363
0.368551 -0.318578 6.601855
-1.097583 -0.370907 8.000000
-1.082444 -0.370907 8.000000
-1.067305 -0.370907 8.000000
-1.052166 -0.370907 8.000000
-1.037027 -0.370907 8.000000
-1.021888 -0.370907 8.000000
-1.006749 -0.370907 8.000000
-0.991610 -0.370907 8.000000
-0.976471 -0.370907 8.000000
-0.961331 -0.370907 8.000000
-0.946192 -0.370907 8.000000
-0.931053 -0.370907 8.000000
-0.915914 -0.370907 8.000000
-0.900775 -0.370907 8.000000
-0.885636 -0.370907 8.000000
-0.870497 -0.370907 8.000000
-0.855358 -0.370907 8.000000
-0.840219 -0.370907 8.000000
-0.825080 -0.370907 8.000000
-0.809941 -0.370907 8.000000
-0.794802 -0.370907 8.000000
-0.271769 -0.129288 2.788584
-0.264079 -0.128118 2.763335
-0.256527 -0.126968 2.738541
-0.250395 -0.126488 2.728190
-0.244760 -0.126245 2.722940
-0.239147 -0.126002 2.717710
-0.233556 -0.125761 2.712501
-0.227986 -0.125520 2.707312
-0.222437 -0.125281 2.702142
-0.216909 -0.125042 2.696992
-0.211403 -0.124804 2.691862
-0.205917 -0.124567 2.686751
-0.200452 -0.124331 2.681659
-0.195041 -0.124117 2.677049
-0.189892 -0.124063 2.675877
-0.184747 -0.124009 2.674706
-0.179607 -0.123954 2.673536
-0.174472 -0.123900 2.672367
-0.169340 -0.123846 2.671199
-0.164214 -0.123792 2.670033
-0.159091 -0.123738 2.668867
-0.153974 -0.123684 2.667702
-0.148860 -0.123630 2.666538
-0.143752 -0.123576 2.665375
-0.138647 -0.123522 2.664214
-0.133547 -0.123468 2.663053
-0.128452 -0.123414 2.661893
-0.123361 -0.123361 2.660734
-0.118274 -0.123307 2.659577
-0.113279 -0.123349 2.660475
-0.108308 -0.123421 2.662029
-0.103331 -0.123493 2.663584
-0.098348 -0.123565 2.665141
-0.093359 -0.123637 2.666700
-0.088364 -0.123710 2.668261
-0.083363 -0.123782 2.669823
-0.078357 -0.123855 2.671387
-0.073345 -0.123927 2.672953
-0.068327 -0.124000 2.674521
-0.063302 -0.124073 2.676091
-0.058272 -0.124146 2.677663
-0.053237 -0.124219 2.679236
-0.048195 -0.124292 2.680812
-0.043147 -0.124365 2.682389
-0.038115 -0.124510 2.685522
-0.033101 -0.124764 2.690994
-0.028065 -0.125018 2.696486
-0.023010 -0.125274 2.702002
-0.017933 -0.125531 2.707539
-0.012836 -0.125789 2.713100
-0.007717 -0.126047 2.718683
-0.002578 -0.126307 2.724290
0.002583 -0.126568 2.729919
0.007765 -0.126831 2.735572
0.012969 -0.127094 2.741249
0.018287 -0.128006 2.760920
0.023721 -0.129150 2.785600
0.029254 -0.130315 2.810724
0.081067 -0.305561 6.590553
0.093546 -0.305583 6.591043
0.106027 -0.305606 6.591534
0.118509 -0.305629 6.592025
0.130994 -0.305652 6.592516
0.143480 -0.305674 6.593007
0.155968 -0.305697 6.593498
0.168458 -0.305720 6.593989
0.180950 -0.305743 6.594480
0.193443 -0.305765 6.594971
0.205939 -0.305788 6.595462
0.218436 -0.305811 6.595953
0.230936 -0.305834 6.596445
0.243437 -0.305857 6.596936
0.255940 -0.305879 6.597428
0.268445 -0.305902 6.597919
0.280951 -0.305925 6.598411
0.293460 -0.305948 6.598903
0.305971 -0.305971 6.599395
0.318483 -0.305993 6.599887
0.330997 -0.306016 6.600379
0.343513 -0.306039 6.600871
0.356031 -0.306062 6.601363
0.368551 -0.306085 6.601855
-1.097583 -0.355768 8.000000
-1.082444 -0.355768 8.000000
-1.067305 -0.355768 8.000000
-1.052166 -0.355768 8.000000
-1.037027 -0.355768 8.000000
-1.021888 -0.355768 8.000000
-1.006749 -0.355768 8.000000
-0.991610 -0.355768 8.000000
-0.976471 -0.355768 8.000000
-0.961331 -0.355768 8.000000
-0.946192 -0.355768 8.000000
-0.931053 -0.355768 8.000000
-0.915914 -0.355768 8.000000
-0.900775 -0.355768 8.000000
-0.885636 -0.355768 8.000000
-0.870497 -0.355768 8.000000
-0.855358 -0.355768 8.000000
-0.840219 -0.355768 8.000000
-0.825080 -0.355768 8.000000
-0.809941 -0.355768 8.000000
-0.794802 -0.355768 8.000000
-0.271446 -0.123864 2.785268
-0.263768 -0.122744 2.760080
-0.256228 -0.121644 2.735343
-0.250307 -0.121283 2.727226
-0.244674 -0.121049 2.721980
-0.239063 -0.120817 2.716754
-0.233474 -0.120585 2.711548
-0.227906 -0.120355 2.706362
-0.222359 -0.120125 2.701196
-0.216833 -0.119896 2.696050
-0.211329 -0.119668 2.690923
-0.205845 -0.119441 2.685816
-0.200382 -0.119215 2.680728
-0.194993 -0.119022 2.676388
-0.189845 -0.118970 2.675217
-0.184702 -0.118918 2.674046
-0.179563 -0.118866 2.672877
-0.174429 -0.118814 2.671709
-0.169299 -0.118762 2.670541
-0.164173 -0.118710 2.669375
-0.159052 -0.118658 2.668210
-0.153936 -0.118606 2.667046
-0.148824 -0.118555 2.665882
-0.143716 -0.118503 2.664720
-0.138613 -0.118451 2.663559
-0.133514 -0.118400 2.662399
-0.128420 -0.118348 2.661240
-0.123331 -0.118297 2.660082
-0.118245 -0.118245 2.658924
-0.113252 -0.118285 2.659824
-0.108282 -0.118354 2.661377
-0.103305 -0.118423 2.662931
-0.098324 -0.118493 2.664487
-0.093336 -0.118562 2.666046
-0.088342 -0.118631 2.667605
-0.083343 -0.118701 2.669167
-0.078338 -0.118770 2.670731
-0.073327 -0.118840 2.672296
-0.068310 -0.118909 2.673863
-0.063287 -0.118979 2.675432
-0.058258 -0.119049 2.677003
-0.053223 -0.119119 2.678576
-0.048183 -0.119189 2.680151
-0.043136 -0.119259 2.681727
-0.038102 -0.119387 2.684597
-0.033089 -0.119630 2.690065
-0.028056 -0.119874 2.695554
-0.023002 -0.120119 2.701065
-0.017927 -0.120365 2.706599
-0.012831 -0.120612 2.712156
-0.007715 -0.120861 2.717735
-0.002577 -0.121110 2.723338
0.002582 -0.121360 2.728964
0.007762 -0.121611 2.734612
0.012964 -0.121863 2.740285
0.018266 -0.122642 2.757803
0.023694 -0.123737 2.782427
0.029221 -0.124852 2.807494
0.081067 -0.293089 6.590553
0.093546 -0.293111 6.591043
0.106027 -0.293132 6.591534
0.118509 -0.293154 6.592025
0.130994 -0.293176 6.592516
0.143480 -0.293198 6.593007
0.155968 -0.293220 6.593498
0.168458 -0.293242 6.593989
0.180950 -0.293263 6.594480
0.193443 -0.293285 6.594971
0.205939 -0.293307 6.595462
0.218436 -0.293329 6.595953
0.230936 -0.293351 6.596445
0.243437 -0.293373 6.596936
0.255940 -0.293395 6.597428
0.268445 -0.293416 6.597919
0.280951 -0.293438 6.598411
0.293460 -0.293460 6.598903
0.305971 -0.293482 6.599395
0.318483 -0.293504 6.599887
0.330997 -0.293526 6.600379
0.343513 -0.293548 6.600871
0.356031 -0.293569 6.601363
0.368551 -0.293591 6.601855
-1.097583 -0.340629 8.000000
-1.082444 -0.340629 8.000000
-1.067305 -0.340629 8.000000
-1.052166 -0.340629 8.000000
-1.037027 -0.340629 8.000000
-1.021888 -0.340629 8.000000
-1.006749 -0.340629 8.000000
-0.991610 -0.340629 8.000000
-0.976471 -0.340629 8.000000
-0.961331 -0.340629 8.000000
-0.946192 -0.340629 8.000000
-0.931053 -0.340629 8.000000
-0.915914 -0.340629 8.000000
-0.900775 -0.340629 8.000000
-0.885636 -0.340629 8.000000
-0.870497 -0.340629 8.000000
-0.855358 -0.340629 8.000000
-0.840219 -0.340629 8.000000
-0.825080 -0.340629 8.000000
-0.809941 -0.340629 8.000000
-0.278932 -0.119542 2.807561
-0.271124 -0.118452 2.781960
-0.263458 -0.117382 2.756831
-0.255929 -0.116331 2.732153
-0.250218 -0.116081 2.726262
-0.244588 -0.115857 2.721020
-0.238979 -0.115635 2.715798
-0.233392 -0.115414 2.710596
-0.227826 -0.115193 2.705414
-0.222281 -0.114973 2.700252
-0.216758 -0.114754 2.695109
-0.211255 -0.114536 2.689986
-0.205774 -0.114319 2.684882
-0.200313 -0.114102 2.679797
-0.194945 -0.113929 2.675727
-0.189798 -0.113879 2.674556
-0.184656 -0.113829 2.673387
-0.179519 -0.113779 2.672218
-0.174386 -0.113730 2.671050
-0.169257 -0.113680 2.669884
-0.164133 -0.113630 2.668718
-0.159013 -0.113581 2.667553
-0.153898 -0.113531 2.666390
-0.148787 -0.113482 2.665227
-0.143681 -0.113432 2.664065
-0.138579 -0.113383 2.662905
-0.133482 -0.113334 2.661745
-0.128389 -0.113284 2.660586
-0.123300 -0.113235 2.659429
-0.118216 -0.113186 2.658272
-0.113224 -0.113224 2.659173
-0.108255 -0.113290 2.660725
-0.103280 -0.113356 2.662279
-0.098299 -0.113422 2.663834
-0.093313 -0.113489 2.665392
-0.088321 -0.113555 2.666951
-0.083323 -0.113622 2.668512
-0.078319 -0.113688 2.670075
-0.073309 -0.113755 2.671639
-0.068293 -0.113822 2.673206
-0.063271 -0.113888 2.674774
-0.058244 -0.113955 2.676344
-0.053210 -0.114022 2.677916
-0.048171 -0.114089 2.679490
-0.043126 -0.114156 2.681066
-0.038089 -0.114267 2.683673
-0.033078 -0.114500 2.689137
-0.028046 -0.114733 2.694622
-0.022994 -0.114968 2.700130
-0.017921 -0.115203 2.705660
-0.012827 -0.115440 2.711212
-0.007712 -0.115677 2.716788
-0.002576 -0.115916 2.722387
0.002581 -0.116155 2.728009
0.007760 -0.116395 2.733653
0.012960 -0.116637 2.739322
0.018245 -0.117291 2.754693
0.023667 -0.118337 2.779261
0.029187 -0.119402 2.804271
0.081067 -0.280617 6.590553
0.093546 -0.280638 6.591043
0.106027 -0.280659 6.591534
0.118509 -0.280680 6.592025
0.130994 -0.280700 6.592516
0.143480 -0.280721 6.593007
0.155968 -0.280742 6.593498
0.168458 -0.280763 6.593989
0.180950 -0.280784 6.594480
0.193443 -0.280805 6.594971
0.205939 -0.280826 6.595462
0.218436 -0.280847 6.595953
0.230936 -0.280868 6.596445
0.243437 -0.280889 6.596936
0.255940 -0.280910 6.597428
0.268445 -0.280931 6.597919
0.280951 -0.280951 6.598411
0.293460 -0.280972 6.598903
0.305971 -0.280993 6.599395
0.318483 -0.281014 6.599887
0.330997 -0.281035 6.600379
0.343513 -0.281056 6.600871
0.356031 -0.281077 6.601363
0.368551 -0.281098 6.601855
-1.097583 -0.325490 8.000000
-1.082444 -0.325490 8.000000
-1.067305 -0.325490 8.000000
-1.052166 -0.325490 8.000000
-1.037027 -0.325490 8.000000
-1.021888 -0.325490 8.000000
-1.006749 -0.325490 8.000000
-0.991610 -0.325490 8.000000
-0.976471 -0.325490 8.000000
-0.961331 -0.325490 8.000000
-0.946192 -0.325490 8.000000
-0.931053 -0.325490 8.000000
-0.915914 -0.325490 8.000000
-0.900775 -0.325490 8.000000
-0.885636 -0.325490 8.000000
-0.870497 -0.325490 8.000000
-0.855358 -0.325490 8.000000
-0.840219 -0.325490 8.000000
-0.825080 -0.325490 8.000000
-0.809941 -0.325490 8.000000
-0.278597 -0.114092 2.804190
-0.270802 -0.113053 2.778660
-0.263148 -0.112033 2.753591
-0.255779 -0.111096 2.730556
-0.250130 -0.110882 2.725300
-0.244502 -0.110669 2.720062
-0.238895 -0.110457 2.714843
-0.233310 -0.110245 2.709645
-0.227746 -0.110035 2.704466
-0.222204 -0.109825 2.699307
-0.216682 -0.109616 2.694168
-0.211182 -0.109407 2.689049
-0.205702 -0.109200 2.683948
-0.200243 -0.108993 2.678867
-0.194897 -0.108839 2.675067
-0.189752 -0.108791 2.673897
-0.184611 -0.108743 2.672728
-0.179474 -0.108696 2.671559
-0.174343 -0.108648 2.670392
-0.169215 -0.108601 2.669226
-0.164092 -0.108553 2.668061
-0.158974 -0.108506 2.666897
-0.153860 -0.108459 2.665734
-0.148751 -0.108411 2.664572
-0.143646 -0.108364 2.663411
-0.138545 -0.108317 2.662251
-0.133449 -0.108270 2.661092
-0.128357 -0.108223 2.659934
-0.123270 -0.108176 2.658777
-0.118187 -0.108129 2.657620
-0.113196 -0.108165 2.658523
-0.108228 -0.108228 2.660074
-0.103255 -0.108292 2.661627
-0.098275 -0.108355 2.663182
-0.093290 -0.108418 2.664738
-0.088299 -0.108482 2.666296
-0.083302 -0.108545 2.667857
-0.078299 -0.108609 2.669419
-0.073291 -0.108672 2.670982
-0.068276 -0.108736 2.672548
-0.063256 -0.108800 2.674116
-0.058229 -0.108864 2.675685
-0.053197 -0.108928 2.677256
-0.048159 -0.108992 2.678829
-0.043115 -0.109056 2.680404
-0.038076 -0.109151 2.682749
-0.033066 -0.109373 2.688210
-0.028036 -0.109596 2.693691
-0.022986 -0.109820 2.699195
-0.017914 -0.110045 2.704721
-0.012822 -0.110271 2.710270
-0.007709 -0.110497 2.715842
-0.002575 -0.110725 2.721436
0.002580 -0.110954 2.727054
0.007757 -0.111183 2.732695
0.012955 -0.111414 2.738359
0.018225 -0.111952 2.751589
0.023641 -0.112949 2.776102
0.029154 -0.113964 2.801055
0.081067 -0.268145 6.590553
0.093546 -0.268165 6.591043
0.106027 -0.268185 6.591534
0.118509 -0.268205 6.592025
0.130994 -0.268225 6.592516
0.143480 -0.268245 6.593007
0.155968 -0.268265 6.593498
0.168458 -0.268285 6.593989
0.180950 -0.268305 6.594480
0.193443 -0.268325 6.594971
0.205939 -0.268345 6.595462
0.218436 -0.268365 6.595953
0.230936 -0.268385 6.596445
0.243437 -0.268405 6.596936
0.255940 -0.268425 6.597428
0.268445 -0.268445 6.597919
0.280951 -0.268465 6.598411
0.293460 -0.268485 6.598903
0.305971 -0.268505 6.599395
0.318483 -0.268525 6.599887
0.330997 -0.268545 6.600379
0.343513 -0.268565 6.600871
0.356031 -0.268585 6.601363
0.368551 -0.268605 6.601855
-1.097583 -0.310351 8.000000
-1.082444 -0.310351 8.000000
-1.067305 -0.310351 8.000000
-1.052166 -0.310351 8.000000
-1.037027 -0.310351 8.000000
-1.021888 -0.310351 8.000000
-1.006749 -0.310351 8.000000
-0.991610 -0.310351 8.000000
-0.976471 -0.310351 8.000000
-0.961331 -0.310351 8.000000
-0.946192 -0.310351 8.000000
-0.931053 -0.310351 8.000000
-0.915914 -0.310351 8.000000
-0.900775 -0.310351 8.000000
-0.885636 -0.310351 8.000000
-0.870497 -0.310351 8.000000
-0.855358 -0.310351 8.000000
-0.840219 -0.310351 8.000000
-0.825080 -0.310351 8.000000
-0.809941 -0.310351 8.000000
-0.278264 -0.108655 2.800837
-0.270481 -0.107667 2.775368
-0.262839 -0.106697 2.750358
-0.255689 -0.105891 2.729591
-0.250042 -0.105688 2.724338
-0.244416 -0.105485 2.719103
-0.238811 -0.105282 2.713888
-0.233228 -0.105081 2.708694
-0.227666 -0.104880 2.703519
-0.222126 -0.104680 2.698364
-0.216607 -0.104481 2.693228
-0.211108 -0.104282 2.688112
-0.205631 -0.104085 2.683015
-0.200174 -0.103888 2.677938
-0.194849 -0.103751 2.674407
-0.189705 -0.103705 2.673238
-0.184565 -0.103660 2.672069
-0.179430 -0.103615 2.670901
-0.174300 -0.103569 2.669735
-0.169174 -0.103524 2.668569
-0.164052 -0.103479 2.667404
-0.158935 -0.103434 2.666241
-0.153822 -0.103389 2.665078
-0.148714 -0.103344 2.663917
-0.143610 -0.103299 2.662756
-0.138511 -0.103254 2.661597
-0.133416 -0.103209 2.660439
-0.128326 -0.103164 2.659281
-0.123240 -0.103119 2.658124
-0.118158 -0.103074 2.656969
-0.113169 -0.103109 2.657873
-0.108202 -0.103169 2.659423
-0.103230 -0.103230 2.660975
-0.098251 -0.103290 2.662529
-0.093267 -0.103350 2.664085
-0.088277 -0.103411 2.665642
-0.083282 -0.103471 2.667202
-0.078280 -0.103532 2.668763
-0.073273 -0.103592 2.670326
-0.068259 -0.103653 2.671891
-0.063240 -0.103714 2.673458
-0.058215 -0.103775 2.675027
-0.053184 -0.103836 2.676597
-0.048147 -0.103897 2.678169
-0.043104 -0.103958 2.679743
-0.038063 -0.104038 2.681826
-0.033055 -0.104250 2.687283
-0.028027 -0.104463 2.692760
-0.022978 -0.104676 2.698260
-0.017908 -0.104890 2.703783
-0.012818 -0.105105 2.709328
-0.007706 -0.105321 2.714896
-0.002574 -0.105538 2.720486
0.002579 -0.105756 2.726100
0.007754 -0.105975 2.731737
0.012951 -0.106194 2.737398
0.018204 -0.106625 2.748493
0.023614 -0.107574 2.772950
0.029120 -0.108539 2.797847
0.081067 -0.255673 6.590553
0.093546 -0.255692 6.591043
0.106027 -0.255711 6.591534
0.118509 -0.255730 6.592025
0.130994 -0.255749 6.592516
0.143480 -0.255768 6.593007
0.155968 -0.255787 6.593498
0.168458 -0.255806 6.593989
0.180950 -0.255825 6.594480
0.193443 -0.255845 6.594971
0.205939 -0.255864 6.595462
0.218436 -0.255883 6.595953
0.230936 -0.255902 6.596445
0.243437 -0.255921 6.596936
0.255940 -0.255940 6.597428
0.268445 -0.255959 6.597919
0.280951 -0.255978 6.598411
0.293460 -0.255997 6.598903
0.305971 -0.256016 6.599395
0.318483 -0.256035 6.599887
0.330997 -0.256054 6.600379
0.343513 -0.256073 6.600871
0.356031 -0.256093 6.601363
0.368551 -0.256112 6.601855
-1.097583 -0.295212 8.000000
-1.082444 -0.295212 8.000000
-1.067305 -0.295212 8.000000
-1.052166 -0.295212 8.000000
-1.037027 -0.295212 8.000000
-1.021888 -0.295212 8.000000
-1.006749 -0.295212 8.000000
-0.991610 -0.295212 8.000000
-0.976471 -0.295212 8.000000
-0.961331 -0.295212 8.000000
-0.946192 -0.295212 8.000000
-0.931053 -0.295212 8.000000
-0.915914 -0.295212 8.000000
-0.900775 -0.295212 8.000000
-0.885636 -0.295212 8.000000
-0.870497 -0.295212 8.000000
-0.855358 -0.295212 8.000000
-0.840219 -0.295212 8.000000
-0.825080 -0.295212 8.000000
-0.809941 -0.295212 8.000000
-0.277931 -0.103232 2.797492
-0.270161 -0.102294 2.772084
-0.262531 -0.101373 2.747132
-0.255599 -0.100690 2.728627
-0.249953 -0.100497 2.723377
-0.244329 -0.100304 2.718146
-0.238727 -0.100111 2.712935
-0.233146 -0.099920 2.707744
-0.227587 -0.099729 2.702572
-0.222048 -0.099539 2.697421
-0.216531 -0.099350 2.692289
-0.211035 -0.099161 2.687176
-0.205559 -0.098973 2.682083
-0.200104 -0.098786 2.677009
-0.194801 -0.098665 2.673747
-0.189658 -0.098622 2.672578
-0.184520 -0.098579 2.671410
-0.179386 -0.098536 2.670243
-0.174257 -0.098493 2.669077
-0.169132 -0.098450 2.667912
-0.164012 -0.098407 2.666748
-0.158896 -0.098364 2.665585
-0.153784 -0.098321 2.664423
-0.148678 -0.098278 2.663262
-0.143575 -0.098236 2.662102
-0.138477 -0.098193 2.660944
-0.133383 -0.098150 2.659786
-0.128294 -0.098107 2.658629
-0.123210 -0.098065 2.657473
-0.118129 -0.098022 2.656318
-0.113141 -0.098056 2.657223
-0.108176 -0.098113 2.658772
-0.103204 -0.098170 2.660324
-0.098227 -0.098227 2.661877
-0.093244 -0.098285 2.663432
-0.088256 -0.098342 2.664989
-0.083261 -0.098400 2.666548
-0.078261 -0.098457 2.668108
-0.073255 -0.098515 2.669670
-0.068243 -0.098573 2.671234
-0.063225 -0.098630 2.672800
-0.058201 -0.098688 2.674368
-0.053171 -0.098746 2.675938
-0.048135 -0.098804 2.677509
-0.043094 -0.098862 2.679083
-0.038050 -0.098929 2.680903
-0.033044 -0.099131 2.686357
-0.028017 -0.099333 2.691831
-0.022970 -0.099535 2.697327
-0.017902 -0.099739 2.702845
-0.012813 -0.099944 2.708386
-0.007704 -0.100149 2.713950
-0.002573 -0.100355 2.719537
0.002579 -0.100562 2.725147
0.007752 -0.100770 2.730780
0.012946 -0.100979 2.736437
0.018184 -0.101310 2.745404
0.023587 -0.102210 2.769806
0.029087 -0.103127 2.794645
0.034687 -0.104060 2.819935
0.093546 -0.243219 6.591043
0.106027 -0.243238 6.591534
0.118509 -0.243256 6.592025
0.130994 -0.243274 6.592516
0.143480 -0.243292 6.593007
0.155968 -0.243310 6.593498
0.168458 -0.243328 6.593989
0.180950 -0.243346 6.594480
0.193443 -0.243364 6.594971
0.205939 -0.243382 6.595462
0.218436 -0.243401 6.595953
0.230936 -0.243419 6.596445
0.243437 -0.243437 6.596936
0.255940 -0.243455 6.597428
0.268445 -0.243473 6.597919
0.280951 -0.243491 6.598411
0.293460 -0.243509 6.598903
0.305971 -0.243528 6.599395
0.318483 -0.243546 6.599887
0.330997 -0.243564 6.600379
0.343513 -0.243582 6.600871
0.356031 -0.243600 6.601363
0.368551 -0.243618 6.601855
-1.097583 -0.280073 8.000000
-1.082444 -0.280073 8.000000
-1.067305 -0.280073 8.000000
-1.052166 -0.280073 8.000000
-1.037027 -0.280073 8.000000
-1.021888 -0.280073 8.000000
-1.006749 -0.280073 8.000000
-0.991610 -0.280073 8.000000
-0.976471 -0.280073 8.000000
-0.961331 -0.280073 8.000000
-0.946192 -0.280073 8.000000
-0.931053 -0.280073 8.000000
-0.915914 -0.280073 8.000000
-0.900775 -0.280073 8.000000
-0.885636 -0.280073 8.000000
-0.870497 -0.280073 8.000000
-0.855358 -0.280073 8.000000
-0.840219 -0.280073 8.000000
-0.825080 -0.280073 8.000000
-0.809941 -0.280073 8.000000
-0.277600 -0.097821 2.794155
-0.269842 -0.096933 2.768807
-0.262223 -0.096062 2.743914
-0.255509 -0.095493 2.727663
-0.249865 -0.095309 2.722416
-0.244243 -0.095126 2.717189
-0.238643 -0.094944 2.711982
-0.233064 -0.094762 2.706794
-0.227507 -0.094582 2.701627
-0.221971 -0.094401 2.696478
-0.216455 -0.094222 2.691350
-0.210961 -0.094043 2.686241
-0.205488 -0.093865 2.681151
-0.200035 -0.093687 2.676081
-0.194753 -0.093582 2.673088
-0.189611 -0.093542 2.671920
-0.184474 -0.093501 2.670752
-0.179342 -0.093460 2.669586
-0.174214 -0.093419 2.668420
-0.169090 -0.093378 2.667256
-0.163971 -0.093338 2.666092
-0.158857 -0.093297 2.664930
-0.153747 -0.093256 2.663769
-0.148641 -0.093216 2.662608
-0.143540 -0.093175 2.661449
-0.138443 -0.093134 2.660290
-0.133351 -0.093094 2.659133
-0.128263 -0.093053 2.657977
-0.123179 -0.093013 2.656822
-0.118100 -0.092973 2.655667
-0.113113 -0.093004 2.656573
-0.108149 -0.093059 2.658122
-0.103179 -0.093113 2.659672
-0.098203 -0.093167 2.661225
-0.093222 -0.093222 2.662779
-0.088234 -0.093276 2.664335
-0.083241 -0.093331 2.665893
-0.078242 -0.093385 2.667453
-0.073237 -0.093440 2.669015
-0.068226 -0.093495 2.670578
-0.063209 -0.093549 2.672143
-0.058186 -0.093604 2.673710
-0.053158 -0.093659 2.675279
-0.048123 -0.093714 2.676850
-0.043083 -0.093769 2.678422
-0.038037 -0.093824 2.679997
-0.033032 -0.094015 2.685431
-0.028007 -0.094206 2.690901
-0.022962 -0.094398 2.696393
-0.017896 -0.094591 2.701908
-0.012809 -0.094785 2.707446
-0.007701 -0.094980 2.713006
-0.002572 -0.095175 2.718589
0.002578 -0.095372 2.724195
0.007749 -0.095569 2.729824
0.012941 -0.095767 2.735476
0.018163 -0.096006 2.742325
0.023560 -0.096859 2.766669
0.029054 -0.097726 2.791452
0.034647 -0.098610 2.816683
0.093546 -0.230747 6.591043
0.106027 -0.230764 6.591534
0.118509 -0.230781 6.592025
0.130994 -0.230798 6.592516
0.143480 -0.230815 6.593007
0.155968 -0.230833 6.593498
0.168458 -0.230850 6.593989
0.180950 -0.230867 6.594480
0.193443 -0.230884 6.594971
0.205939 -0.230901 6.595462
0.218436 -0.230919 6.595953
0.230936 -0.230936 6.596445
0.243437 -0.230953 6.596936
0.255940 -0.230970 6.597428
0.268445 -0.230987 6.597919
0.280951 -0.231005 6.598411
0.293460 -0.231022 6.598903
0.305971 -0.231039 6.599395
0.318483 -0.231056 6.599887
0.330997 -0.231073 6.600379
0.343513 -0.231091 6.600871
0.356031 -0.231108 6.601363
0.368551 -0.231125 6.601855
-1.097583 -0.264934 8.000000
-1.082444 -0.264934 8.000000
-1.067305 -0.264934 8.000000
-1.052166 -0.264934 8.000000
-1.037027 -0.264934 8.000000
-1.021888 -0.264934 8.000000
-1.006749 -0.264934 8.000000
-0.991610 -0.264934 8.000000
-0.976471 -0.264934 8.000000
-0.961331 -0.264934 8.000000
-0.946192 -0.264934 8.000000
-0.931053 -0.264934 8.000000
-0.915914 -0.264934 8.000000
-0.900775 -0.264934 8.000000
-0.885636 -0.264934 8.000000
-0.870497 -0.264934 8.000000
-0.855358 -0.264934 8.000000
-0.840219 -0.264934 8.000000
-0.825080 -0.264934 8.000000
-0.809941 -0.264934 8.000000
-0.277269 -0.092423 2.790826
-0.269523 -0.091586 2.765538
-0.261917 -0.090763 2.740704
-0.255418 -0.090299 2.726701
-0.249777 -0.090126 2.721457
-0.244157 -0.089953 2.716233
-0.238559 -0.089780 2.711029
-0.232983 -0.089609 2.705845
-0.227427 -0.089438 2.700681
-0.221893 -0.089267 2.695537
-0.216380 -0.089098 2.690412
-0.210888 -0.088929 2.685306
-0.205416 -0.088760 2.680220
-0.199966 -0.088592 2.675153
-0.194705 -0.088502 2.672429
-0.189565 -0.088463 2.671261
-0.184429 -0.088425 2.670094
-0.179298 -0.088386 2.668928
-0.174171 -0.088348 2.667764
-0.169049 -0.088309 2.666600
-0.163931 -0.088271 2.665437
-0.158818 -0.088232 2.664275
-0.153709 -0.088194 2.663114
-0.148605 -0.088155 2.661954
-0.143505 -0.088117 2.660795
-0.138409 -0.088079 2.659638
-0.133318 -0.088040 2.658481
-0.128231 -0.088002 2.657325
-0.123149 -0.087964 2.656171
-0.118071 -0.087925 2.655017
-0.113086 -0.087956 2.655924
-0.108123 -0.088007 2.657472
-0.103154 -0.088058 2.659022
-0.098179 -0.088110 2.660574
-0.093199 -0.088161 2.662127
-0.088212 -0.088212 2.663682
-0.083220 -0.088264 2.665239
-0.078222 -0.088316 2.666799
-0.073219 -0.088367 2.668359
-0.068209 -0.088419 2.669922
-0.063194 -0.088471 2.671486
-0.058172 -0.088523 2.673053
-0.053145 -0.088575 2.674621
-0.048112 -0.088627 2.676191
-0.043073 -0.088679 2.677763
-0.038028 -0.088731 2.679336
-0.033021 -0.088902 2.684506
-0.027998 -0.089083 2.689973
-0.022954 -0.089265 2.695461
-0.017889 -0.089447 2.700972
-0.012804 -0.089631 2.706506
-0.007698 -0.089815 2.712062
-0.002571 -0.089999 2.717641
0.002577 -0.090185 2.723243
0.007746 -0.090371 2.728868
0.012937 -0.090558 2.734517
0.018149 -0.090746 2.740189
0.023534 -0.091519 2.763538
0.029021 -0.092338 2.788265
0.034607 -0.093172 2.813439
0.093546 -0.218274 6.591043
0.106027 -0.218290 6.591534
0.118509 -0.218306 6.592025
0.130994 -0.218323 6.592516
0.143480 -0.218339 6.593007
0.155968 -0.218355 6.593498
0.168458 -0.218371 6.593989
0.180950 -0.218388 6.594480
0.193443 -0.218404 6.594971
0.205939 -0.218420 6.595462
0.218436 -0.218436 6.595953
0.230936 -0.218453 6.596445
0.243437 -0.218469 6.596936
0.255940 -0.218485 6.597428
0.268445 -0.218502 6.597919
0.280951 -0.218518 6.598411
0.293460 -0.218534 6.598903
0.305971 -0.218550 6.599395
0.318483 -0.218567 6.599887
0.330997 -0.218583 6.600379
0.343513 -0.218599 6.600871
0.356031 -0.218616 6.601363
0.368551 -0.218632 6.601855
-1.097583 -0.249795 8.000000
-1.082444 -0.249795 8.000000
-1.067305 -0.249795 8.000000
-1.052166 -0.249795 8.000000
-1.037027 -0.249795 8.000000
-1.021888 -0.249795 8.000000
-1.006749 -0.249795 8.000000
-0.991610 -0.249795 8.000000
-0.976471 -0.249795 8.000000
-0.961331 -0.249795 8.000000
-0.946192 -0.249795 8.000000
-0.931053 -0.249795 8.000000
-0.915914 -0.249795 8.000000
-0.900775 -0.249795 8.000000
-0.885636 -0.249795 8.000000
-0.870497 -0.249795 8.000000
-0.855358 -0.249795 8.000000
-0.840219 -0.249795 8.000000
-0.825080 -0.249795 8.000000
-0.809941 -0.249795 8.000000
-0.276939 -0.087038 2.787506
-0.269205 -0.086250 2.762277
-0.261610 -0.085477 2.737501
-0.255328 -0.085109 2.725738
-0.249689 -0.084946 2.720497
-0.244072 -0.084783 2.715277
-0.238476 -0.084620 2.710077
-0.232901 -0.084459 2.704897
-0.227348 -0.084298 2.699737
-0.221816 -0.084137 2.694596
-0.216305 -0.083977 2.689474
-0.210814 -0.083818 2.684373
-0.205345 -0.083659 2.679290
-0.199896 -0.083501 2.674227
-0.194657 -0.083424 2.671770
-0.189518 -0.083388 2.670603
-0.184383 -0.083351 2.669437
-0.179254 -0.083315 2.668271
-0.174128 -0.083279 2.667107
-0.169007 -0.083242 2.665944
-0.163891 -0.083206 2.664782
-0.158779 -0.083170 2.663620
-0.153671 -0.083134 2.662460
-0.148568 -0.083097 2.661301
-0.143469 -0.083061 2.660143
-0.138375 -0.083025 2.658985
-0.133285 -0.082989 2.657829
-0.128200 -0.082953 2.656674
-0.123119 -0.082917 2.655520
-0.118042 -0.082881 2.654366
-0.113058 -0.082909 2.655275
-0.108096 -0.082958 2.656822
-0.103129 -0.083006 2.658371
-0.098155 -0.083054 2.659922
-0.093176 -0.083103 2.661475
-0.088191 -0.083151 2.663030
-0.083200 -0.083200 2.664586
-0.078203 -0.083249 2.666144
-0.073201 -0.083297 2.667704
-0.068192 -0.083346 2.669266
-0.063178 -0.083395 2.670830
-0.058158 -0.083444 2.672395
-0.053132 -0.083493 2.673963
-0.048100 -0.083542 2.675532
-0.043062 -0.083591 2.677103
-0.038018 -0.083640 2.678676
-0.033009 -0.083793 2.683582
-0.027988 -0.083964 2.689045
-0.022946 -0.084135 2.694529
-0.017883 -0.084307 2.700037
-0.012800 -0.084480 2.705566
-0.007696 -0.084653 2.711119
-0.002571 -0.084827 2.716694
0.002576 -0.085002 2.722292
0.007743 -0.085177 2.727913
0.012932 -0.085354 2.733558
0.018143 -0.085531 2.739226
0.023507 -0.086192 2.760415
0.028987 -0.086962 2.785086
0.034567 -0.087747 2.810202
0.093546 -0.205801 6.591043
0.106027 -0.205816 6.591534
0.118509 -0.205832 6.592025
0.130994 -0.205847 6.592516
0.143480 -0.205862 6.593007
0.155968 -0.205878 6.593498
0.168458 -0.205893 6.593989
0.180950 -0.205908 6.594480
0.193443 -0.205924 6.594971
0.205939 -0.205939 6.595462
0.218436 -0.205954 6.595953
0.230936 -0.205970 6.596445
0.243437 -0.205985 6.596936
0.255940 -0.206000 6.597428
0.268445 -0.206016 6.597919
0.280951 -0.206031 6.598411
0.293460 -0.206046 6.598903
0.305971 -0.206062 6.599395
0.318483 -0.206077 6.599887
0.330997 -0.206093 6.600379
0.343513 -0.206108 6.600871
0.356031 -0.206123 6.601363
0.368551 -0.206139 6.601855
-1.097583 -0.234656 8.000000
-1.082444 -0.234656 8.000000
-1.067305 -0.234656 8.000000
-1.052166 -0.234656 8.000000
-1.037027 -0.234656 8.000000
-1.021888 -0.234656 8.000000
-1.006749 -0.234656 8.000000
-0.991610 -0.234656 8.000000
-0.976471 -0.234656 8.000000
-0.961331 -0.234656 8.000000
-0.946192 -0.234656 8.000000
-0.931053 -0.234656 8.000000
-0.915914 -0.234656 8.000000
-0.900775 -0.234656 8.000000
-0.885636 -0.234656 8.000000
-0.870497 -0.234656 8.000000
-0.855358 -0.234656 8.000000
-0.840219 -0.234656 8.000000
-0.825080 -0.234656 8.000000
-0.809941 -0.234656 8.000000
-0.276610 -0.081666 2.784192
-0.268888 -0.080928 2.759023
-0.261305 -0.080203 2.734306
-0.255238 -0.079923 2.724775
-0.249601 -0.079769 2.719539
-0.243986 -0.079616 2.714323
-0.238392 -0.079464 2.709126
-0.232820 -0.079312 2.703949
-0.227268 -0.079161 2.698793
-0.221738 -0.079010 2.693655
-0.216229 -0.078860 2.688538
-0.210741 -0.078711 2.683439
-0.205274 -0.078562 2.678360
-0.199827 -0.078413 2.673301
-0.194609 -0.078349 2.671112
-0.189471 -0.078315 2.669945
-0.184338 -0.078281 2.668779
-0.179209 -0.078246 2.667615
-0.174085 -0.078212 2.666451
-0.168966 -0.078178 2.665288
-0.163850 -0.078144 2.664127
-0.158740 -0.078110 2.662966
-0.153633 -0.078076 2.661806
-0.148532 -0.078042 2.660648
-0.143434 -0.078008 2.659490
-0.138341 -0.077974 2.658333
-0.133253 -0.077940 2.657178
-0.128169 -0.077906 2.656023
-0.123089 -0.077873 2.654869
-0.118014 -0.077839 2.653717
-0.113030 -0.077865 2.654626
-0.108070 -0.077911 2.656173
-0.103103 -0.077956 2.657721
-0.098131 -0.078002 2.659271
-0.093153 -0.078047 2.660823
-0.088169 -0.078093 2.662377
-0.083180 -0.078138 2.663933
-0.078184 -0.078184 2.665490
-0.073183 -0.078230 2.667049
-0.068176 -0.078276 2.668611
-0.063162 -0.078321 2.670174
-0.058144 -0.078367 2.671738
-0.053119 -0.078413 2.673305
-0.048088 -0.078459 2.674873
-0.043051 -0.078505 2.676443
-0.038009 -0.078551 2.678015
-0.032998 -0.078688 2.682659
-0.027978 -0.078848 2.688118
-0.022938 -0.079009 2.693598
-0.017877 -0.079170 2.699101
-0.012795 -0.079332 2.704628
-0.007693 -0.079495 2.710176
-0.002570 -0.079658 2.715747
0.002575 -0.079822 2.721342
0.007741 -0.079987 2.726959
0.012928 -0.080153 2.732600
0.018136 -0.080319 2.738264
0.023480 -0.080877 2.757299
0.028954 -0.081599 2.781914
0.034527 -0.082334 2.806972
0.093546 -0.193328 6.591043
0.106027 -0.193343 6.591534
0.118509 -0.193357 6.592025
0.130994 -0.193371 6.592516
0.143480 -0.193386 6.593007
0.155968 -0.193400 6.593498
0.168458 -0.193415 6.593989
0.180950 -0.193429 6.594480
0.193443 -0.193443 6.594971
0.205939 -0.193458 6.595462
0.218436 -0.193472 6.595953
0.230936 -0.193487 6.596445
0.243437 -0.193501 6.596936
0.255940 -0.193516 6.597428
0.268445 -0.193530 6.597919
0.280951 -0.193544 6.598411
0.293460 -0.193559 6.598903
0.305971 -0.193573 6.599395
0.318483 -0.193588 6.599887
0.330997 -0.193602 6.600379
0.343513 -0.193616 6.600871
0.356031 -0.193631 6.601363
0.368551 -0.193645 6.601855
-1.097583 -0.219517 8.000000
-1.082444 -0.219517 8.000000
-1.067305 -0.219517 8.000000
-1.052166 -0.219517 8.000000
-1.037027 -0.219517 8.000000
-1.021888 -0.219517 8.000000
-1.006749 -0.219517 8.000000
-0.991610 -0.219517 8.000000
-0.976471 -0.219517 8.000000
-0.961331 -0.219517 8.000000
-0.946192 -0.219517 8.000000
-0.931053 -0.219517 8.000000
-0.915914 -0.219517 8.000000
-0.900775 -0.219517 8.000000
-0.885636 -0.219517 8.000000
-0.870497 -0.219517 8.000000
-0.855358 -0.219517 8.000000
-0.840219 -0.219517 8.000000
-0.825080 -0.219517 8.000000
-0.284133 -0.077008 2.806462
-0.276282 -0.076306 2.780887
-0.268572 -0.075617 2.755778
-0.261000 -0.074941 2.731118
-0.255148 -0.074740 2.723814
-0.249513 -0.074597 2.718581
-0.243900 -0.074454 2.713368
-0.238308 -0.074311 2.708175
-0.232738 -0.074169 2.703003
-0.227189 -0.074028 2.697850
-0.221661 -0.073887 2.692716
-0.216154 -0.073747 2.687602
-0.210668 -0.073607 2.682507
-0.205203 -0.073468 2.677431
-0.199758 -0.073329 2.672375
-0.194561 -0.073276 2.670454
-0.189424 -0.073244 2.669288
-0.184293 -0.073212 2.668123
-0.179165 -0.073180 2.666958
-0.174043 -0.073148 2.665795
-0.168924 -0.073116 2.664633
-0.163810 -0.073085 2.663472
-0.158701 -0.073053 2.662312
-0.153596 -0.073021 2.661153
-0.148495 -0.072989 2.659995
-0.143399 -0.072957 2.658838
-0.138307 -0.072926 2.657681
-0.133220 -0.072894 2.656527
-0.128137 -0.072862 2.655372
-0.123059 -0.072831 2.654219
-0.117985 -0.072799 2.653067
-0.113003 -0.072824 2.653978
-0.108043 -0.072866 2.655524
-0.103078 -0.072909 2.657072
-0.098107 -0.072951 2.658621
-0.093130 -0.072994 2.660172
-0.088148 -0.073037 2.661725
-0.083159 -0.073079 2.663280
-0.078165 -0.073122 2.664837
-0.073165 -0.073165 2.666395
-0.068159 -0.073208 2.667955
-0.063147 -0.073250 2.669518
-0.058129 -0.073293 2.671082
-0.053106 -0.073336 2.672647
-0.048076 -0.073379 2.674215
-0.043041 -0.073422 2.675784
-0.037999 -0.073466 2.677356
-0.032987 -0.073586 2.681736
-0.027969 -0.073735 2.687191
-0.022930 -0.073886 2.692668
-0.017871 -0.074037 2.698167
-0.012791 -0.074188 2.703689
-0.007690 -0.074340 2.709234
-0.002569 -0.074493 2.714802
0.002574 -0.074646 2.720392
0.007738 -0.074800 2.726006
0.012923 -0.074955 2.731642
0.018130 -0.075110 2.737302
0.023454 -0.075574 2.754190
0.028922 -0.076248 2.778749
0.034488 -0.076934 2.803750
0.093546 -0.180855 6.591043
0.106027 -0.180869 6.591534
0.118509 -0.180882 6.592025
0.130994 -0.180896 6.592516
0.143480 -0.180909 6.593007
0.155968 -0.180923 6.593498
0.168458 -0.180936 6.593989
0.180950 -0.180950 6.594480
0.193443 -0.180963 6.594971
0.205939 -0.180977 6.595462
0.218436 -0.180990 6.595953
0.230936 -0.181004 6.596445
0.243437 -0.181017 6.596936
0.255940 -0.181031 6.597428
0.268445 -0.181044 6.597919
0.280951 -0.181058 6.598411
0.293460 -0.181071 6.598903
0.305971 -0.181085 6.599395
0.318483 -0.181098 6.599887
0.330997 -0.181112 6.600379
0.343513 -0.181125 6.600871
0.356031 -0.181139 6.601363
0.368551 -0.181152 6.601855
-1.097583 -0.204378 8.000000
-1.082444 -0.204378 8.000000
-1.067305 -0.204378 8.000000
-1.052166 -0.204378 8.000000
-1.037027 -0.204378 8.000000
-1.021888 -0.204378 8.000000
-1.006749 -0.204378 8.000000
-0.991610 -0.204378 8.000000
-0.976471 -0.204378 8.000000
-0.961331 -0.204378 8.000000
-0.946192 -0.204378 8.000000
-0.931053 -0.204378 8.000000
-0.915914 -0.204378 8.000000
-0.900775 -0.204378 8.000000
-0.885636 -0.204378 8.000000
-0.870497 -0.204378 8.000000
-0.855358 -0.204378 8.000000
-0.840219 -0.204378 8.000000
-0.825080 -0.204378 8.000000
-0.283793 -0.071611 2.803100
-0.275954 -0.070960 2.777590
-0.268257 -0.070320 2.752540
-0.260712 -0.069695 2.728100
-0.255058 -0.069561 2.722853
-0.249425 -0.069428 2.717624
-0.243814 -0.069295 2.712415
-0.238225 -0.069162 2.707226
-0.232657 -0.069030 2.702056
-0.227110 -0.068898 2.696907
-0.221584 -0.068767 2.691777
-0.216079 -0.068637 2.686666
-0.210595 -0.068507 2.681575
-0.205131 -0.068377 2.676503
-0.199689 -0.068248 2.671450
-0.194513 -0.068206 2.669796
-0.189378 -0.068176 2.668631
-0.184247 -0.068146 2.667466
-0.179121 -0.068117 2.666302
-0.174000 -0.068087 2.665140
-0.168883 -0.068057 2.663978
-0.163770 -0.068028 2.662818
-0.158662 -0.067998 2.661658
-0.153558 -0.067968 2.660500
-0.148459 -0.067939 2.659342
-0.143364 -0.067909 2.658185
-0.138273 -0.067880 2.657030
-0.133187 -0.067850 2.655876
-0.128106 -0.067821 2.654722
-0.123029 -0.067791 2.653569
-0.117956 -0.067762 2.652418
-0.112975 -0.067785 2.653330
-0.108017 -0.067825 2.654875
-0.103053 -0.067864 2.656422
-0.098083 -0.067904 2.657971
-0.093107 -0.067943 2.659521
-0.088126 -0.067983 2.661073
-0.083139 -0.068023 2.662627
-0.078146 -0.068062 2.664183
-0.073147 -0.068102 2.665741
-0.068142 -0.068142 2.667301
-0.063131 -0.068182 2.668862
-0.058115 -0.068222 2.670425
-0.053093 -0.068262 2.671990
-0.048064 -0.068302 2.673557
-0.043030 -0.068342 2.675126
-0.037990 -0.068382 2.676696
-0.032975 -0.068487 2.680814
-0.027959 -0.068627 2.686265
-0.022922 -0.068766 2.691738
-0.017865 -0.068907 2.697234
-0.012787 -0.069048 2.702752
-0.007688 -0.069189 2.708293
-0.002568 -0.069331 2.713856
0.002573 -0.069474 2.719443
0.007735 -0.069617 2.725053
0.012919 -0.069761 2.730685
0.018124 -0.069906 2.736341
0.023428 -0.070283 2.751088
0.028889 -0.070909 2.775592
0.034448 -0.071546 2.800536
0.093546 -0.168383 6.591043
0.106027 -0.168395 6.591534
0.118509 -0.168408 6.592025
0.130994 -0.168420 6.592516
0.143480 -0.168433 6.593007
0.155968 -0.168445 6.593498
0.168458 -0.168458 6.593989
0.180950 -0.168470 6.594480
0.193443 -0.168483 6.594971
0.205939 -0.168496 6.595462
0.218436 -0.168508 6.595953
0.230936 -0.168521 6.596445
0.243437 -0.168533 6.596936
0.255940 -0.168546 6.597428
0.268445 -0.168558 6.597919
0.280951 -0.168571 6.598411
0.293460 -0.168583 6.598903
0.305971 -0.168596 6.599395
0.318483 -0.168609 6.599887
0.330997 -0.168621 6.600379
0.343513 -0.168634 6.600871
0.356031 -0.168646 6.601363
0.368551 -0.168659 6.601855
-1.097583 -0.189238 8.000000
-1.082444 -0.189238 8.000000
-1.067305 -0.189238 8.000000
-1.052166 -0.189238 8.000000
-1.037027 -0.189238 8.000000
-1.021888 -0.189238 8.000000
-1.006749 -0.189238 8.000000
-0.991610 -0.189238 8.000000
-0.976471 -0.189238 8.000000
-0.961331 -0.189238 8.000000
-0.946192 -0.189238 8.000000
-0.931053 -0.189238 8.000000
-0.915914 -0.189238 8.000000
-0.900775 -0.189238 8.000000
-0.885636 -0.189238 8.000000
-0.870497 -0.189238 8.000000
-0.855358 -0.189238 8.000000
-0.840219 -0.189238 8.000000
-0.825080 -0.189238 8.000000
-0.283454 -0.066228 2.799750
-0.275627 -0.065626 2.774300
-0.267942 -0.065034 2.749309
-0.260620 -0.064510 2.727137
-0.254968 -0.064386 2.721893
-0.249338 -0.064262 2.716667
-0.243729 -0.064139 2.711462
-0.238141 -0.064016 2.706277
-0.232575 -0.063894 2.701111
-0.227030 -0.063773 2.695965
-0.221506 -0.063651 2.690838
-0.216004 -0.063530 2.685731
-0.210522 -0.063410 2.680644
-0.205060 -0.063290 2.675575
-0.199620 -0.063171 2.670526
-0.194465 -0.063138 2.669139
-0.189331 -0.063110 2.667974
-0.184202 -0.063083 2.666810
-0.179077 -0.063055 2.665647
-0.173957 -0.063028 2.664485
-0.168841 -0.063000 2.663324
-0.163730 -0.062973 2.662164
-0.158623 -0.062946 2.661005
-0.153520 -0.062918 2.659847
-0.148422 -0.062891 2.658690
-0.143329 -0.062863 2.657534
-0.138240 -0.062836 2.656379
-0.133155 -0.062809 2.655225
-0.128074 -0.062782 2.654072
-0.122998 -0.062754 2.652920
-0.117927 -0.062727 2.651769
-0.112948 -0.062749 2.652683
-0.107991 -0.062785 2.654227
-0.103028 -0.062822 2.655773
-0.098059 -0.062858 2.657321
-0.093085 -0.062895 2.658870
-0.088104 -0.062932 2.660422
-0.083118 -0.062969 2.661975
-0.078127 -0.063005 2.663530
-0.073129 -0.063042 2.665087
-0.068125 -0.063079 2.666646
-0.063116 -0.063116 2.668207
-0.058101 -0.063153 2.669769
-0.053080 -0.063190 2.671334
-0.048052 -0.063227 2.672900
-0.043020 -0.063264 2.674467
-0.037981 -0.063301 2.676037
-0.032964 -0.063392 2.679892
-0.027949 -0.063521 2.685339
-0.022914 -0.063651 2.690809
-0.017859 -0.063780 2.696301
-0.012782 -0.063911 2.701815
-0.007685 -0.064042 2.707352
-0.002567 -0.064173 2.712912
0.002572 -0.064305 2.718494
0.007733 -0.064438 2.724100
0.012914 -0.064571 2.729729
0.018117 -0.064705 2.735381
0.023401 -0.065003 2.747993
0.028856 -0.065582 2.772441
0.034409 -0.066170 2.797328
0.093546 -0.155910 6.591043
0.106027 -0.155921 6.591534
0.118509 -0.155933 6.592025
0.130994 -0.155945 6.592516
0.143480 -0.155956 6.593007
0.155968 -0.155968 6.593498
0.168458 -0.155980 6.593989
0.180950 -0.155991 6.594480
0.193443 -0.156003 6.594971
0.205939 -0.156014 6.595462
0.218436 -0.156026 6.595953
0.230936 -0.156038 6.596445
0.243437 -0.156049 6.596936
0.255940 -0.156061 6.597428
0.268445 -0.156073 6.597919
0.280951 -0.156084 6.598411
0.293460 -0.156096 6.598903
0.305971 -0.156107 6.599395
0.318483 -0.156119 6.599887
0.330997 -0.156131 6.600379
0.343513 -0.156142 6.600871
0.356031 -0.156154 6.601363
0.368551 -0.156166 6.601855
-1.097583 -0.174099 8.000000
-1.082444 -0.174099 8.000000
-1.067305 -0.174099 8.000000
-1.052166 -0.174099 8.000000
-1.037027 -0.174099 8.000000
-1.021888 -0.174099 8.000000
-1.006749 -0.174099 8.000000
-0.991610 -0.174099 8.000000
-0.976471 -0.174099 8.000000
-0.961331 -0.174099 8.000000
-0.946192 -0.174099 8.000000
-0.931053 -0.174099 8.000000
-0.915914 -0.174099 8.000000
-0.900775 -0.174099 8.000000
-0.885636 -0.174099 8.000000
-0.870497 -0.174099 8.000000
-0.855358 -0.174099 8.000000
-0.840219 -0.174099 8.000000
-0.825080 -0.174099 8.000000
-0.283116 -0.060857 2.796407
-0.275301 -0.060304 2.771018
-0.267628 -0.059761 2.746086
-0.260528 -0.059328 2.726174
-0.254878 -0.059214 2.720933
-0.249250 -0.059100 2.715712
-0.243643 -0.058987 2.710510
-0.238058 -0.058874 2.705328
-0.232494 -0.058762 2.700166
-0.226951 -0.058650 2.695024
-0.221429 -0.058539 2.689901
-0.215928 -0.058428 2.684797
-0.210449 -0.058317 2.679713
-0.204989 -0.058207 2.674648
-0.199554 -0.058098 2.669647
-0.194417 -0.058073 2.668482
-0.189285 -0.058047 2.667317
-0.184157 -0.058022 2.666154
-0.179033 -0.057997 2.664991
-0.173914 -0.057971 2.663830
-0.168800 -0.057946 2.662670
-0.163690 -0.057921 2.661510
-0.158584 -0.057896 2.660352
-0.153483 -0.057871 2.659194
-0.148386 -0.057845 2.658038
-0.143294 -0.057820 2.656883
-0.138206 -0.057795 2.655728
-0.133122 -0.057770 2.654575
-0.128043 -0.057745 2.653422
-0.122968 -0.057720 2.652271
-0.117898 -0.057695 2.651121
-0.112920 -0.057715 2.652035
-0.107964 -0.057748 2.653579
-0.103003 -0.057782 2.655124
-0.098035 -0.057816 2.656671
-0.093062 -0.057849 2.658220
-0.088083 -0.057883 2.659771
-0.083098 -0.057917 2.661324
-0.078107 -0.057951 2.662878
-0.073111 -0.057985 2.664434
-0.068109 -0.058018 2.665992
-0.063100 -0.058052 2.667552
-0.058086 -0.058086 2.669113
-0.053066 -0.058120 2.670677
-0.048041 -0.058154 2.672242
-0.043009 -0.058189 2.673810
-0.037971 -0.058223 2.675379
-0.032953 -0.058301 2.678971
-0.027940 -0.058419 2.684415
-0.022906 -0.058538 2.689880
-0.017852 -0.058658 2.695369
-0.012778 -0.058778 2.700879
-0.007682 -0.058898 2.706412
-0.002566 -0.059019 2.711968
0.002571 -0.059140 2.717547
0.007730 -0.059262 2.723148
0.012910 -0.059385 2.728773
0.018111 -0.059508 2.734421
0.023375 -0.059736 2.744905
0.028823 -0.060267 2.769298
0.034369 -0.060807 2.794129
0.040016 -0.061357 2.819408
0.106027 -0.143448 6.591534
0.118509 -0.143458 6.592025
0.130994 -0.143469 6.592516
0.143480 -0.143480 6.593007
0.155968 -0.143490 6.593498
0.168458 -0.143501 6.593989
0.180950 -0.143512 6.594480
0.193443 -0.143523 6.594971
0.205939 -0.143533 6.595462
0.218436 -0.143544 6.595953
0.230936 -0.143555 6.596445
0.243437 -0.143565 6.596936
0.255940 -0.143576 6.597428
0.268445 -0.143587 6.597919
0.280951 -0.143597 6.598411
0.293460 -0.143608 6.598903
0.305971 -0.143619 6.599395
0.318483 -0.143630 6.599887
0.330997 -0.143640 6.600379
0.343513 -0.143651 6.600871
0.356031 -0.143662 6.601363
0.368551 -0.143672 6.601855
-1.097583 -0.158960 8.000000
-1.082444 -0.158960 8.000000
-1.067305 -0.158960 8.000000
-1.052166 -0.158960 8.000000
-1.037027 -0.158960 8.000000
-1.021888 -0.158960 8.000000
-1.006749 -0.158960 8.000000
-0.991610 -0.158960 8.000000
-0.976471 -0.158960 8.000000
-0.961331 -0.158960 8.000000
-0.946192 -0.158960 8.000000
-0.931053 -0.158960 8.000000
-0.915914 -0.158960 8.000000
-0.900775 -0.158960 8.000000
-0.885636 -0.158960 8.000000
-0.870497 -0.158960 8.000000
-0.855358 -0.158960 8.000000
-0.840219 -0.158960 8.000000
-0.825080 -0.158960 8.000000
-0.282778 -0.055498 2.793073
-0.274976 -0.054995 2.767744
-0.267314 -0.054501 2.742871
-0.260436 -0.054150 2.725213
-0.254788 -0.054046 2.719975
-0.249162 -0.053942 2.714756
-0.243558 -0.053839 2.709558
-0.237974 -0.053736 2.704380
-0.232412 -0.053634 2.699222
-0.226872 -0.053532 2.694083
-0.221352 -0.053430 2.688964
-0.215853 -0.053328 2.683864
-0.210375 -0.053228 2.678783
-0.204918 -0.053127 2.673722
-0.199505 -0.053033 2.668990
-0.194369 -0.053010 2.667825
-0.189238 -0.052987 2.666661
-0.184111 -0.052964 2.665498
-0.178989 -0.052940 2.664336
-0.173871 -0.052917 2.663176
-0.168758 -0.052894 2.662016
-0.163649 -0.052871 2.660857
-0.158545 -0.052848 2.659699
-0.153445 -0.052825 2.658542
-0.148350 -0.052802 2.657386
-0.143258 -0.052779 2.656232
-0.138172 -0.052756 2.655078
-0.133090 -0.052734 2.653925
-0.128012 -0.052711 2.652773
-0.122938 -0.052688 2.651622
-0.117869 -0.052665 2.650472
-0.112893 -0.052683 2.651388
-0.107938 -0.052714 2.652931
-0.102977 -0.052745 2.654475
-0.098011 -0.052775 2.656022
-0.093039 -0.052806 2.657570
-0.088061 -0.052837 2.659120
-0.083078 -0.052868 2.660672
-0.078088 -0.052899 2.662225
-0.073093 -0.052929 2.663781
-0.068092 -0.052960 2.665338
-0.063085 -0.052991 2.666897
-0.058072 -0.053022 2.668458
-0.053053 -0.053053 2.670021
-0.048029 -0.053085 2.671585
-0.042998 -0.053116 2.673152
-0.037962 -0.053147 2.674720
-0.032941 -0.053213 2.678051
-0.027930 -0.053321 2.683490
-0.022898 -0.053430 2.688952
-0.017846 -0.053539 2.694437
-0.012773 -0.053648 2.699944
-0.007680 -0.053758 2.705473
-0.002565 -0.053868 2.711025
0.002570 -0.053979 2.716600
0.007727 -0.054090 2.722197
0.012905 -0.054202 2.727818
0.018105 -0.054314 2.733463
0.023349 -0.054480 2.741824
0.028791 -0.054964 2.766162
0.034330 -0.055456 2.790936
0.039969 -0.055957 2.816158
0.106027 -0.130974 6.591534
0.118509 -0.130984 6.592025
0.130994 -0.130994 6.592516
0.143480 -0.131003 6.593007
0.155968 -0.131013 6.593498
0.168458 -0.131023 6.593989
0.180950 -0.131033 6.594480
0.193443 -0.131042 6.594971
0.205939 -0.131052 6.595462
0.218436 -0.131062 6.595953
0.230936 -0.131072 6.596445
0.243437 -0.131081 6.596936
0.255940 -0.131091 6.597428
0.268445 -0.131101 6.597919
0.280951 -0.131111 6.598411
0.293460 -0.131120 6.598903
0.305971 -0.131130 6.599395
0.318483 -0.131140 6.599887
0.330997 -0.131150 6.600379
0.343513 -0.131160 6.600871
0.356031 -0.131169 6.601363
0.368551 -0.131179 6.601855
-1.097583 -0.143821 8.000000
-1.082444 -0.143821 8.000000
-1.067305 -0.143821 8.000000
-1.052166 -0.143821 8.000000
-1.037027 -0.143821 8.000000
-1.021888 -0.143821 8.000000
-1.006749 -0.143821 8.000000
-0.991610 -0.143821 8.000000
-0.976471 -0.143821 8.000000
-0.961331 -0.143821 8.000000
-0.946192 -0.143821 8.000000
-0.931053 -0.143821 8.000000
-0.915914 -0.143821 8.000000
-0.900775 -0.143821 8.000000
-0.885636 -0.143821 8.000000
-0.870497 -0.143821 8.000000
-0.855358 -0.143821 8.000000
-0.840219 -0.143821 8.000000
-0.825080 -0.143821 8.000000
-0.282441 -0.050153 2.789747
-0.274651 -0.049699 2.764478
-0.267002 -0.049253 2.739663
-0.260344 -0.048976 2.724251
-0.254699 -0.048882 2.719017
-0.249075 -0.048788 2.713802
-0.243472 -0.048694 2.708608
-0.237891 -0.048601 2.703433
-0.232331 -0.048509 2.698278
-0.226793 -0.048416 2.693143
-0.221275 -0.048324 2.688027
-0.215778 -0.048233 2.682931
-0.210302 -0.048142 2.677854
-0.204847 -0.048051 2.672796
-0.199456 -0.047970 2.668333
-0.194321 -0.047949 2.667169
-0.189192 -0.047929 2.666005
-0.184066 -0.047908 2.664843
-0.178945 -0.047887 2.663682
-0.173829 -0.047866 2.662521
-0.168717 -0.047845 2.661362
-0.163609 -0.047824 2.660204
-0.158506 -0.047803 2.659046
-0.153407 -0.047783 2.657890
-0.148313 -0.047762 2.656735
-0.143223 -0.047741 2.655581
-0.138138 -0.047720 2.654428
-0.133057 -0.047700 2.653275
-0.127980 -0.047679 2.652124
-0.122908 -0.047658 2.650974
-0.117840 -0.047638 2.649825
-0.112865 -0.047654 2.650741
-0.107912 -0.047682 2.652283
-0.102952 -0.047710 2.653827
-0.097987 -0.047737 2.655373
-0.093016 -0.047765 2.656920
-0.088040 -0.047793 2.658469
-0.083057 -0.047821 2.660021
-0.078069 -0.047849 2.661573
-0.073075 -0.047877 2.663128
-0.068075 -0.047905 2.664685
-0.063069 -0.047933 2.666243
-0.058058 -0.047961 2.667803
-0.053040 -0.047989 2.669365
-0.048017 -0.048017 2.670929
-0.042988 -0.048045 2.672494
-0.037953 -0.048073 2.674062
-0.032930 -0.048129 2.677131
-0.027920 -0.048226 2.682567
-0.022890 -0.048324 2.688025
-0.017840 -0.048423 2.693506
-0.012769 -0.048522 2.699009
-0.007677 -0.048621 2.704534
-0.002564 -0.048721 2.710082
0.002570 -0.048821 2.715653
0.007724 -0.048922 2.721247
0.012901 -0.049023 2.726864
0.018098 -0.049124 2.732504
0.023322 -0.049236 2.738752
0.028758 -0.049673 2.763033
0.034291 -0.050117 2.787750
0.039923 -0.050570 2.812915
0.106027 -0.118500 6.591534
0.118509 -0.118509 6.592025
0.130994 -0.118518 6.592516
0.143480 -0.118527 6.593007
0.155968 -0.118536 6.593498
0.168458 -0.118544 6.593989
0.180950 -0.118553 6.594480
0.193443 -0.118562 6.594971
0.205939 -0.118571 6.595462
0.218436 -0.118580 6.595953
0.230936 -0.118589 6.596445
0.243437 -0.118597 6.596936
0.255940 -0.118606 6.597428
0.268445 -0.118615 6.597919
0.280951 -0.118624 6.598411
0.293460 -0.118633 6.598903
0.305971 -0.118642 6.599395
0.318483 -0.118650 6.599887
0.330997 -0.118659 6.600379
0.343513 -0.118668 6.600871
0.356031 -0.118677 6.601363
0.368551 -0.118686 6.601855
-1.097583 -0.128682 8.000000
-1.082444 -0.128682 8.000000
-1.067305 -0.128682 8.000000
-1.052166 -0.128682 8.000000
-1.037027 -0.128682 8.000000
-1.021888 -0.128682 8.000000
-1.006749 -0.128682 8.000000
-0.991610 -0.128682 8.000000
-0.976471 -0.128682 8.000000
-0.961331 -0.128682 8.000000
-0.946192 -0.128682 8.000000
-0.931053 -0.128682 8.000000
-0.915914 -0.128682 8.000000
-0.900775 -0.128682 8.000000
-0.885636 -0.128682 8.000000
-0.870497 -0.128682 8.000000
-0.855358 -0.128682 8.000000
-0.840219 -0.128682 8.000000
-0.825080 -0.128682 8.000000
-0.282105 -0.044820 2.786428
-0.274328 -0.044415 2.761219
-0.266690 -0.044017 2.736462
-0.260252 -0.043805 2.723290
-0.254609 -0.043721 2.718059
-0.248987 -0.043637 2.712848
-0.243387 -0.043553 2.707658
-0.237808 -0.043470 2.702487
-0.232250 -0.043387 2.697335
-0.226713 -0.043305 2.692204
-0.221198 -0.043223 2.687091
-0.215703 -0.043141 2.681999
-0.210230 -0.043059 2.676925
-0.204776 -0.042978 2.671871
-0.199407 -0.042910 2.667676
-0.194274 -0.042892 2.666512
-0.189145 -0.042873 2.665350
-0.184021 -0.042854 2.664188
-0.178901 -0.042836 2.663027
-0.173786 -0.042817 2.661867
-0.168675 -0.042798 2.660709
-0.163569 -0.042780 2.659551
-0.158467 -0.042761 2.658394
-0.153370 -0.042742 2.657239
-0.148277 -0.042724 2.656084
-0.143188 -0.042705 2.654930
-0.138104 -0.042687 2.653778
-0.133024 -0.042668 2.652626
-0.127949 -0.042650 2.651475
-0.122878 -0.042631 2.650326
-0.117812 -0.042613 2.649177
-0.112837 -0.042627 2.650095
-0.107885 -0.042652 2.651636
-0.102927 -0.042677 2.653179
-0.097963 -0.042702 2.654724
-0.092994 -0.042727 2.656271
-0.088018 -0.042752 2.657819
-0.083037 -0.042777 2.659370
-0.078050 -0.042802 2.660922
-0.073057 -0.042827 2.662476
-0.068059 -0.042852 2.664032
-0.063054 -0.042877 2.665589
-0.058044 -0.042902 2.667148
-0.053027 -0.042927 2.668710
-0.048005 -0.042952 2.670273
-0.042977 -0.042977 2.671837
-0.037943 -0.043002 2.673404
-0.032919 -0.043048 2.676211
-0.027911 -0.043135 2.681644
-0.022883 -0.043223 2.687099
-0.017834 -0.043311 2.692575
-0.012764 -0.043399 2.698074
-0.007674 -0.043488 2.703596
-0.002563 -0.043577 2.709140
0.002569 -0.043667 2.714707
0.007722 -0.043757 2.720297
0.012896 -0.043847 2.725910
0.018092 -0.043938 2.731547
0.023309 -0.044029 2.737206
0.028725 -0.044394 2.759911
0.034252 -0.044791 2.784573
0.039877 -0.045194 2.809679
0.106027 -0.106027 6.591534
0.118509 -0.106035 6.592025
0.130994 -0.106042 6.592516
0.143480 -0.106050 6.593007
0.155968 -0.106058 6.593498
0.168458 -0.106066 6.593989
0.180950 -0.106074 6.594480
0.193443 -0.106082 6.594971
0.205939 -0.106090 6.595462
0.218436 -0.106098 6.595953
0.230936 -0.106106 6.596445
0.243437 -0.106114 6.596936
0.255940 -0.106121 6.597428
0.268445 -0.106129 6.597919
0.280951 -0.106137 6.598411
0.293460 -0.106145 6.598903
0.305971 -0.106153 6.599395
0.318483 -0.106161 6.599887
0.330997 -0.106169 6.600379
0.343513 -0.106177 6.600871
0.356031 -0.106185 6.601363
0.368551 -0.106193 6.601855
-1.097583 -0.113543 8.000000
-1.082444 -0.113543 8.000000
-1.067305 -0.113543 8.000000
-1.052166 -0.113543 8.000000
-1.037027 -0.113543 8.000000
-1.021888 -0.113543 8.000000
-1.006749 -0.113543 8.000000
-0.991610 -0.113543 8.000000
-0.976471 -0.113543 8.000000
-0.961331 -0.113543 8.000000
-0.946192 -0.113543 8.000000
-0.931053 -0.113543 8.000000
-0.915914 -0.113543 8.000000
-0.900775 -0.113543 8.000000
-0.885636 -0.113543 8.000000
-0.870497 -0.113543 8.000000
-0.855358 -0.113543 8.000000
-0.840219 -0.113543 8.000000
-0.825080 -0.113543 8.000000
-0.281770 -0.039500 2.783118
-0.274005 -0.039144 2.757968
-0.266378 -0.038793 2.733269
-0.260161 -0.038638 2.722329
-0.254519 -0.038564 2.717102
-0.248900 -0.038490 2.711895
-0.243301 -0.038416 2.706708
-0.237724 -0.038343 2.701541
-0.232169 -0.038270 2.696393
-0.226634 -0.038197 2.691265
-0.221121 -0.038124 2.686156
-0.215628 -0.038052 2.681067
-0.210157 -0.037980 2.675997
-0.204706 -0.037908 2.670946
-0.199358 -0.037853 2.667020
-0.194226 -0.037836 2.665857
-0.189099 -0.037820 2.664695
-0.183976 -0.037803 2.663533
-0.178857 -0.037787 2.662373
-0.173743 -0.037770 2.661214
-0.168634 -0.037754 2.660056
-0.163529 -0.037737 2.658899
-0.158428 -0.037721 2.657743
-0.153332 -0.037705 2.656587
-0.148241 -0.037688 2.655433
-0.143153 -0.037672 2.654280
-0.138070 -0.037656 2.653128
-0.132992 -0.037639 2.651977
-0.127918 -0.037623 2.650827
-0.122848 -0.037607 2.649678
-0.117783 -0.037590 2.648530
-0.112810 -0.037603 2.649449
-0.107859 -0.037625 2.650990
-0.102902 -0.037647 2.652532
-0.097939 -0.037669 2.654076
-0.092971 -0.037691 2.655622
-0.087997 -0.037713 2.657170
-0.083017 -0.037735 2.658719
-0.078031 -0.037757 2.660270
-0.073039 -0.037779 2.661824
-0.068042 -0.037801 2.663378
-0.063039 -0.037823 2.664935
-0.058029 -0.037845 2.666494
-0.053014 -0.037867 2.668054
-0.047993 -0.037890 2.669617
-0.042967 -0.037912 2.671180
-0.037934 -0.037934 2.672746
-0.032907 -0.037970 2.675292
-0.027901 -0.038047 2.680722
-0.022875 -0.038125 2.686172
-0.017828 -0.038202 2.691645
-0.012760 -0.038280 2.697141
-0.007672 -0.038359 2.702659
-0.002562 -0.038437 2.708199
0.002568 -0.038516 2.713762
0.007719 -0.038595 2.719348
0.012892 -0.038675 2.724958
0.018086 -0.038755 2.730590
0.023301 -0.038835 2.736246
0.028693 -0.039127 2.756796
0.034213 -0.039476 2.781402
0.039832 -0.039832 2.806451
0.106027 -0.093553 6.591534
0.118509 -0.093560 6.592025
0.130994 -0.093567 6.592516
0.143480 -0.093574 6.593007
0.155968 -0.093581 6.593498
0.168458 -0.093588 6.593989
0.180950 -0.093595 6.594480
0.193443 -0.093602 6.594971
0.205939 -0.093609 6.595462
0.218436 -0.093616 6.595953
0.230936 -0.093623 6.596445
0.243437 -0.093630 6.596936
0.255940 -0.093637 6.597428
0.268445 -0.093644 6.597919
0.280951 -0.093650 6.598411
0.293460 -0.093657 6.598903
0.305971 -0.093664 6.599395
0.318483 -0.093671 6.599887
0.330997 -0.093678 6.600379
0.343513 -0.093685 6.600871
0.356031 -0.093692 6.601363
0.368551 -0.093699 6.601855
-1.097583 -0.098404 8.000000
-1.082444 -0.098404 8.000000
-1.067305 -0.098404 8.000000
-1.052166 -0.098404 8.000000
-1.037027 -0.098404 8.000000
-1.021888 -0.098404 8.000000
-1.006749 -0.098404 8.000000
-0.991610 -0.098404 8.000000
-0.976471 -0.098404 8.000000
-0.961331 -0.098404 8.000000
-0.946192 -0.098404 8.000000
-0.931053 -0.098404 8.000000
-0.915914 -0.098404 8.000000
-0.900775 -0.098404 8.000000
-0.885636 -0.098404 8.000000
-0.870497 -0.098404 8.000000
-0.855358 -0.098404 8.000000
-0.840219 -0.098404 8.000000
-0.289331 -0.034507 2.805367
-0.281436 -0.034193 2.779815
-0.273682 -0.033884 2.754725
-0.266068 -0.033581 2.730084
-0.260069 -0.033474 2.721370
-0.254430 -0.033410 2.716146
-0.248812 -0.033346 2.710943
-0.243216 -0.033282 2.705759
-0.237641 -0.033219 2.700595
-0.232088 -0.033155 2.695451
-0.226555 -0.033092 2.690327
-0.221044 -0.033030 2.685222
-0.215554 -0.032967 2.680136
-0.210084 -0.032905 2.675070
-0.204635 -0.032843 2.670022
-0.199309 -0.032798 2.666364
-0.194178 -0.032783 2.665201
-0.189052 -0.032769 2.664040
-0.183931 -0.032755 2.662879
-0.178813 -0.032740 2.661720
-0.173701 -0.032726 2.660561
-0.168593 -0.032712 2.659403
-0.163489 -0.032698 2.658247
-0.158390 -0.032684 2.657091
-0.153295 -0.032669 2.655936
-0.148204 -0.032655 2.654783
-0.143118 -0.032641 2.653630
-0.138037 -0.032627 2.652479
-0.132959 -0.032613 2.651328
-0.127887 -0.032599 2.650179
-0.122818 -0.032584 2.649030
-0.117754 -0.032570 2.647883
-0.112782 -0.032582 2.648803
-0.107833 -0.032601 2.650343
-0.102877 -0.032620 2.651884
-0.097915 -0.032638 2.653428
-0.092948 -0.032657 2.654973
-0.087975 -0.032677 2.656520
-0.082996 -0.032696 2.658069
-0.078012 -0.032715 2.659619
-0.073021 -0.032734 2.661172
-0.068025 -0.032753 2.662726
-0.063023 -0.032772 2.664282
-0.058015 -0.032791 2.665840
-0.053001 -0.032810 2.667399
-0.047982 -0.032830 2.668961
-0.042956 -0.032849 2.670524
-0.037925 -0.032868 2.672089
-0.032896 -0.032896 2.674375
-0.027892 -0.032963 2.679800
-0.022867 -0.033030 2.685247
-0.017822 -0.033097 2.690716
-0.012756 -0.033165 2.696208
-0.007669 -0.033233 2.701722
-0.002562 -0.033301 2.707258
0.002567 -0.033369 2.712818
0.007716 -0.033438 2.718400
0.012887 -0.033507 2.724005
0.018079 -0.033576 2.729634
0.023293 -0.033645 2.735286
0.028661 -0.033872 2.753688
0.034174 -0.034174 2.778238
0.039786 -0.034481 2.803230
0.106027 -0.081079 6.591534
0.118509 -0.081085 6.592025
0.130994 -0.081091 6.592516
0.143480 -0.081097 6.593007
0.155968 -0.081103 6.593498
0.168458 -0.081109 6.593989
0.180950 -0.081115 6.594480
0.193443 -0.081121 6.594971
0.205939 -0.081127 6.595462
0.218436 -0.081134 6.595953
0.230936 -0.081140 6.596445
0.243437 -0.081146 6.596936
0.255940 -0.081152 6.597428
0.268445 -0.081158 6.597919
0.280951 -0.081164 6.598411
0.293460 -0.081170 6.598903
0.305971 -0.081176 6.599395
0.318483 -0.081182 6.599887
0.330997 -0.081188 6.600379
0.343513 -0.081194 6.600871
0.356031 -0.081200 6.601363
0.368551 -0.081206 6.601855
-1.097583 -0.083265 8.000000
-1.082444 -0.083265 8.000000
-1.067305 -0.083265 8.000000
-1.052166 -0.083265 8.000000
-1.037027 -0.083265 8.000000
-1.021888 -0.083265 8.000000
-1.006749 -0.083265 8.000000
-0.991610 -0.083265 8.000000
-0.976471 -0.083265 8.000000
-0.961331 -0.083265 8.000000
-0.946192 -0.083265 8.000000
-0.931053 -0.083265 8.000000
-0.915914 -0.083265 8.000000
-0.900775 -0.083265 8.000000
-0.885636 -0.083265 8.000000
-0.870497 -0.083265 8.000000
-0.855358 -0.083265 8.000000
-0.840219 -0.083265 8.000000
-0.288985 -0.029164 2.802011
-0.281102 -0.028898 2.776520
-0.273361 -0.028638 2.751489
-0.265758 -0.028382 2.726906
-0.259977 -0.028314 2.720411
-0.254340 -0.028260 2.715191
-0.248725 -0.028206 2.709991
-0.243131 -0.028152 2.704811
-0.237558 -0.028098 2.699651
-0.232007 -0.028045 2.694510
-0.226477 -0.027991 2.689389
-0.220967 -0.027938 2.684288
-0.215479 -0.027885 2.679206
-0.210011 -0.027833 2.674143
-0.204564 -0.027780 2.669099
-0.199260 -0.027745 2.665708
-0.194130 -0.027733 2.664546
-0.189006 -0.027721 2.663385
-0.183885 -0.027709 2.662225
-0.178770 -0.027697 2.661066
-0.173658 -0.027685 2.659908
-0.168551 -0.027673 2.658751
-0.163449 -0.027661 2.657595
-0.158351 -0.027649 2.656440
-0.153257 -0.027637 2.655286
-0.148168 -0.027625 2.654133
-0.143083 -0.027613 2.652981
-0.138003 -0.027601 2.651830
-0.132927 -0.027589 2.650680
-0.127855 -0.027577 2.649531
-0.122788 -0.027565 2.648383
-0.117725 -0.027553 2.647236
-0.112755 -0.027562 2.648158
-0.107806 -0.027578 2.649697
-0.102852 -0.027594 2.651237
-0.097892 -0.027610 2.652780
-0.092926 -0.027627 2.654325
-0.087954 -0.027643 2.655871
-0.082976 -0.027659 2.657419
-0.077993 -0.027675 2.658968
-0.073004 -0.027691 2.660520
-0.068009 -0.027707 2.662074
-0.063008 -0.027723 2.663629
-0.058001 -0.027740 2.665186
-0.052988 -0.027756 2.666745
-0.047970 -0.027772 2.668306
-0.042946 -0.027788 2.669868
-0.037915 -0.027805 2.671432
-0.032885 -0.027826 2.673457
-0.027882 -0.027882 2.678879
-0.022859 -0.027939 2.684322
-0.017815 -0.027996 2.689788
-0.012751 -0.028053 2.695276
-0.007666 -0.028110 2.700786
-0.002561 -0.028168 2.706319
0.002566 -0.028226 2.711874
0.007714 -0.028284 2.717452
0.012883 -0.028342 2.723054
0.018073 -0.028400 2.728678
0.023285 -0.028459 2.734326
0.028628 -0.028628 2.750587
0.034135 -0.028883 2.775082
0.039740 -0.029143 2.800016
0.106027 -0.068605 6.591534
0.118509 -0.068611 6.592025
0.130994 -0.068616 6.592516
0.143480 -0.068621 6.593007
0.155968 -0.068626 6.593498
0.168458 -0.068631 6.593989
0.180950 -0.068636 6.594480
0.193443 -0.068641 6.594971
0.205939 -0.068646 6.595462
0.218436 -0.068651 6.595953
0.230936 -0.068657 6.596445
0.243437 -0.068662 6.596936
0.255940 -0.068667 6.597428
0.268445 -0.068672 6.597919
0.280951 -0.068677 6.598411
0.293460 -0.068682 6.598903
0.305971 -0.068687 6.599395
0.318483 -0.068692 6.599887
0.330997 -0.068698 6.600379
0.343513 -0.068703 6.600871
0.356031 -0.068708 6.601363
0.368551 -0.068713 6.601855
-1.097583 -0.068126 8.000000
-1.082444 -0.068126 8.000000
-1.067305 -0.068126 8.000000
-1.052166 -0.068126 8.000000
-1.037027 -0.068126 8.000000
-1.021888 -0.068126 8.000000
-1.006749 -0.068126 8.000000
-0.991610 -0.068126 8.000000
-0.976471 -0.068126 8.000000
-0.961331 -0.068126 8.000000
-0.946192 -0.068126 8.000000
-0.931053 -0.068126 8.000000
-0.915914 -0.068126 8.000000
-0.900775 -0.068126 8.000000
-0.885636 -0.068126 8.000000
-0.870497 -0.068126 8.000000
-0.855358 -0.068126 8.000000
-0.840219 -0.068126 8.000000
-0.288640 -0.023833 2.798663
-0.280769 -0.023616 2.773233
-0.273040 -0.023403 2.748261
-0.265542 -0.023203 2.724687
-0.259886 -0.023158 2.719452
-0.254251 -0.023114 2.714236
-0.248637 -0.023069 2.709040
-0.243046 -0.023025 2.703864
-0.237475 -0.022981 2.698707
-0.231926 -0.022938 2.693570
-0.226398 -0.022894 2.688453
-0.220890 -0.022851 2.683355
-0.215404 -0.022807 2.678276
-0.209938 -0.022764 2.673217
-0.204493 -0.022721 2.668176
-0.199211 -0.022695 2.665053
-0.194083 -0.022685 2.663891
-0.188959 -0.022675 2.662731
-0.183840 -0.022665 2.661571
-0.178726 -0.022655 2.660413
-0.173616 -0.022646 2.659256
-0.168510 -0.022636 2.658099
-0.163409 -0.022626 2.656944
-0.158312 -0.022616 2.655789
-0.153220 -0.022606 2.654636
-0.148132 -0.022596 2.653483
-0.143048 -0.022587 2.652332
-0.137969 -0.022577 2.651181
-0.132894 -0.022567 2.650032
-0.127824 -0.022557 2.648884
-0.122758 -0.022547 2.647736
-0.117697 -0.022538 2.646590
-0.112728 -0.022546 2.647513
-0.107780 -0.022559 2.649051
-0.102827 -0.022572 2.650591
-0.097868 -0.022585 2.652133
-0.092903 -0.022598 2.653677
-0.087932 -0.022611 2.655222
-0.082956 -0.022624 2.656769
-0.077974 -0.022638 2.658318
-0.072986 -0.022651 2.659869
-0.067992 -0.022664 2.661422
-0.062992 -0.022677 2.662976
-0.057987 -0.022690 2.664533
-0.052975 -0.022704 2.666090
-0.047958 -0.022717 2.667651
-0.042935 -0.022730 2.669212
-0.037906 -0.022744 2.670776
-0.032874 -0.022759 2.672540
-0.027873 -0.022805 2.677959
-0.022851 -0.022851 2.683398
-0.017809 -0.022898 2.688860
-0.012747 -0.022944 2.694344
-0.007664 -0.022991 2.699850
-0.002560 -0.023038 2.705379
0.002565 -0.023086 2.710931
0.007711 -0.023133 2.716505
0.012878 -0.023181 2.722103
0.018067 -0.023229 2.727723
0.023277 -0.023277 2.733367
0.028596 -0.023397 2.747493
0.034096 -0.023605 2.771933
0.039695 -0.023817 2.796810
0.106027 -0.056132 6.591534
0.118509 -0.056136 6.592025
0.130994 -0.056140 6.592516
0.143480 -0.056144 6.593007
0.155968 -0.056148 6.593498
0.168458 -0.056153 6.593989
0.180950 -0.056157 6.594480
0.193443 -0.056161 6.594971
0.205939 -0.056165 6.595462
0.218436 -0.056169 6.595953
0.230936 -0.056174 6.596445
0.243437 -0.056178 6.596936
0.255940 -0.056182 6.597428
0.268445 -0.056186 6.597919
0.280951 -0.056190 6.598411
0.293460 -0.056194 6.598903
0.305971 -0.056199 6.599395
0.318483 -0.056203 6.599887
0.330997 -0.056207 6.600379
0.343513 -0.056211 6.600871
0.356031 -0.056215 6.601363
0.368551 -0.056220 6.601855
-1.097583 -0.052987 8.000000
-1.082444 -0.052987 8.000000
-1.067305 -0.052987 8.000000
-1.052166 -0.052987 8.000000
-1.037027 -0.052987 8.000000
-1.021888 -0.052987 8.000000
-1.006749 -0.052987 8.000000
-0.991610 -0.052987 8.000000
-0.976471 -0.052987 8.000000
-0.961331 -0.052987 8.000000
-0.946192 -0.052987 8.000000
-0.931053 -0.052987 8.000000
-0.915914 -0.052987 8.000000
-0.900775 -0.052987 8.000000
-0.885636 -0.052987 8.000000
-0.870497 -0.052987 8.000000
-0.855358 -0.052987 8.000000
-0.840219 -0.052987 8.000000
-0.288296 -0.018514 2.795324
-0.280437 -0.018346 2.769954
-0.272720 -0.018181 2.745041
-0.265448 -0.018040 2.723726
-0.259794 -0.018006 2.718494
-0.254161 -0.017971 2.713282
-0.248550 -0.017937 2.708090
-0.242961 -0.017902 2.702917
-0.237392 -0.017868 2.697764
-0.231845 -0.017834 2.692631
-0.226319 -0.017800 2.687517
-0.220814 -0.017767 2.682422
-0.215329 -0.017733 2.677347
-0.209866 -0.017700 2.672291
-0.204423 -0.017666 2.667254
-0.199162 -0.017647 2.664398
-0.194035 -0.017640 2.663237
-0.188913 -0.017632 2.662077
-0.183795 -0.017624 2.660918
-0.178682 -0.017617 2.659760
-0.173573 -0.017609 2.658603
-0.168469 -0.017601 2.657447
-0.163369 -0.017594 2.656292
-0.158273 -0.017586 2.655138
-0.153182 -0.017578 2.653986
-0.148095 -0.017571 2.652834
-0.143013 -0.017563 2.651683
-0.137935 -0.017555 2.650533
-0.132862 -0.017548 2.649384
-0.127793 -0.017540 2.648236
-0.122728 -0.017533 2.647089
-0.117668 -0.017525 2.645944
-0.112700 -0.017531 2.646868
-0.107754 -0.017541 2.648405
-0.102802 -0.017552 2.649945
-0.097844 -0.017562 2.651486
-0.092880 -0.017572 2.653029
-0.087911 -0.017582 2.654573
-0.082936 -0.017592 2.656120
-0.077955 -0.017603 2.657668
-0.072968 -0.017613 2.659218
-0.067975 -0.017623 2.660770
-0.062977 -0.017633 2.662324
-0.057972 -0.017644 2.663879
-0.052962 -0.017654 2.665437
-0.047946 -0.017664 2.666996
-0.042924 -0.017675 2.668557
-0.037897 -0.017685 2.670120
-0.032863 -0.017695 2.671684
-0.027863 -0.017731 2.677039
-0.022843 -0.017767 2.682475
-0.017803 -0.017803 2.687933
-0.012742 -0.017839 2.693413
-0.007661 -0.017876 2.698915
-0.002559 -0.017912 2.704441
0.002564 -0.017949 2.709989
0.007708 -0.017986 2.715559
0.012874 -0.018023 2.721153
0.018060 -0.018060 2.726769
0.023268 -0.018098 2.732409
0.028564 -0.018177 2.744406
0.034058 -0.018339 2.768790
0.039649 -0.018503 2.793612
0.045342 -0.018670 2.818882
0.118509 -0.043661 6.592025
0.130994 -0.043665 6.592516
0.143480 -0.043668 6.593007
0.155968 -0.043671 6.593498
0.168458 -0.043674 6.593989
0.180950 -0.043678 6.594480
0.193443 -0.043681 6.594971
0.205939 -0.043684 6.595462
0.218436 -0.043687 6.595953
0.230936 -0.043691 6.596445
0.243437 -0.043694 6.596936
0.255940 -0.043697 6.597428
0.268445 -0.043700 6.597919
0.280951 -0.043704 6.598411
0.293460 -0.043707 6.598903
0.305971 -0.043710 6.599395
0.318483 -0.043713 6.599887
0.330997 -0.043717 6.600379
0.343513 -0.043720 6.600871
0.356031 -0.043723 6.601363
0.368551 -0.043726 6.601855
-1.097583 -0.037848 8.000000
-1.082444 -0.037848 8.000000
-1.067305 -0.037848 8.000000
-1.052166 -0.037848 8.000000
-1.037027 -0.037848 8.000000
-1.021888 -0.037848 8.000000
-1.006749 -0.037848 8.000000
-0.991610 -0.037848 8.000000
-0.976471 -0.037848 8.000000
-0.961331 -0.037848 8.000000
-0.946192 -0.037848 8.000000
-0.931053 -0.037848 8.000000
-0.915914 -0.037848 8.000000
-0.900775 -0.037848 8.000000
-0.885636 -0.037848 8.000000
-0.870497 -0.037848 8.000000
-0.855358 -0.037848 8.000000
-0.840219 -0.037848 8.000000
-0.287952 -0.013209 2.791992
-0.280106 -0.013089 2.766682
-0.272401 -0.012971 2.741828
-0.265355 -0.012881 2.722766
-0.259703 -0.012857 2.717537
-0.254072 -0.012832 2.712329
-0.248463 -0.012807 2.707139
-0.242875 -0.012783 2.701971
-0.237309 -0.012759 2.696821
-0.231764 -0.012734 2.691692
-0.226240 -0.012710 2.686581
-0.220737 -0.012686 2.681490
-0.215255 -0.012662 2.676419
-0.209793 -0.012638 2.671367
-0.204352 -0.012614 2.666333
-0.199113 -0.012602 2.663743
-0.193987 -0.012597 2.662582
-0.188866 -0.012591 2.661423
-0.183750 -0.012586 2.660265
-0.178638 -0.012580 2.659108
-0.173530 -0.012575 2.657951
-0.168427 -0.012569 2.656796
-0.163329 -0.012564 2.655642
-0.158234 -0.012558 2.654489
-0.153145 -0.012553 2.653336
-0.148059 -0.012547 2.652185
-0.142978 -0.012542 2.651035
-0.137902 -0.012537 2.649885
-0.132829 -0.012531 2.648737
-0.127762 -0.012526 2.647589
-0.122698 -0.012520 2.646443
-0.117639 -0.012515 2.645298
-0.112673 -0.012519 2.646223
-0.107727 -0.012526 2.647760
-0.102777 -0.012534 2.649298
-0.097820 -0.012541 2.650839
-0.092858 -0.012548 2.652381
-0.087889 -0.012556 2.653925
-0.082915 -0.012563 2.655471
-0.077936 -0.012570 2.657018
-0.072950 -0.012578 2.658568
-0.067959 -0.012585 2.660119
-0.062961 -0.012592 2.661672
-0.057958 -0.012600 2.663227
-0.052949 -0.012607 2.664783
-0.047935 -0.012614 2.666342
-0.042914 -0.012622 2.667902
-0.037887 -0.012629 2.669464
-0.032855 -0.012637 2.671028
-0.027853 -0.012661 2.676120
-0.022835 -0.012686 2.681552
-0.017797 -0.012712 2.687006
-0.012738 -0.012738 2.692483
-0.007658 -0.012764 2.697982
-0.002558 -0.012790 2.703503
0.002563 -0.012816 2.709047
0.007706 -0.012843 2.714613
0.012869 -0.012869 2.720203
0.018054 -0.012896 2.725816
0.023260 -0.012922 2.731452
0.028532 -0.012969 2.741326
0.034019 -0.013084 2.765656
0.039604 -0.013201 2.790420
0.045290 -0.013321 2.815633
0.118509 -0.031187 6.592025
0.130994 -0.031189 6.592516
0.143480 -0.031191 6.593007
0.155968 -0.031194 6.593498
0.168458 -0.031196 6.593989
0.180950 -0.031198 6.594480
0.193443 -0.031201 6.594971
0.205939 -0.031203 6.595462
0.218436 -0.031205 6.595953
0.230936 -0.031208 6.596445
0.243437 -0.031210 6.596936
0.255940 -0.031212 6.597428
0.268445 -0.031215 6.597919
0.280951 -0.031217 6.598411
0.293460 -0.031219 6.598903
0.305971 -0.031221 6.599395
0.318483 -0.031224 6.599887
0.330997 -0.031226 6.600379
0.343513 -0.031228 6.600871
0.356031 -0.031231 6.601363
0.368551 -0.031233 6.601855
-1.097583 -0.022709 8.000000
-1.082444 -0.022709 8.000000
-1.067305 -0.022709 8.000000
-1.052166 -0.022709 8.000000
-1.037027 -0.022709 8.000000
-1.021888 -0.022709 8.000000
-1.006749 -0.022709 8.000000
-0.991610 -0.022709 8.000000
-0.976471 -0.022709 8.000000
-0.961331 -0.022709 8.000000
-0.946192 -0.022709 8.000000
-0.931053 -0.022709 8.000000
-0.915914 -0.022709 8.000000
-0.900775 -0.022709 8.000000
-0.885636 -0.022709 8.000000
-0.870497 -0.022709 8.000000
-0.855358 -0.022709 8.000000
-0.840219 -0.022709 8.000000
-0.287609 -0.007916 2.788668
-0.279776 -0.007844 2.763418
-0.272083 -0.007774 2.738622
-0.265261 -0.007726 2.721806
-0.259611 -0.007711 2.716581
-0.253983 -0.007696 2.711376
-0.248376 -0.007682 2.706191
-0.242790 -0.007667 2.701025
-0.237226 -0.007652 2.695879
-0.231683 -0.007638 2.690753
-0.226161 -0.007623 2.685647
-0.220660 -0.007609 2.680559
-0.215180 -0.007595 2.675491
-0.209720 -0.007580 2.670442
-0.204281 -0.007566 2.665412
-0.199064 -0.007559 2.663088
-0.193940 -0.007556 2.661929
-0.188820 -0.007553 2.660770
-0.183705 -0.007550 2.659612
-0.178594 -0.007546 2.658455
-0.173488 -0.007543 2.657300
-0.168386 -0.007540 2.656145
-0.163289 -0.007536 2.654991
-0.158196 -0.007533 2.653839
-0.153107 -0.007530 2.652687
-0.148023 -0.007527 2.651536
-0.142943 -0.007523 2.650386
-0.137868 -0.007520 2.649238
-0.132797 -0.007517 2.648090
-0.127730 -0.007514 2.646943
-0.122668 -0.007510 2.645797
-0.117610 -0.007507 2.644653
-0.112645 -0.007510 2.645579
-0.107701 -0.007514 2.647115
-0.102752 -0.007518 2.648653
-0.097796 -0.007523 2.650192
-0.092835 -0.007527 2.651734
-0.087868 -0.007532 2.653277
-0.082895 -0.007536 2.654822
-0.077917 -0.007540 2.656369
-0.072932 -0.007545 2.657917
-0.067942 -0.007549 2.659468
-0.062946 -0.007554 2.661020
-0.057944 -0.007558 2.662574
-0.052936 -0.007562 2.664130
-0.047923 -0.007567 2.665688
-0.042903 -0.007571 2.667247
-0.037878 -0.007576 2.668808
-0.032847 -0.007580 2.670372
-0.027844 -0.007594 2.675202
-0.022828 -0.007609 2.680630
-0.017791 -0.007625 2.686080
-0.012734 -0.007640 2.691553
-0.007656 -0.007656 2.697048
-0.002557 -0.007671 2.702565
0.002562 -0.007687 2.708105
0.007703 -0.007703 2.713668
0.012865 -0.007719 2.719254
0.018048 -0.007735 2.724863
0.023252 -0.007751 2.730495
0.028500 -0.007773 2.738253
0.033980 -0.007842 2.762527
0.039559 -0.007912 2.787236
0.045238 -0.007983 2.812391
0.118509 -0.018712 6.592025
0.130994 -0.018713 6.592516
0.143480 -0.018715 6.593007
0.155968 -0.018716 6.593498
0.168458 -0.018718 6.593989
0.180950 -0.018719 6.594480
0.193443 -0.018720 6.594971
0.205939 -0.018722 6.595462
0.218436 -0.018723 6.595953
0.230936 -0.018725 6.596445
0.243437 -0.018726 6.596936
0.255940 -0.018727 6.597428
0.268445 -0.018729 6.597919
0.280951 -0.018730 6.598411
0.293460 -0.018731 6.598903
0.305971 -0.018733 6.599395
0.318483 -0.018734 6.599887
0.330997 -0.018736 6.600379
0.343513 -0.018737 6.600871
0.356031 -0.018738 6.601363
0.368551 -0.018740 6.601855
-1.097583 -0.007570 8.000000
-1.082444 -0.007570 8.000000
-1.067305 -0.007570 8.000000
-1.052166 -0.007570 8.000000
-1.037027 -0.007570 8.000000
-1.021888 -0.007570 8.000000
-1.006749 -0.007570 8.000000
-0.991610 -0.007570 8.000000
-0.976471 -0.007570 8.000000
-0.961331 -0.007570 8.000000
-0.946192 -0.007570 8.000000
-0.931053 -0.007570 8.000000
-0.915914 -0.007570 8.000000
-0.900775 -0.007570 8.000000
-0.885636 -0.007570 8.000000
-0.870497 -0.007570 8.000000
-0.855358 -0.007570 8.000000
-0.840219 -0.007570 8.000000
-0.287267 -0.002635 2.785352
-0.279446 -0.002612 2.760162
-0.271765 -0.002588 2.735424
-0.265168 -0.002574 2.720846
-0.259520 -0.002570 2.715625
-0.253894 -0.002565 2.710424
-0.248289 -0.002560 2.705242
-0.242706 -0.002555 2.700080
-0.237144 -0.002550 2.694938
-0.231603 -0.002545 2.689816
-0.226083 -0.002540 2.684713
-0.220584 -0.002535 2.679629
-0.215105 -0.002531 2.674564
-0.209648 -0.002526 2.669519
-0.204211 -0.002521 2.664492
-0.199015 -0.002519 2.662435
-0.193892 -0.002518 2.661275
-0.188774 -0.002517 2.660117
-0.183660 -0.002516 2.658960
-0.178550 -0.002515 2.657804
-0.173445 -0.002514 2.656649
-0.168345 -0.002513 2.655494
-0.163249 -0.002512 2.654341
-0.158157 -0.002510 2.653189
-0.153070 -0.002509 2.652038
-0.147987 -0.002508 2.650887
-0.142908 -0.002507 2.649738
-0.137834 -0.002506 2.648590
-0.132764 -0.002505 2.647443
-0.127699 -0.002504 2.646297
-0.122638 -0.002503 2.645152
-0.117582 -0.002502 2.644007
-0.112618 -0.002503 2.644935
-0.107675 -0.002504 2.646470
-0.102727 -0.002506 2.648007
-0.097772 -0.002507 2.649546
-0.092812 -0.002508 2.651087
-0.087846 -0.002510 2.652629
-0.082875 -0.002511 2.654174
-0.077897 -0.002513 2.655720
-0.072914 -0.002514 2.657268
-0.067925 -0.002516 2.658817
-0.062931 -0.002517 2.660369
-0.057930 -0.002519 2.661922
-0.052923 -0.002520 2.663477
-0.047911 -0.002522 2.665034
-0.042893 -0.002523 2.666593
-0.037869 -0.002525 2.668153
-0.032839 -0.002526 2.669715
-0.027834 -0.002530 2.674284
-0.022820 -0.002536 2.679708
-0.017785 -0.002541 2.685155
-0.012729 -0.002546 2.690624
-0.007653 -0.002551 2.696115
-0.002556 -0.002556 2.701629
0.002561 -0.002561 2.707165
0.007700 -0.002567 2.712724
0.012860 -0.002572 2.718306
0.018041 -0.002577 2.723911
0.023244 -0.002583 2.729539
0.028468 -0.002588 2.735190
0.033942 -0.002611 2.759407
0.039514 -0.002634 2.784059
0.045186 -0.002658 2.809156
0.118509 -0.006237 6.592025
0.130994 -0.006238 6.592516
0.143480 -0.006238 6.593007
0.155968 -0.006239 6.593498
0.168458 -0.006239 6.593989
0.180950 -0.006240 6.594480
0.193443 -0.006240 6.594971
0.205939 -0.006241 6.595462
0.218436 -0.006241 6.595953
0.230936 -0.006242 6.596445
0.243437 -0.006242 6.596936
0.255940 -0.006242 6.597428
0.268445 -0.006243 6.597919
0.280951 -0.006243 6.598411
0.293460 -0.006244 6.598903
0.305971 -0.006244 6.599395
0.318483 -0.006245 6.599887
0.330997 -0.006245 6.600379
0.343513 -0.006246 6.600871
0.356031 -0.006246 6.601363
0.368551 -0.006247 6.601855
-1.097583 0.007570 8.000000
-1.082444 0.007570 8.000000
-1.067305 0.007570 8.000000
-1.052166 0.007570 8.000000
-1.037027 0.007570 8.000000
-1.021888 0.007570 8.000000
-1.006749 0.007570 8.000000
-0.991610 0.007570 8.000000
-0.976471 0.007570 8.000000
-0.961331 0.007570 8.000000
-0.946192 0.007570 8.000000
-0.931053 0.007570 8.000000
-0.915914 0.007570 8.000000
-0.900775 0.007570 8.000000
-0.885636 0.007570 8.000000
-0.870497 0.007570 8.000000
-0.855358 0.007570 8.000000
-0.294879 0.002657 2.807639
-0.286926 0.002632 2.782044
-0.279117 0.002609 2.756914
-0.271448 0.002585 2.732234
-0.265074 0.002574 2.719888
-0.259429 0.002569 2.714670
-0.253805 0.002564 2.709472
-0.248202 0.002559 2.704294
-0.242621 0.002554 2.699136
-0.237061 0.002549 2.693998
-0.231522 0.002544 2.688879
-0.226004 0.002539 2.683779
-0.220507 0.002535 2.678699
-0.215031 0.002530 2.673638
-0.209575 0.002525 2.668596
-0.204140 0.002520 2.663573
-0.198966 0.002519 2.661781
-0.193844 0.002517 2.660622
-0.188727 0.002516 2.659464
-0.183615 0.002515 2.658308
-0.178507 0.002514 2.657152
-0.173403 0.002513 2.655997
-0.168304 0.002512 2.654844
-0.163209 0.002511 2.653691
-0.158118 0.002510 2.652540
-0.153032 0.002509 2.651389
-0.147951 0.002508 2.650239
-0.142873 0.002507 2.649091
-0.137800 0.002505 2.647943
-0.132732 0.002504 2.646796
-0.127668 0.002503 2.645651
-0.122608 0.002502 2.644506
-0.117553 0.002501 2.643363
-0.112590 0.002502 2.644291
-0.107649 0.002503 2.645826
-0.102701 0.002505 2.647362
-0.097748 0.002506 2.648901
-0.092790 0.002508 2.650440
-0.087825 0.002509 2.651982
-0.082855 0.002511 2.653526
-0.077878 0.002512 2.655071
-0.072896 0.002514 2.656618
-0.067909 0.002515 2.658167
-0.062915 0.002517 2.659718
-0.057916 0.002518 2.661270
-0.052910 0.002520 2.662824
-0.047899 0.002521 2.664381
-0.042882 0.002522 2.665938
-0.037859 0.002524 2.667498
-0.032831 0.002525 2.669060
-0.027825 0.002530 2.673367
-0.022812 0.002535 2.678787
-0.017779 0.002540 2.684230
-0.012725 0.002545 2.689696
-0.007650 0.002550 2.695183
-0.002555 0.002555 2.700693
0.002561 0.002561 2.706225
0.007698 0.002566 2.711780
0.012856 0.002571 2.717358
0.018035 0.002576 2.722959
0.023236 0.002582 2.728583
0.028458 0.002587 2.734231
0.033904 0.002608 2.756293
0.039469 0.002631 2.780890
0.045134 0.002655 2.805929
0.118509 0.006237 6.592025
0.130994 0.006238 6.592516
0.143480 0.006238 6.593007
0.155968 0.006239 6.593498
0.168458 0.006239 6.593989
0.180950 0.006240 6.594480
0.193443 0.006240 6.594971
0.205939 0.006241 6.595462
0.218436 0.006241 6.595953
0.230936 0.006242 6.596445
0.243437 0.006242 6.596936
0.255940 0.006242 6.597428
0.268445 0.006243 6.597919
0.280951 0.006243 6.598411
0.293460 0.006244 6.598903
0.305971 0.006244 6.599395
0.318483 0.006245 6.599887
0.330997 0.006245 6.600379
0.343513 0.006246 6.600871
0.356031 0.006246 6.601363
0.368551 0.006247 6.601855
-1.097583 0.022709 8.000000
-1.082444 0.022709 8.000000
-1.067305 0.022709 8.000000
-1.052166 0.022709 8.000000
-1.037027 0.022709 8.000000
-1.021888 0.022709 8.000000
-1.006749 0.022709 8.000000
-0.991610 0.022709 8.000000
-0.976471 0.022709 8.000000
-0.961331 0.022709 8.000000
-0.946192 0.022709 8.000000
-0.931053 0.022709 8.000000
-0.915914 0.022709 8.000000
-0.900775 0.022709 8.000000
-0.885636 0.022709 8.000000
-0.870497 0.022709 8.000000
-0.855358 0.022709 8.000000
-0.294526 0.007960 2.804276
-0.286586 0.007888 2.778744
-0.278789 0.007817 2.753673
-0.271132 0.007747 2.729051
-0.264981 0.007718 2.718930
-0.259337 0.007703 2.713716
-0.253715 0.007688 2.708522
-0.248115 0.007674 2.703347
-0.242536 0.007659 2.698193
-0.236978 0.007644 2.693058
-0.231441 0.007630 2.687942
-0.225926 0.007615 2.682846
-0.220431 0.007601 2.677770
-0.214956 0.007587 2.672712
-0.209503 0.007572 2.667674
-0.204070 0.007558 2.662654
-0.198917 0.007554 2.661127
-0.193797 0.007551 2.659969
-0.188681 0.007547 2.658812
-0.183570 0.007544 2.657656
-0.178463 0.007541 2.656501
-0.173360 0.007537 2.655347
-0.168262 0.007534 2.654194
-0.163169 0.007531 2.653042
-0.158080 0.007528 2.651891
-0.152995 0.007524 2.650741
-0.147914 0.007521 2.649592
-0.142838 0.007518 2.648443
-0.137767 0.007515 2.647297
-0.132700 0.007511 2.646151
-0.127637 0.007508 2.645005
-0.122578 0.007505 2.643861
-0.117524 0.007502 2.642718
-0.112563 0.007504 2.643648
-0.107623 0.007509 2.645182
-0.102676 0.007513 2.646718
-0.097725 0.007517 2.648255
-0.092767 0.007522 2.649794
-0.087804 0.007526 2.651335
-0.082834 0.007530 2.652878
-0.077859 0.007535 2.654422
-0.072879 0.007539 2.655968
-0.067892 0.007544 2.657517
-0.062900 0.007548 2.659067
-0.057902 0.007552 2.660619
-0.052897 0.007557 2.662172
-0.047888 0.007561 2.663727
-0.042872 0.007566 2.665284
-0.037850 0.007570 2.666844
-0.032823 0.007574 2.668404
-0.027815 0.007586 2.672450
-0.022804 0.007601 2.677867
-0.017772 0.007617 2.683306
-0.012720 0.007632 2.688768
-0.007648 0.007648 2.694251
-0.002554 0.007663 2.699757
0.002560 0.007679 2.705286
0.007695 0.007695 2.710837
0.012851 0.007711 2.716411
0.018029 0.007727 2.722008
0.023228 0.007743 2.727628
0.028448 0.007759 2.733272
0.033866 0.007815 2.753186
0.039424 0.007885 2.777727
0.045082 0.007956 2.802710
0.118509 0.018712 6.592025
0.130994 0.018713 6.592516
0.143480 0.018715 6.593007
0.155968 0.018716 6.593498
0.168458 0.018718 6.593989
0.180950 0.018719 6.594480
0.193443 0.018720 6.594971
0.205939 0.018722 6.595462
0.218436 0.018723 6.595953
0.230936 0.018725 6.596445
0.243437 0.018726 6.596936
0.255940 0.018727 6.597428
0.268445 0.018729 6.597919
0.280951 0.018730 6.598411
0.293460 0.018731 6.598903
0.305971 0.018733 6.599395
0.318483 0.018734 6.599887
0.330997 0.018736 6.600379
0.343513 0.018737 6.600871
0.356031 0.018738 6.601363
0.368551 0.018740 6.601855
-1.097583 0.037848 8.000000
-1.082444 0.037848 8.000000
-1.067305 0.037848 8.000000
-1.052166 0.037848 8.000000
-1.037027 0.037848 8.000000
-1.021888 0.037848 8.000000
-1.006749 0.037848 8.000000
-0.991610 0.037848 8.000000
-0.976471 0.037848 8.000000
-0.961331 0.037848 8.000000
-0.946192 0.037848 8.000000
-0.931053 0.037848 8.000000
-0.915914 0.037848 8.000000
-0.900775 0.037848 8.000000
-0.885636 0.037848 8.000000
-0.870497 0.037848 8.000000
-0.855358 0.037848 8.000000
-0.294173 0.013251 2.800922
-0.286246 0.013131 2.775452
-0.278462 0.013012 2.750440
-0.270816 0.012896 2.725875
-0.264888 0.012859 2.717972
-0.259246 0.012834 2.712762
-0.253626 0.012809 2.707572
-0.248028 0.012785 2.702401
-0.242451 0.012761 2.697250
-0.236895 0.012736 2.692118
-0.231361 0.012712 2.687006
-0.225847 0.012688 2.681914
-0.220354 0.012664 2.676841
-0.214882 0.012640 2.671787
-0.209431 0.012616 2.666752
-0.204000 0.012593 2.661736
-0.198868 0.012587 2.660474
-0.193749 0.012581 2.659317
-0.188635 0.012576 2.658160
-0.183525 0.012570 2.657005
-0.178419 0.012565 2.655850
-0.173318 0.012559 2.654696
-0.168221 0.012554 2.653544
-0.163129 0.012548 2.652393
-0.158041 0.012543 2.651242
-0.152957 0.012537 2.650093
-0.147878 0.012532 2.648944
-0.142804 0.012527 2.647797
-0.137733 0.012521 2.646650
-0.132667 0.012516 2.645505
-0.127606 0.012510 2.644360
-0.122549 0.012505 2.643217
-0.117496 0.012500 2.642074
-0.112536 0.012504 2.643005
-0.107596 0.012511 2.644538
-0.102651 0.012518 2.646073
-0.097701 0.012526 2.647610
-0.092744 0.012533 2.649148
-0.087782 0.012540 2.650688
-0.082814 0.012548 2.652230
-0.077840 0.012555 2.653774
-0.072861 0.012562 2.655320
-0.067875 0.012570 2.656867
-0.062884 0.012577 2.658416
-0.057887 0.012584 2.659967
-0.052885 0.012592 2.661520
-0.047876 0.012599 2.663075
-0.042861 0.012606 2.664631
-0.037841 0.012614 2.666189
-0.032815 0.012621 2.667749
-0.027806 0.012639 2.671534
-0.022796 0.012665 2.676948
-0.017766 0.012690 2.682383
-0.012716 0.012716 2.687840
-0.007645 0.012742 2.693321
-0.002554 0.012768 2.698823
0.002559 0.012794 2.704347
0.007692 0.012820 2.709895
0.012847 0.012847 2.715465
0.018023 0.012873 2.721058
0.023220 0.012900 2.726674
0.028438 0.012926 2.732314
0.033827 0.013011 2.750086
0.039379 0.013126 2.774572
0.045031 0.013244 2.799498
0.118509 0.031187 6.592025
0.130994 0.031189 6.592516
0.143480 0.031191 6.593007
0.155968 0.031194 6.593498
0.168458 0.031196 6.593989
0.180950 0.031198 6.594480
0.193443 0.031201 6.594971
0.205939 0.031203 6.595462
0.218436 0.031205 6.595953
0.230936 0.031208 6.596445
0.243437 0.031210 6.596936
0.255940 0.031212 6.597428
0.268445 0.031215 6.597919
0.280951 0.031217 6.598411
0.293460 0.031219 6.598903
0.305971 0.031221 6.599395
0.318483 0.031224 6.599887
0.330997 0.031226 6.600379
0.343513 0.031228 6.600871
0.356031 0.031231 6.601363
0.368551 0.031233 6.601855
-1.097583 0.052987 8.000000
-1.082444 0.052987 8.000000
-1.067305 0.052987 8.000000
-1.052166 0.052987 8.000000
-1.037027 0.052987 8.000000
-1.021888 0.052987 8.000000
-1.006749 0.052987 8.000000
-0.991610 0.052987 8.000000
-0.976471 0.052987 8.000000
-0.961331 0.052987 8.000000
-0.946192 0.052987 8.000000
-0.931053 0.052987 8.000000
-0.915914 0.052987 8.000000
-0.900775 0.052987 8.000000
-0.885636 0.052987 8.000000
-0.870497 0.052987 8.000000
-0.855358 0.052987 8.000000
-0.293822 0.018529 2.797577
-0.285907 0.018361 2.772167
-0.278135 0.018196 2.747214
-0.270501 0.018033 2.722707
-0.264794 0.017996 2.717016
-0.259155 0.017961 2.711809
-0.253538 0.017927 2.706622
-0.247941 0.017893 2.701455
-0.242366 0.017859 2.696308
-0.236813 0.017825 2.691180
-0.231280 0.017791 2.686072
-0.225769 0.017757 2.680983
-0.220278 0.017723 2.675913
-0.214808 0.017690 2.670862
-0.209358 0.017657 2.665831
-0.203942 0.017625 2.660979
-0.198820 0.017617 2.659821
-0.193702 0.017609 2.658664
-0.188589 0.017602 2.657508
-0.183480 0.017594 2.656353
-0.178375 0.017586 2.655199
-0.173275 0.017579 2.654047
-0.168180 0.017571 2.652894
-0.163089 0.017563 2.651744
-0.158002 0.017556 2.650594
-0.152920 0.017548 2.649445
-0.147842 0.017541 2.648297
-0.142769 0.017533 2.647150
-0.137700 0.017525 2.646004
-0.132635 0.017518 2.644859
-0.127575 0.017510 2.643715
-0.122519 0.017503 2.642572
-0.117467 0.017495 2.641430
-0.112508 0.017501 2.642363
-0.107570 0.017511 2.643895
-0.102626 0.017522 2.645429
-0.097677 0.017532 2.646965
-0.092722 0.017542 2.648503
-0.087761 0.017552 2.650042
-0.082794 0.017562 2.651583
-0.077821 0.017573 2.653126
-0.072843 0.017583 2.654671
-0.067859 0.017593 2.656218
-0.062869 0.017603 2.657766
-0.057873 0.017614 2.659316
-0.052872 0.017624 2.660868
-0.047864 0.017634 2.662422
-0.042851 0.017644 2.663978
-0.037832 0.017655 2.665535
-0.032807 0.017665 2.667094
-0.027796 0.017688 2.670619
-0.022788 0.017724 2.676029
-0.017760 0.017760 2.681460
-0.012712 0.017796 2.686914
-0.007643 0.017833 2.692390
-0.002553 0.017869 2.697888
0.002558 0.017906 2.703409
0.007690 0.017942 2.708953
0.012842 0.017979 2.714519
0.018016 0.018016 2.720108
0.023212 0.018053 2.725721
0.028428 0.018091 2.731356
0.033789 0.018194 2.746994
0.039335 0.018356 2.771424
0.044979 0.018521 2.796293
0.050726 0.018689 2.821612
0.130994 0.043665 6.592516
0.143480 0.043668 6.593007
0.155968 0.043671 6.593498
0.168458 0.043674 6.593989
0.180950 0.043678 6.594480
0.193443 0.043681 6.594971
0.205939 0.043684 6.595462
0.218436 0.043687 6.595953
0.230936 0.043691 6.596445
0.243437 0.043694 6.596936
0.255940 0.043697 6.597428
0.268445 0.043700 6.597919
0.280951 0.043704 6.598411
0.293460 0.043707 6.598903
0.305971 0.043710 6.599395
0.318483 0.043713 6.599887
0.330997 0.043717 6.600379
0.343513 0.043720 6.600871
0.356031 0.043723 6.601363
0.368551 0.043726 6.601855
-1.097583 0.068126 8.000000
-1.082444 0.068126 8.000000
-1.067305 0.068126 8.000000
-1.052166 0.068126 8.000000
-1.037027 0.068126 8.000000
-1.021888 0.068126 8.000000
-1.006749 0.068126 8.000000
-0.991610 0.068126 8.000000
-0.976471 0.068126 8.000000
-0.961331 0.068126 8.000000
-0.946192 0.068126 8.000000
-0.931053 0.068126 8.000000
-0.915914 0.068126 8.000000
-0.900775 0.068126 8.000000
-0.885636 0.068126 8.000000
-0.870497 0.068126 8.000000
-0.855358 0.068126 8.000000
-0.293472 0.023795 2.794240
-0.285569 0.023579 2.768890
-0.277809 0.023367 2.743996
-0.270360 0.023174 2.721282
-0.264701 0.023129 2.716059
-0.259064 0.023085 2.710856
-0.253449 0.023041 2.705673
-0.247855 0.022997 2.700510
-0.242282 0.022953 2.695366
-0.236730 0.022909 2.690242
-0.231200 0.022866 2.685137
-0.225690 0.022823 2.680052
-0.220201 0.022779 2.674986
-0.214733 0.022736 2.669939
-0.209286 0.022694 2.664911
-0.203892 0.022655 2.660326
-0.198771 0.022645 2.659169
-0.193654 0.022635 2.658012
-0.188542 0.022625 2.656857
-0.183435 0.022615 2.655703
-0.178332 0.022605 2.654549
-0.173233 0.022596 2.653397
-0.168139 0.022586 2.652246
-0.163049 0.022576 2.651095
-0.157964 0.022566 2.649946
-0.152883 0.022556 2.648798
-0.147806 0.022547 2.647650
-0.142734 0.022537 2.646504
-0.137666 0.022527 2.645358
-0.132603 0.022517 2.644214
-0.127544 0.022508 2.643071
-0.122489 0.022498 2.641928
-0.117439 0.022488 2.640787
-0.112481 0.022496 2.641720
-0.107544 0.022509 2.643252
-0.102601 0.022522 2.644785
-0.097653 0.022535 2.646320
-0.092699 0.022548 2.647857
-0.087739 0.022562 2.649396
-0.082774 0.022575 2.650936
-0.077802 0.022588 2.652479
-0.072825 0.022601 2.654023
-0.067842 0.022614 2.655569
-0.062854 0.022627 2.657116
-0.057859 0.022640 2.658666
-0.052859 0.022654 2.660217
-0.047852 0.022667 2.661770
-0.042840 0.022680 2.663325
-0.037822 0.022693 2.664882
-0.032799 0.022707 2.666440
-0.027787 0.022734 2.669704
-0.022781 0.022781 2.675110
-0.017754 0.022827 2.680538
-0.012707 0.022873 2.685988
-0.007640 0.022920 2.691460
-0.002552 0.022967 2.696955
0.002557 0.023014 2.702472
0.007687 0.023061 2.708012
0.012838 0.023108 2.713574
0.018010 0.023156 2.719160
0.023203 0.023203 2.724768
0.028418 0.023251 2.730400
0.033751 0.023366 2.743908
0.039290 0.023574 2.768283
0.044928 0.023785 2.793095
0.050667 0.024000 2.818356
0.130994 0.056140 6.592516
0.143480 0.056144 6.593007
0.155968 0.056148 6.593498
0.168458 0.056153 6.593989
0.180950 0.056157 6.594480
0.193443 0.056161 6.594971
0.205939 0.056165 6.595462
0.218436 0.056169 6.595953
0.230936 0.056174 6.596445
0.243437 0.056178 6.596936
0.255940 0.056182 6.597428
0.268445 0.056186 6.597919
0.280951 0.056190 6.598411
0.293460 0.056194 6.598903
0.305971 0.056199 6.599395
0.318483 0.056203 6.599887
0.330997 0.056207 6.600379
0.343513 0.056211 6.600871
0.356031 0.056215 6.601363
0.368551 0.056220 6.601855
-1.097583 0.083265 8.000000
-1.082444 0.083265 8.000000
-1.067305 0.083265 8.000000
-1.052166 0.083265 8.000000
-1.037027 0.083265 8.000000
-1.021888 0.083265 8.000000
-1.006749 0.083265 8.000000
-0.991610 0.083265 8.000000
-0.976471 0.083265 8.000000
-0.961331 0.083265 8.000000
-0.946192 0.083265 8.000000
-0.931053 0.083265 8.000000
-0.915914 0.083265 8.000000
-0.900775 0.083265 8.000000
-0.885636 0.083265 8.000000
-0.870497 0.083265 8.000000
-0.855358 0.083265 8.000000
-0.293122 0.029048 2.790911
-0.285232 0.028785 2.765621
-0.277484 0.028526 2.740786
-0.270265 0.028313 2.720324
-0.264608 0.028259 2.715104
-0.258973 0.028205 2.709905
-0.253360 0.028151 2.704725
-0.247768 0.028097 2.699565
-0.242197 0.028044 2.694425
-0.236648 0.027991 2.689305
-0.231119 0.027938 2.684203
-0.225612 0.027885 2.679121
-0.220125 0.027832 2.674059
-0.214659 0.027779 2.669015
-0.209214 0.027727 2.663991
-0.203842 0.027682 2.659673
-0.198722 0.027670 2.658516
-0.193607 0.027658 2.657361
-0.188496 0.027646 2.656206
-0.183390 0.027634 2.655052
-0.178288 0.027622 2.653899
-0.173191 0.027610 2.652747
-0.168098 0.027598 2.651597
-0.163009 0.027586 2.650447
-0.157925 0.027574 2.649298
-0.152845 0.027562 2.648150
-0.147770 0.027550 2.647004
-0.142699 0.027538 2.645858
-0.137632 0.027526 2.644713
-0.132570 0.027515 2.643569
-0.127512 0.027503 2.642426
-0.122459 0.027491 2.641284
-0.117410 0.027479 2.640144
-0.112454 0.027489 2.641078
-0.107518 0.027505 2.642609
-0.102577 0.027521 2.644142
-0.097629 0.027537 2.645676
-0.092677 0.027552 2.647212
-0.087718 0.027569 2.648750
-0.082754 0.027585 2.650290
-0.077783 0.027601 2.651832
-0.072807 0.027617 2.653375
-0.067826 0.027633 2.654920
-0.062838 0.027649 2.656467
-0.057845 0.027665 2.658015
-0.052846 0.027681 2.659566
-0.047841 0.027697 2.661118
-0.042830 0.027713 2.662673
-0.037813 0.027730 2.664228
-0.032791 0.027746 2.665786
-0.027777 0.027777 2.668790
-0.022773 0.027833 2.674193
-0.017748 0.027890 2.679617
-0.012703 0.027946 2.685063
-0.007637 0.028003 2.690531
-0.002551 0.028061 2.696022
0.002556 0.028118 2.701535
0.007684 0.028176 2.707071
0.012833 0.028233 2.712630
0.018004 0.028291 2.718211
0.023195 0.028350 2.723816
0.028408 0.028408 2.729443
0.033714 0.028527 2.740829
0.039245 0.028780 2.765149
0.044876 0.029038 2.789905
0.050609 0.029300 2.815108
0.130994 0.068616 6.592516
0.143480 0.068621 6.593007
0.155968 0.068626 6.593498
0.168458 0.068631 6.593989
0.180950 0.068636 6.594480
0.193443 0.068641 6.594971
0.205939 0.068646 6.595462
0.218436 0.068651 6.595953
0.230936 0.068657 6.596445
0.243437 0.068662 6.596936
0.255940 0.068667 6.597428
0.268445 0.068672 6.597919
0.280951 0.068677 6.598411
0.293460 0.068682 6.598903
0.305971 0.068687 6.599395
0.318483 0.068692 6.599887
0.330997 0.068698 6.600379
0.343513 0.068703 6.600871
0.356031 0.068708 6.601363
0.368551 0.068713 6.601855
-1.097583 0.098404 8.000000
-1.082444 0.098404 8.000000
-1.067305 0.098404 8.000000
-1.052166 0.098404 8.000000
-1.037027 0.098404 8.000000
-1.021888 0.098404 8.000000
-1.006749 0.098404 8.000000
-0.991610 0.098404 8.000000
-0.976471 0.098404 8.000000
-0.961331 0.098404 8.000000
-0.946192 0.098404 8.000000
-0.931053 0.098404 8.000000
-0.915914 0.098404 8.000000
-0.900775 0.098404 8.000000
-0.885636 0.098404 8.000000
-0.870497 0.098404 8.000000
-0.855358 0.098404 8.000000
-0.292773 0.034289 2.787590
-0.284896 0.033978 2.762360
-0.277160 0.033674 2.737582
-0.270169 0.033450 2.719365
-0.264515 0.033385 2.714149
-0.258882 0.033321 2.708954
-0.253271 0.033258 2.703778
-0.247681 0.033194 2.698622
-0.242113 0.033131 2.693485
-0.236565 0.033068 2.688368
-0.231039 0.033006 2.683270
-0.225534 0.032943 2.678192
-0.220049 0.032881 2.673133
-0.214585 0.032819 2.668093
-0.209142 0.032757 2.663072
-0.203792 0.032707 2.659021
-0.198673 0.032693 2.657865
-0.193559 0.032679 2.656709
-0.188450 0.032665 2.655555
-0.183345 0.032650 2.654402
-0.178244 0.032636 2.653250
-0.173148 0.032622 2.652099
-0.168057 0.032608 2.650948
-0.162969 0.032594 2.649799
-0.157886 0.032580 2.648651
-0.152808 0.032566 2.647504
-0.147734 0.032552 2.646357
-0.142664 0.032537 2.645212
-0.137599 0.032523 2.644068
-0.132538 0.032509 2.642925
-0.127481 0.032495 2.641782
-0.122429 0.032481 2.640641
-0.117381 0.032467 2.639501
-0.112426 0.032479 2.640437
-0.107492 0.032498 2.641967
-0.102552 0.032516 2.643499
-0.097606 0.032535 2.645032
-0.092654 0.032554 2.646568
-0.087697 0.032573 2.648105
-0.082733 0.032592 2.649644
-0.077764 0.032611 2.651184
-0.072790 0.032630 2.652727
-0.067809 0.032649 2.654271
-0.062823 0.032668 2.655818
-0.057831 0.032687 2.657366
-0.052833 0.032706 2.658915
-0.047829 0.032725 2.660467
-0.042819 0.032744 2.662020
-0.037804 0.032763 2.663575
-0.032782 0.032782 2.665133
-0.027768 0.032816 2.667877
-0.022765 0.032883 2.673275
-0.017742 0.032949 2.678696
-0.012699 0.033016 2.684139
-0.007635 0.033083 2.689603
-0.002550 0.033151 2.695090
0.002555 0.033219 2.700599
0.007682 0.033287 2.706131
0.012829 0.033355 2.711686
0.017997 0.033424 2.717264
0.023187 0.033493 2.722864
0.028398 0.033562 2.728488
0.033676 0.033676 2.737757
0.039201 0.033974 2.762022
0.044825 0.034278 2.786722
0.050551 0.034587 2.811867
0.130994 0.081091 6.592516
0.143480 0.081097 6.593007
0.155968 0.081103 6.593498
0.168458 0.081109 6.593989
0.180950 0.081115 6.594480
0.193443 0.081121 6.594971
0.205939 0.081127 6.595462
0.218436 0.081134 6.595953
0.230936 0.081140 6.596445
0.243437 0.081146 6.596936
0.255940 0.081152 6.597428
0.268445 0.081158 6.597919
0.280951 0.081164 6.598411
0.293460 0.081170 6.598903
0.305971 0.081176 6.599395
0.318483 0.081182 6.599887
0.330997 0.081188 6.600379
0.343513 0.081194 6.600871
0.356031 0.081200 6.601363
0.368551 0.081206 6.601855
-1.097583 0.113543 8.000000
-1.082444 0.113543 8.000000
-1.067305 0.113543 8.000000
-1.052166 0.113543 8.000000
-1.037027 0.113543 8.000000
-1.021888 0.113543 8.000000
-1.006749 0.113543 8.000000
-0.991610 0.113543 8.000000
-0.976471 0.113543 8.000000
-0.961331 0.113543 8.000000
-0.946192 0.113543 8.000000
-0.931053 0.113543 8.000000
-0.915914 0.113543 8.000000
-0.900775 0.113543 8.000000
-0.885636 0.113543 8.000000
-0.870497 0.113543 8.000000
-0.855358 0.113543 8.000000
-0.292425 0.039517 2.784277
-0.284560 0.039160 2.759106
-0.276836 0.038809 2.734387
-0.270074 0.038582 2.718408
-0.264422 0.038508 2.713195
-0.258792 0.038434 2.708003
-0.253182 0.038361 2.702831
-0.247595 0.038288 2.697678
-0.242028 0.038215 2.692545
-0.236483 0.038142 2.687432
-0.230959 0.038070 2.682338
-0.225455 0.037998 2.677263
-0.219973 0.037926 2.672207
-0.214511 0.037855 2.667171
-0.209069 0.037784 2.662153
-0.203742 0.037730 2.658369
-0.198625 0.037714 2.657213
-0.193512 0.037697 2.656058
-0.188404 0.037681 2.654905
-0.183300 0.037664 2.653752
-0.178201 0.037648 2.652601
-0.173106 0.037632 2.651450
-0.168015 0.037615 2.650300
-0.162929 0.037599 2.649152
-0.157848 0.037583 2.648004
-0.152771 0.037567 2.646857
-0.147698 0.037550 2.645711
-0.142629 0.037534 2.644567
-0.137565 0.037518 2.643423
-0.132506 0.037502 2.642280
-0.127450 0.037485 2.641139
-0.122399 0.037469 2.639998
-0.117353 0.037453 2.638858
-0.112399 0.037466 2.639795
-0.107466 0.037488 2.641325
-0.102527 0.037510 2.642856
-0.097582 0.037532 2.644388
-0.092631 0.037553 2.645923
-0.087675 0.037575 2.647460
-0.082713 0.037597 2.648998
-0.077745 0.037619 2.650538
-0.072772 0.037641 2.652080
-0.067793 0.037663 2.653623
-0.062808 0.037685 2.655169
-0.057817 0.037706 2.656716
-0.052820 0.037728 2.658265
-0.047817 0.037750 2.659816
-0.042809 0.037772 2.661368
-0.037795 0.037795 2.662923
-0.032774 0.037817 2.664479
-0.027758 0.037852 2.666964
-0.022757 0.037928 2.672359
-0.017736 0.038005 2.677776
-0.012694 0.038083 2.683214
-0.007632 0.038160 2.688675
-0.002549 0.038238 2.694159
0.002554 0.038316 2.699664
0.007679 0.038394 2.705193
0.012824 0.038473 2.710743
0.017991 0.038552 2.716317
0.023179 0.038632 2.721914
0.028388 0.038712 2.727533
0.033638 0.038813 2.734692
0.039157 0.039157 2.758903
0.044774 0.039507 2.783546
0.050493 0.039863 2.808634
0.130994 0.093567 6.592516
0.143480 0.093574 6.593007
0.155968 0.093581 6.593498
0.168458 0.093588 6.593989
0.180950 0.093595 6.594480
0.193443 0.093602 6.594971
0.205939 0.093609 6.595462
0.218436 0.093616 6.595953
0.230936 0.093623 6.596445
0.243437 0.093630 6.596936
0.255940 0.093637 6.597428
0.268445 0.093644 6.597919
0.280951 0.093650 6.598411
0.293460 0.093657 6.598903
0.305971 0.093664 6.599395
0.318483 0.093671 6.599887
0.330997 0.093678 6.600379
0.343513 0.093685 6.600871
0.356031 0.093692 6.601363
0.368551 0.093699 6.601855
-1.097583 0.128682 8.000000
-1.082444 0.128682 8.000000
-1.067305 0.128682 8.000000
-1.052166 0.128682 8.000000
-1.037027 0.128682 8.000000
-1.021888 0.128682 8.000000
-1.006749 0.128682 8.000000
-0.991610 0.128682 8.000000
-0.976471 0.128682 8.000000
-0.961331 0.128682 8.000000
-0.946192 0.128682 8.000000
-0.931053 0.128682 8.000000
-0.915914 0.128682 8.000000
-0.900775 0.128682 8.000000
-0.885636 0.128682 8.000000
-0.870497 0.128682 8.000000
-0.300075 0.045144 2.806544
-0.292078 0.044733 2.780971
-0.284226 0.044329 2.755860
-0.276514 0.043932 2.731199
-0.269979 0.043711 2.717451
-0.264329 0.043627 2.712242
-0.258701 0.043544 2.707053
-0.253094 0.043461 2.701885
-0.247508 0.043378 2.696736
-0.241944 0.043295 2.691607
-0.236401 0.043213 2.686497
-0.230878 0.043131 2.681406
-0.225377 0.043050 2.676335
-0.219897 0.042968 2.671283
-0.214437 0.042887 2.666250
-0.208997 0.042807 2.661235
-0.203692 0.042750 2.657717
-0.198576 0.042732 2.656562
-0.193465 0.042713 2.655408
-0.188358 0.042694 2.654255
-0.183255 0.042676 2.653103
-0.178157 0.042657 2.651951
-0.173064 0.042639 2.650801
-0.167974 0.042620 2.649652
-0.162890 0.042602 2.648504
-0.157809 0.042583 2.647357
-0.152733 0.042565 2.646211
-0.147662 0.042547 2.645066
-0.142595 0.042528 2.643922
-0.137532 0.042510 2.642779
-0.132473 0.042491 2.641636
-0.127419 0.042473 2.640495
-0.122370 0.042455 2.639355
-0.117324 0.042436 2.638216
-0.112372 0.042452 2.639154
-0.107440 0.042476 2.640683
-0.102502 0.042501 2.642213
-0.097558 0.042525 2.643745
-0.092609 0.042550 2.645279
-0.087654 0.042575 2.646815
-0.082693 0.042599 2.648352
-0.077727 0.042624 2.649891
-0.072754 0.042649 2.651433
-0.067776 0.042674 2.652976
-0.062792 0.042699 2.654520
-0.057802 0.042724 2.656066
-0.052807 0.042748 2.657615
-0.047806 0.042773 2.659165
-0.042798 0.042798 2.660717
-0.037785 0.042823 2.662270
-0.032766 0.042848 2.663826
-0.027749 0.042884 2.666052
-0.022749 0.042971 2.671443
-0.017730 0.043058 2.676856
-0.012690 0.043145 2.682291
-0.007629 0.043233 2.687748
-0.002548 0.043321 2.693228
0.002554 0.043410 2.698730
0.007676 0.043499 2.704254
0.012820 0.043588 2.709801
0.017985 0.043677 2.715371
0.023171 0.043767 2.720963
0.028379 0.043858 2.726579
0.033608 0.043948 2.732218
0.039113 0.044328 2.755790
0.044723 0.044723 2.780378
0.050435 0.045126 2.805408
0.130994 0.106042 6.592516
0.143480 0.106050 6.593007
0.155968 0.106058 6.593498
0.168458 0.106066 6.593989
0.180950 0.106074 6.594480
0.193443 0.106082 6.594971
0.205939 0.106090 6.595462
0.218436 0.106098 6.595953
0.230936 0.106106 6.596445
0.243437 0.106114 6.596936
0.255940 0.106121 6.597428
0.268445 0.106129 6.597919
0.280951 0.106137 6.598411
0.293460 0.106145 6.598903
0.305971 0.106153 6.599395
0.318483 0.106161 6.599887
0.330997 0.106169 6.600379
0.343513 0.106177 6.600871
0.356031 0.106185 6.601363
0.368551 0.106193 6.601855
-1.097583 0.143821 8.000000
-1.082444 0.143821 8.000000
-1.067305 0.143821 8.000000
-1.052166 0.143821 8.000000
-1.037027 0.143821 8.000000
-1.021888 0.143821 8.000000
-1.006749 0.143821 8.000000
-0.991610 0.143821 8.000000
-0.976471 0.143821 8.000000
-0.961331 0.143821 8.000000
-0.946192 0.143821 8.000000
-0.931053 0.143821 8.000000
-0.915914 0.143821 8.000000
-0.900775 0.143821 8.000000
-0.885636 0.143821 8.000000
-0.870497 0.143821 8.000000
-0.299716 0.050395 2.803185
-0.291732 0.049936 2.777673
-0.283892 0.049486 2.752622
-0.276192 0.049043 2.728018
-0.269884 0.048836 2.716494
-0.264236 0.048743 2.711289
-0.258610 0.048649 2.706105
-0.253005 0.048557 2.700940
-0.247422 0.048464 2.695794
-0.241860 0.048372 2.690668
-0.236318 0.048280 2.685562
-0.230798 0.048189 2.680475
-0.225299 0.048098 2.675407
-0.219821 0.048007 2.670358
-0.214363 0.047916 2.665329
-0.208925 0.047826 2.660318
-0.203642 0.047768 2.657065
-0.198527 0.047747 2.655911
-0.193417 0.047726 2.654757
-0.188312 0.047706 2.653605
-0.183210 0.047685 2.652453
-0.178114 0.047664 2.651303
-0.173021 0.047644 2.650153
-0.167933 0.047623 2.649005
-0.162850 0.047602 2.647857
-0.157771 0.047582 2.646711
-0.152696 0.047561 2.645565
-0.147626 0.047540 2.644421
-0.142560 0.047520 2.643277
-0.137498 0.047499 2.642134
-0.132441 0.047479 2.640993
-0.127388 0.047458 2.639852
-0.122340 0.047438 2.638712
-0.117296 0.047417 2.637574
-0.112344 0.047434 2.638514
-0.107413 0.047462 2.640041
-0.102477 0.047489 2.641571
-0.097534 0.047517 2.643102
-0.092586 0.047544 2.644635
-0.087633 0.047572 2.646170
-0.082673 0.047600 2.647707
-0.077708 0.047627 2.649246
-0.072736 0.047655 2.650786
-0.067760 0.047683 2.652328
-0.062777 0.047710 2.653872
-0.057788 0.047738 2.655417
-0.052794 0.047766 2.656965
-0.047794 0.047794 2.658514
-0.042788 0.047822 2.660065
-0.037776 0.047850 2.661618
-0.032758 0.047878 2.663173
-0.027739 0.047913 2.665140
-0.022741 0.048010 2.670528
-0.017724 0.048107 2.675937
-0.012685 0.048205 2.681369
-0.007627 0.048303 2.686822
-0.002547 0.048401 2.692297
0.002553 0.048500 2.697795
0.007674 0.048599 2.703316
0.012816 0.048699 2.708859
0.017979 0.048799 2.714425
0.023163 0.048899 2.720014
0.028369 0.049000 2.725626
0.033596 0.049102 2.731261
0.039069 0.049487 2.752684
0.044672 0.049928 2.777217
0.050377 0.050377 2.802190
0.130994 0.118518 6.592516
0.143480 0.118527 6.593007
0.155968 0.118536 6.593498
0.168458 0.118544 6.593989
0.180950 0.118553 6.594480
0.193443 0.118562 6.594971
0.205939 0.118571 6.595462
0.218436 0.118580 6.595953
0.230936 0.118589 6.596445
0.243437 0.118597 6.596936
0.255940 0.118606 6.597428
0.268445 0.118615 6.597919
0.280951 0.118624 6.598411
0.293460 0.118633 6.598903
0.305971 0.118642 6.599395
0.318483 0.118650 6.599887
0.330997 0.118659 6.600379
0.343513 0.118668 6.600871
0.356031 0.118677 6.601363
0.368551 0.118686 6.601855
-1.035864 0.150022 7.550145
-1.021576 0.150022 7.550140
-1.007288 0.150022 7.550140
-0.993000 0.150022 7.550142
-0.978712 0.150022 7.550140
-0.964424 0.150022 7.550138
-0.950137 0.150022 7.550139
-0.935849 0.150022 7.550138
-0.921561 0.150022 7.550138
-0.907273 0.150022 7.550140
-0.892985 0.150022 7.550138
-0.878697 0.150021 7.550132
-0.864409 0.150021 7.550133
-0.850122 0.150021 7.550135
-0.835834 0.150021 7.550133
-0.821546 0.150021 7.550131
-0.299358 0.055633 2.799835
-0.291386 0.055127 2.774384
-0.283558 0.054631 2.749391
-0.275870 0.054143 2.724845
-0.269789 0.053958 2.715539
-0.264144 0.053855 2.710337
-0.258519 0.053752 2.705156
-0.252917 0.053649 2.699995
-0.247335 0.053547 2.694853
-0.241775 0.053445 2.689731
-0.236236 0.053344 2.684628
-0.230718 0.053243 2.679544
-0.225221 0.053142 2.674480
-0.219745 0.053042 2.669435
-0.214289 0.052942 2.664409
-0.208853 0.052842 2.659402
-0.203592 0.052783 2.656414
-0.198479 0.052760 2.655261
-0.193370 0.052737 2.654107
-0.188265 0.052714 2.652955
-0.183166 0.052691 2.651804
-0.178070 0.052669 2.650655
-0.172979 0.052646 2.649506
-0.167892 0.052623 2.648358
-0.162810 0.052600 2.647211
-0.157732 0.052577 2.646065
-0.152659 0.052555 2.644920
-0.147590 0.052532 2.643775
-0.142525 0.052509 2.642632
-0.137465 0.052487 2.641491
-0.132409 0.052464 2.640349
-0.127357 0.052441 2.639210
-0.122310 0.052419 2.638070
-0.117267 0.052396 2.636932
-0.112317 0.052415 2.637873
-0.107387 0.052445 2.639400
-0.102452 0.052475 2.640929
-0.097511 0.052506 2.642460
-0.092564 0.052536 2.643992
-0.087611 0.052567 2.645526
-0.082653 0.052597 2.647062
-0.077689 0.052628 2.648600
-0.072719 0.052658 2.650139
-0.067743 0.052689 2.651681
-0.062762 0.052720 2.653224
-0.057774 0.052750 2.654769
-0.052781 0.052781 2.656316
-0.047782 0.052812 2.657864
-0.042777 0.052843 2.659415
-0.037767 0.052874 2.660966
-0.032750 0.052904 2.662520
-0.027730 0.052938 2.664229
-0.022734 0.053045 2.669613
-0.017718 0.053153 2.675019
-0.012681 0.053261 2.680446
-0.007624 0.053369 2.685896
-0.002547 0.053478 2.691368
0.002552 0.053587 2.696862
0.007671 0.053696 2.702379
0.012811 0.053806 2.707918
0.017972 0.053917 2.713480
0.023155 0.054028 2.719065
0.028359 0.054139 2.724673
0.033584 0.054251 2.730304
0.039025 0.054634 2.749586
0.044622 0.055121 2.774063
0.050319 0.055616 2.798979
0.130994 0.130994 6.592516
0.143480 0.131003 6.593007
0.155968 0.131013 6.593498
0.168458 0.131023 6.593989
0.180950 0.131033 6.594480
0.193443 0.131042 6.594971
0.205939 0.131052 6.595462
0.218436 0.131062 6.595953
0.230936 0.131072 6.596445
0.243437 0.131081 6.596936
0.255940 0.131091 6.597428
0.268445 0.131101 6.597919
0.280951 0.131111 6.598411
0.293460 0.131120 6.598903
0.305971 0.131130 6.599395
0.318483 0.131140 6.599887
0.330997 0.131150 6.600379
0.343513 0.131160 6.600871
0.356031 0.131169 6.601363
0.368551 0.131179 6.601855
-0.945778 0.150020 6.893529
-0.932733 0.150020 6.893529
-0.919687 0.150020 6.893529
-0.906642 0.150020 6.893532
-0.893597 0.150020 6.893529
-0.880552 0.150020 6.893529
-0.867507 0.150020 6.893529
-0.854461 0.150020 6.893528
-0.841416 0.150020 6.893528
-0.828370 0.150020 6.893525
-0.815325 0.150020 6.893526
-0.802280 0.150020 6.893523
-0.789235 0.150020 6.893526
-0.776190 0.150020 6.893526
-0.763144 0.150020 6.893526
-0.750099 0.150020 6.893522
-0.298355 0.060727 2.790456
-0.290651 0.060225 2.767383
-0.283073 0.059731 2.744688
-0.275550 0.059230 2.721679
-0.269694 0.059076 2.714583
-0.264051 0.058963 2.709386
-0.258429 0.058850 2.704208
-0.252828 0.058738 2.699051
-0.247249 0.058626 2.693912
-0.241691 0.058515 2.688794
-0.236154 0.058404 2.683695
-0.230638 0.058293 2.678615
-0.225143 0.058183 2.673554
-0.219669 0.058073 2.668512
-0.214215 0.057964 2.663490
-0.208781 0.057855 2.658486
-0.203542 0.057796 2.655764
-0.198430 0.057771 2.654610
-0.193322 0.057746 2.653458
-0.188219 0.057721 2.652306
-0.183121 0.057696 2.651156
-0.178027 0.057671 2.650007
-0.172937 0.057646 2.648858
-0.167851 0.057621 2.647711
-0.162770 0.057596 2.646564
-0.157694 0.057571 2.645419
-0.152622 0.057546 2.644274
-0.147554 0.057521 2.643131
-0.142490 0.057496 2.641989
-0.137431 0.057471 2.640847
-0.132377 0.057446 2.639707
-0.127326 0.057422 2.638567
-0.122280 0.057397 2.637429
-0.117239 0.057372 2.636291
-0.112290 0.057393 2.637233
-0.107361 0.057426 2.638759
-0.102427 0.057459 2.640287
-0.097487 0.057492 2.641817
-0.092541 0.057526 2.643349
-0.087590 0.057559 2.644882
-0.082633 0.057592 2.646418
-0.077670 0.057626 2.647955
-0.072701 0.057659 2.649493
-0.067726 0.057693 2.651034
-0.062746 0.057726 2.652576
-0.057760 0.057760 2.654120
-0.052768 0.057794 2.655667
-0.047770 0.057827 2.657214
-0.042767 0.057861 2.658764
-0.037758 0.057895 2.660315
-0.032742 0.057929 2.661868
-0.027721 0.057963 2.663423
-0.022726 0.058077 2.668699
-0.017711 0.058195 2.674101
-0.012677 0.058313 2.679525
-0.007621 0.058431 2.684971
-0.002546 0.058550 2.690439
0.002551 0.058670 2.695930
0.007668 0.058790 2.701442
0.012807 0.058910 2.706978
0.017966 0.059031 2.712536
0.023147 0.059153 2.718117
0.028349 0.059275 2.723721
0.033572 0.059397 2.729348
0.038961 0.059740 2.745106
0.044516 0.060227 2.767492
0.050162 0.060723 2.790245
0.055902 0.061226 2.813376
0.143480 0.143480 6.593007
0.155968 0.143490 6.593498
0.168458 0.143501 6.593989
0.180950 0.143512 6.594480
0.193443 0.143523 6.594971
0.205939 0.143533 6.595462
0.218436 0.143544 6.595953
0.230936 0.143555 6.596445
0.243437 0.143565 6.596936
0.255940 0.143576 6.597428
0.268445 0.143587 6.597919
0.280951 0.143597 6.598411
0.293460 0.143608 6.598903
0.305971 0.143619 6.599395
0.318483 0.143630 6.599887
0.330997 0.143640 6.600379
0.343513 0.143651 6.600871
0.356031 0.143662 6.601363
0.368551 0.143672 6.601855
-0.870107 0.150018 6.341985
-0.858107 0.150019 6.341992
-0.846105 0.150019 6.341990
-0.834103 0.150019 6.341988
-0.822102 0.150019 6.341989
-0.810100 0.150019 6.341989
-0.798098 0.150018 6.341987
-0.786097 0.150019 6.341990
-0.774096 0.150019 6.341988
-0.762093 0.150018 6.341979
-0.750092 0.150018 6.341986
-0.738091 0.150018 6.341984
-0.726089 0.150018 6.341981
-0.714087 0.150018 6.341982
-0.702086 0.150018 6.341983
-0.303520 0.065983 2.789395
-0.295710 0.065423 2.765724
-0.288096 0.064886 2.743057
-0.280605 0.064359 2.720757
-0.274540 0.064145 2.711701
-0.268909 0.064026 2.706680
-0.263300 0.063908 2.701678
-0.257711 0.063790 2.696694
-0.252143 0.063672 2.691730
-0.246595 0.063555 2.686784
-0.241067 0.063439 2.681856
-0.235560 0.063323 2.676947
-0.230073 0.063207 2.672055
-0.224606 0.063092 2.667181
-0.219159 0.062977 2.662325
-0.213732 0.062862 2.657487
-0.208361 0.062759 2.653138
-0.203256 0.062733 2.652036
-0.198155 0.062707 2.650935
-0.193059 0.062681 2.649835
-0.187966 0.062655 2.648736
-0.182876 0.062629 2.647618
-0.177791 0.062602 2.646494
-0.172709 0.062576 2.645371
-0.167632 0.062549 2.644248
-0.162559 0.062523 2.643127
-0.157490 0.062496 2.642007
-0.152426 0.062470 2.640887
-0.147366 0.062443 2.639769
-0.142310 0.062417 2.638651
-0.137259 0.062390 2.637534
-0.132212 0.062364 2.636419
-0.127169 0.062338 2.635304
-0.122130 0.062311 2.634190
-0.117096 0.062285 2.633077
-0.112152 0.062306 2.633987
-0.107227 0.062341 2.635453
-0.102296 0.062376 2.636922
-0.097361 0.062411 2.638391
-0.092420 0.062446 2.639879
-0.087474 0.062481 2.641377
-0.082522 0.062517 2.642878
-0.077565 0.062552 2.644380
-0.072602 0.062588 2.645883
-0.067633 0.062623 2.647389
-0.062659 0.062659 2.648896
-0.057679 0.062695 2.650405
-0.052694 0.062731 2.651915
-0.047702 0.062766 2.653428
-0.042705 0.062802 2.654941
-0.037703 0.062838 2.656457
-0.032694 0.062874 2.657974
-0.027680 0.062910 2.659494
-0.022674 0.062982 2.662562
-0.017670 0.063106 2.667771
-0.012646 0.063229 2.673001
-0.007602 0.063354 2.678252
-0.002539 0.063478 2.683520
0.002544 0.063603 2.688807
0.007647 0.063729 2.694117
0.012771 0.063855 2.699446
0.017915 0.063981 2.704798
0.023079 0.064109 2.710170
0.028264 0.064236 2.715564
0.033469 0.064364 2.720979
0.038696 0.064493 2.726416
0.044143 0.064916 2.744319
0.049746 0.065455 2.767107
0.055435 0.065995 2.789898
0.061218 0.066542 2.813024
0.150017 0.150017 6.341943
0.162019 0.150017 6.341940
0.174020 0.150018 6.341947
0.186022 0.150017 6.341945
0.198023 0.150017 6.341939
0.210024 0.150017 6.341943
0.222026 0.150017 6.341945
0.234027 0.150017 6.341942
0.246028 0.150017 6.341939
0.258030 0.150017 6.341937
0.270031 0.150017 6.341935
0.282033 0.150017 6.341940
0.294034 0.150017 6.341938
0.306035 0.150017 6.341936
0.318037 0.150017 6.341937
0.330038 0.150017 6.341938
0.342039 0.150017 6.341935
0.354041 0.150017 6.341939
-0.805649 0.150017 5.872167
-0.794536 0.150017 5.872166
-0.783424 0.150017 5.872167
-0.772312 0.150017 5.872166
-0.761199 0.150017 5.872164
-0.750087 0.150017 5.872166
-0.364628 0.074022 2.897472
-0.359144 0.074022 2.897461
-0.353659 0.074022 2.897449
-0.348175 0.074021 2.897439
-0.342694 0.074022 2.897460
-0.337215 0.074023 2.897494
-0.331736 0.074024 2.897528
-0.326256 0.074025 2.897562
-0.308704 0.071239 2.788540
-0.300850 0.070634 2.764857
-0.293128 0.070040 2.741574
-0.285586 0.069467 2.719154
-0.279326 0.069191 2.708356
-0.273694 0.069063 2.703347
-0.268082 0.068935 2.698357
-0.262491 0.068808 2.693386
-0.256921 0.068682 2.688432
-0.251371 0.068556 2.683497
-0.245842 0.068430 2.678580
-0.240333 0.068305 2.673681
-0.234844 0.068180 2.668801
-0.229374 0.068056 2.663939
-0.223925 0.067932 2.659095
-0.218496 0.067809 2.654268
-0.213086 0.067686 2.649459
-0.207952 0.067647 2.647929
-0.202857 0.067619 2.646831
-0.197767 0.067591 2.645735
-0.192680 0.067563 2.644639
-0.187598 0.067535 2.643544
-0.182519 0.067507 2.642450
-0.177445 0.067479 2.641356
-0.172376 0.067451 2.640264
-0.167310 0.067423 2.639173
-0.162249 0.067396 2.638083
-0.157191 0.067368 2.636993
-0.152137 0.067339 2.635878
-0.147087 0.067311 2.634764
-0.142041 0.067282 2.633651
-0.136999 0.067254 2.632538
-0.131961 0.067226 2.631427
-0.126928 0.067197 2.630316
-0.121899 0.067169 2.629207
-0.116874 0.067141 2.628098
-0.111940 0.067164 2.629017
-0.107024 0.067201 2.630478
-0.102103 0.067239 2.631941
-0.097177 0.067276 2.633406
-0.092245 0.067314 2.634871
-0.087307 0.067351 2.636339
-0.082364 0.067389 2.637809
-0.077415 0.067426 2.639279
-0.072461 0.067464 2.640752
-0.067501 0.067501 2.642226
-0.062536 0.067539 2.643702
-0.057566 0.067577 2.645194
-0.052590 0.067616 2.646698
-0.047609 0.067654 2.648205
-0.042621 0.067693 2.649713
-0.037629 0.067731 2.651223
-0.032630 0.067770 2.652734
-0.027626 0.067809 2.654248
-0.022616 0.067847 2.655762
-0.017616 0.067949 2.659745
-0.012608 0.068082 2.664943
-0.007579 0.068215 2.670162
-0.002531 0.068349 2.675401
0.002536 0.068483 2.680661
0.007624 0.068618 2.685942
0.012732 0.068754 2.691243
0.017860 0.068890 2.696565
0.023009 0.069026 2.701909
0.028178 0.069163 2.707270
0.033367 0.069301 2.712652
0.038577 0.069439 2.718055
0.043808 0.069577 2.723481
0.049318 0.070083 2.743286
0.054962 0.070665 2.766057
0.060700 0.071256 2.789208
0.066533 0.071856 2.812671
0.074026 0.074026 2.897630
0.079511 0.074027 2.897663
0.084995 0.074028 2.897696
0.090480 0.074029 2.897723
0.095963 0.074029 2.897727
0.101447 0.074029 2.897732
0.106931 0.074029 2.897737
0.112415 0.074029 2.897741
0.238915 0.150016 5.872119
0.250027 0.150016 5.872123
0.261139 0.150016 5.872122
0.272252 0.150016 5.872120
0.283364 0.150016 5.872122
0.294476 0.150016 5.872120
0.305588 0.150016 5.872119
0.316701 0.150016 5.872120
0.327813 0.150016 5.872116
-0.750082 0.150016 5.467152
-0.739736 0.150016 5.467153
-0.359933 0.074029 2.697883
-0.354826 0.074028 2.697873
-0.349720 0.074028 2.697863
-0.344613 0.074028 2.697854
-0.339507 0.074028 2.697850
-0.334401 0.074028 2.697847
-0.329296 0.074028 2.697845
-0.324190 0.074028 2.697842
-0.319084 0.074028 2.697839
-0.313979 0.074027 2.697836
-0.308873 0.074027 2.697834
-0.303767 0.074027 2.697831
-0.298662 0.074027 2.697829
-0.293557 0.074027 2.697831
-0.288452 0.074027 2.697835
-0.283347 0.074028 2.697839
-0.278242 0.074028 2.697844
-0.272853 0.073951 2.695045
-0.267261 0.073815 2.690085
-0.261688 0.073679 2.685144
-0.256136 0.073544 2.680221
-0.250605 0.073410 2.675316
-0.245094 0.073275 2.670429
-0.239603 0.073142 2.665559
-0.234131 0.073009 2.660708
-0.228680 0.072876 2.655874
-0.223249 0.072744 2.651057
-0.217837 0.072612 2.646259
-0.212634 0.072546 2.643835
-0.207545 0.072516 2.642740
-0.202460 0.072486 2.641647
-0.197379 0.072456 2.640554
-0.192303 0.072426 2.639463
-0.187231 0.072396 2.638372
-0.182162 0.072366 2.637282
-0.177099 0.072336 2.636194
-0.172039 0.072306 2.635106
-0.166983 0.072276 2.634018
-0.161932 0.072247 2.632932
-0.156885 0.072217 2.631847
-0.151842 0.072187 2.630763
-0.146803 0.072157 2.629679
-0.141768 0.072128 2.628597
-0.136737 0.072098 2.627515
-0.131711 0.072068 2.626434
-0.126688 0.072038 2.625348
-0.121669 0.072008 2.624242
-0.116654 0.071978 2.623138
-0.111729 0.072003 2.624067
-0.106823 0.072043 2.625522
-0.101911 0.072083 2.626980
-0.096993 0.072123 2.628438
-0.092070 0.072163 2.629899
-0.087142 0.072203 2.631361
-0.082208 0.072244 2.632825
-0.077269 0.072284 2.634290
-0.072324 0.072324 2.635757
-0.067374 0.072364 2.637226
-0.062418 0.072405 2.638696
-0.057456 0.072445 2.640168
-0.052490 0.072486 2.641642
-0.047517 0.072526 2.643116
-0.042539 0.072567 2.644593
-0.037555 0.072607 2.646072
-0.032566 0.072648 2.647552
-0.027571 0.072688 2.649034
-0.022571 0.072729 2.650531
-0.017565 0.072771 2.652041
-0.012570 0.072905 2.656933
-0.007557 0.073047 2.662121
-0.002524 0.073190 2.667328
0.002529 0.073334 2.672556
0.007601 0.073478 2.677805
0.012694 0.073622 2.683074
0.017806 0.073768 2.688365
0.022939 0.073913 2.693676
0.028078 0.074023 2.697688
0.033183 0.074024 2.697708
0.038289 0.074025 2.697728
0.043394 0.074025 2.697748
0.048500 0.074026 2.697768
0.053605 0.074026 2.697783
0.058711 0.074026 2.697796
0.063816 0.074027 2.697809
0.068922 0.074027 2.697823
0.074027 0.074027 2.697836
0.079133 0.074028 2.697851
0.084239 0.074028 2.697870
0.089345 0.074029 2.697888
0.094451 0.074029 2.697906
0.099557 0.074030 2.697924
0.104664 0.074030 2.697942
0.109770 0.074031 2.697960
0.114876 0.074031 2.697969
0.119982 0.074031 2.697974
0.253474 0.150015 5.467114
0.263820 0.150015 5.467113
0.274166 0.150015 5.467117
0.284512 0.150015 5.467115
0.294857 0.150015 5.467110
0.305203 0.150015 5.467108
-0.701685 0.150015 5.114402
-0.356391 0.077260 2.633971
-0.350736 0.077112 2.628946
-0.345102 0.076965 2.623939
-0.339490 0.076819 2.618952
-0.333900 0.076673 2.613983
-0.328330 0.076528 2.609033
-0.322782 0.076383 2.604103
-0.317254 0.076239 2.599190
-0.311747 0.076096 2.594296
-0.306261 0.075953 2.589421
-0.300796 0.075810 2.584564
-0.295351 0.075668 2.579725
-0.289926 0.075527 2.574904
-0.284522 0.075386 2.570101
-0.279223 0.075269 2.566103
-0.274387 0.075274 2.566288
-0.269550 0.075280 2.566473
-0.264712 0.075285 2.566658
-0.259874 0.075291 2.566843
-0.255035 0.075296 2.567027
-0.250195 0.075301 2.567212
-0.245354 0.075307 2.567397
-0.240513 0.075312 2.567582
-0.235671 0.075318 2.567767
-0.230829 0.075323 2.567952
-0.225985 0.075328 2.568137
-0.221142 0.075334 2.568322
-0.216297 0.075339 2.568507
-0.211451 0.075345 2.568692
-0.206605 0.075350 2.568877
-0.201759 0.075356 2.569062
-0.196911 0.075361 2.569247
-0.192063 0.075366 2.569432
-0.187214 0.075372 2.569618
-0.182365 0.075377 2.569803
-0.177514 0.075383 2.569988
-0.172663 0.075388 2.570173
-0.167812 0.075394 2.570358
-0.162959 0.075399 2.570543
-0.158106 0.075405 2.570729
-0.153252 0.075410 2.570914
-0.148398 0.075415 2.571100
-0.143543 0.075421 2.571285
-0.138687 0.075426 2.571470
-0.133830 0.075432 2.571656
-0.128973 0.075437 2.571841
-0.124115 0.075443 2.572026
-0.119257 0.075448 2.572212
-0.114397 0.075453 2.572398
-0.109537 0.075459 2.572583
-0.104676 0.075464 2.572769
-0.099815 0.075470 2.572954
-0.094953 0.075475 2.573140
-0.090090 0.075481 2.573326
-0.085226 0.075486 2.573511
-0.080362 0.075492 2.573697
-0.075497 0.075497 2.573883
-0.070631 0.075502 2.574069
-0.065765 0.075508 2.574255
-0.060898 0.075513 2.574440
-0.056030 0.075519 2.574626
-0.051162 0.075524 2.574812
-0.046292 0.075530 2.574998
-0.041423 0.075535 2.575184
-0.036552 0.075541 2.575370
-0.031681 0.075546 2.575556
-0.026809 0.075552 2.575742
-0.021936 0.075557 2.575928
-0.017062 0.075562 2.576114
-0.012188 0.075568 2.576300
-0.007314 0.075573 2.576486
-0.002438 0.075579 2.576672
0.002438 0.075584 2.576859
0.007315 0.075590 2.577045
0.012193 0.075595 2.577231
0.017071 0.075601 2.577417
0.021950 0.075606 2.577604
0.026830 0.075612 2.577790
0.031710 0.075617 2.577976
0.036592 0.075623 2.578163
0.041473 0.075628 2.578349
0.046356 0.075634 2.578536
0.051239 0.075639 2.578722
0.056195 0.075742 2.582222
0.061205 0.075894 2.587417
0.066234 0.076047 2.592633
0.071284 0.076201 2.597869
0.076355 0.076355 2.603128
0.081446 0.076510 2.608408
0.086558 0.076665 2.613709
0.091690 0.076821 2.619032
0.096843 0.076978 2.624376
0.102018 0.077136 2.629743
0.107214 0.077294 2.635131
0.112431 0.077452 2.640542
0.117669 0.077612 2.645975
0.122929 0.077772 2.651430
0.128211 0.077932 2.656908
0.256476 0.150014 5.114368
0.266155 0.150014 5.114367
0.275833 0.150014 5.114366
0.285511 0.150014 5.114362
-0.361048 0.082170 2.631584
-0.355389 0.082013 2.626568
-0.349752 0.081857 2.621571
-0.344136 0.081701 2.616592
-0.338542 0.081547 2.611633
-0.332968 0.081392 2.606692
-0.327416 0.081239 2.601770
-0.321885 0.081085 2.596866
-0.316374 0.080933 2.591981
-0.310884 0.080781 2.587114
-0.305415 0.080630 2.582266
-0.299966 0.080479 2.577435
-0.294538 0.080328 2.572623
-0.289129 0.080179 2.567828
-0.283741 0.080030 2.563052
-0.278712 0.079978 2.561408
-0.273885 0.079984 2.561592
-0.269057 0.079990 2.561776
-0.264228 0.079996 2.561961
-0.259398 0.080001 2.562145
-0.254568 0.080007 2.562329
-0.249737 0.080013 2.562513
-0.244905 0.080019 2.562697
-0.240073 0.080024 2.562882
-0.235240 0.080030 2.563066
-0.230406 0.080036 2.563250
-0.225572 0.080042 2.563435
-0.220737 0.080047 2.563619
-0.215901 0.080053 2.563803
-0.211064 0.080059 2.563988
-0.206227 0.080065 2.564172
-0.201389 0.080070 2.564357
-0.196551 0.080076 2.564541
-0.191711 0.080082 2.564726
-0.186871 0.080088 2.564911
-0.182031 0.080093 2.565095
-0.177189 0.080099 2.565280
-0.172347 0.080105 2.565464
-0.167504 0.080111 2.565649
-0.162661 0.080116 2.565834
-0.157817 0.080122 2.566018
-0.152972 0.080128 2.566203
-0.148126 0.080134 2.566388
-0.143280 0.080140 2.566573
-0.138433 0.080145 2.566758
-0.133585 0.080151 2.566943
-0.128737 0.080157 2.567127
-0.123888 0.080163 2.567312
-0.119038 0.080168 2.567497
-0.114188 0.080174 2.567682
-0.109336 0.080180 2.567867
-0.104484 0.080186 2.568052
-0.099632 0.080192 2.568237
-0.094779 0.080197 2.568423
-0.089925 0.080203 2.568608
-0.085070 0.080209 2.568793
-0.080215 0.080215 2.568978
-0.075359 0.080220 2.569163
-0.070502 0.080226 2.569348
-0.065644 0.080232 2.569533
-0.060786 0.080238 2.569718
-0.055927 0.080244 2.569904
-0.051068 0.080249 2.570089
-0.046207 0.080255 2.570274
-0.041347 0.080261 2.570459
-0.036485 0.080267 2.570645
-0.031622 0.080272 2.570830
-0.026759 0.080278 2.571015
-0.021896 0.080284 2.571201
-0.017031 0.080290 2.571386
-0.012166 0.080296 2.571571
-0.007300 0.080301 2.571757
-0.002434 0.080307 2.571942
0.002434 0.080313 2.572128
0.007302 0.080319 2.572313
0.012170 0.080325 2.572499
0.017040 0.080330 2.572685
0.021910 0.080336 2.572870
0.026781 0.080342 2.573056
0.031652 0.080348 2.573241
0.036524 0.080354 2.573427
0.041397 0.080359 2.573613
0.046271 0.080365 2.573799
0.051145 0.080371 2.573984
0.056042 0.080408 2.575183
0.061038 0.080570 2.580350
0.066053 0.080732 2.585537
0.071089 0.080894 2.590745
0.076145 0.081058 2.595974
0.081222 0.081222 2.601224
0.086319 0.081386 2.606496
0.091436 0.081551 2.611789
0.096575 0.081717 2.617103
0.101735 0.081884 2.622439
0.106915 0.082051 2.627797
0.112117 0.082219 2.633177
0.117340 0.082388 2.638579
0.122585 0.082557 2.644003
0.127851 0.082727 2.649450
0.133139 0.082898 2.654920
0.250023 0.150014 4.804381
0.259114 0.150014 4.804378
0.268206 0.150014 4.804380
-0.360616 0.087045 2.628437
-0.354931 0.086871 2.623183
-0.349269 0.086698 2.617949
-0.343629 0.086525 2.612737
-0.338012 0.086353 2.607545
-0.332417 0.086182 2.602373
-0.326844 0.086012 2.597223
-0.321293 0.085842 2.592092
-0.315764 0.085672 2.586982
-0.310257 0.085504 2.581892
-0.304771 0.085336 2.576822
-0.299307 0.085169 2.571771
-0.293864 0.085002 2.566741
-0.288443 0.084836 2.561730
-0.283074 0.084680 2.557021
-0.278256 0.084686 2.557211
-0.273437 0.084693 2.557400
-0.268617 0.084699 2.557590
-0.263797 0.084705 2.557779
-0.258975 0.084712 2.557969
-0.254154 0.084718 2.558158
-0.249331 0.084724 2.558348
-0.244508 0.084730 2.558537
-0.239684 0.084737 2.558727
-0.234859 0.084743 2.558917
-0.230034 0.084749 2.559107
-0.225208 0.084756 2.559296
-0.220381 0.084762 2.559486
-0.215553 0.084768 2.559676
-0.210725 0.084774 2.559866
-0.205896 0.084781 2.560056
-0.201066 0.084787 2.560246
-0.196236 0.084793 2.560436
-0.191405 0.084800 2.560626
-0.186573 0.084806 2.560816
-0.181740 0.084812 2.561005
-0.176907 0.084818 2.561196
-0.172073 0.084825 2.561386
-0.167238 0.084831 2.561576
-0.162403 0.084837 2.561766
-0.157567 0.084844 2.561956
-0.152730 0.084850 2.562146
-0.147892 0.084856 2.562336
-0.143054 0.084863 2.562527
-0.138215 0.084869 2.562717
-0.133375 0.084875 2.562907
-0.128535 0.084881 2.563097
-0.123694 0.084888 2.563288
-0.118852 0.084894 2.563478
-0.114009 0.084900 2.563668
-0.109166 0.084907 2.563859
-0.104322 0.084913 2.564049
-0.099477 0.084919 2.564240
-0.094631 0.084926 2.564430
-0.089785 0.084932 2.564621
-0.084938 0.084938 2.564812
-0.080091 0.084944 2.565002
-0.075242 0.084951 2.565193
-0.070393 0.084957 2.565383
-0.065543 0.084963 2.565574
-0.060693 0.084970 2.565765
-0.055841 0.084976 2.565956
-0.050989 0.084982 2.566146
-0.046137 0.084989 2.566337
-0.041283 0.084995 2.566528
-0.036429 0.085001 2.566719
-0.031574 0.085008 2.566910
-0.026719 0.085014 2.567101
-0.021862 0.085020 2.567291
-0.017005 0.085027 2.567482
-0.012148 0.085033 2.567674
-0.007289 0.085039 2.567864
-0.002430 0.085046 2.568056
0.002430 0.085052 2.568247
0.007291 0.085058 2.568438
0.012152 0.085065 2.568629
0.017014 0.085071 2.568820
0.021877 0.085077 2.569011
0.026741 0.085084 2.569203
0.031605 0.085090 2.569394
0.036470 0.085096 2.569585
0.041336 0.085103 2.569777
0.046202 0.085109 2.569968
0.051069 0.085115 2.570159
0.055937 0.085122 2.570350
0.060908 0.085271 2.574876
0.065919 0.085451 2.580297
0.070952 0.085631 2.585741
0.076005 0.085812 2.591208
0.081080 0.085994 2.596698
0.086177 0.086177 2.602212
0.091295 0.086360 2.607749
0.096435 0.086544 2.613309
0.101597 0.086729 2.618894
0.106781 0.086915 2.624502
0.111988 0.087101 2.630134
0.117216 0.087289 2.635791
0.122468 0.087477 2.641472
0.127742 0.087666 2.647177
0.133039 0.087856 2.652907
0.235735 0.150013 4.529826
0.244307 0.150013 4.529823
0.252879 0.150013 4.529826
-0.360616 0.092019 2.628437
-0.354931 0.091835 2.623183
-0.349269 0.091652 2.617949
-0.343629 0.091470 2.612737
-0.338012 0.091288 2.607545
-0.332417 0.091107 2.602373
-0.326844 0.090926 2.597223
-0.321293 0.090747 2.592092
-0.315764 0.090568 2.586982
-0.310257 0.090390 2.581892
-0.304771 0.090212 2.576822
-0.299307 0.090035 2.571771
-0.293864 0.089859 2.566741
-0.288443 0.089684 2.561730
-0.283074 0.089519 2.557021
-0.278256 0.089526 2.557211
-0.273437 0.089532 2.557400
-0.268617 0.089539 2.557590
-0.263796 0.089546 2.557779
-0.258975 0.089552 2.557969
-0.254154 0.089559 2.558158
-0.249331 0.089566 2.558348
-0.244508 0.089572 2.558538
-0.239684 0.089579 2.558727
-0.234859 0.089585 2.558917
-0.230034 0.089592 2.559107
-0.225208 0.089599 2.559296
-0.220381 0.089605 2.559486
-0.215553 0.089612 2.559676
-0.210725 0.089619 2.559866
-0.205896 0.089625 2.560056
-0.201066 0.089632 2.560246
-0.196236 0.089639 2.560436
-0.191405 0.089645 2.560626
-0.186573 0.089652 2.560815
-0.181740 0.089659 2.561005
-0.176907 0.089665 2.561196
-0.172073 0.089672 2.561386
-0.167238 0.089679 2.561576
-0.162403 0.089685 2.561766
-0.157567 0.089692 2.561956
-0.152730 0.089698 2.562146
-0.147892 0.089705 2.562336
-0.143054 0.089712 2.562526
-0.138215 0.089718 2.562717
-0.133375 0.089725 2.562907
-0.128535 0.089732 2.563097
-0.123694 0.089738 2.563288
-0.118852 0.089745 2.563478
-0.114009 0.089752 2.563669
-0.109166 0.089758 2.563859
-0.104322 0.089765 2.564049
-0.099477 0.089772 2.564240
-0.094631 0.089778 2.564430
-0.089785 0.089785 2.564621
-0.084938 0.089792 2.564812
-0.080091 0.089798 2.565002
-0.075242 0.089805 2.565193
-0.070393 0.089812 2.565383
-0.065543 0.089818 2.565574
-0.060693 0.089825 2.565765
-0.055841 0.089832 2.565956
-0.050989 0.089839 2.566146
-0.046137 0.089845 2.566337
-0.041283 0.089852 2.566528
-0.036429 0.089859 2.566719
-0.031574 0.089865 2.566910
-0.026719 0.089872 2.567101
-0.021862 0.089879 2.567291
-0.017005 0.089885 2.567483
-0.012148 0.089892 2.567673
-0.007289 0.089899 2.567864
-0.002430 0.089905 2.568056
0.002430 0.089912 2.568247
0.007291 0.089919 2.568438
0.012152 0.089925 2.568629
0.017014 0.089932 2.568820
0.021877 0.089939 2.569011
0.026741 0.089946 2.569203
0.031605 0.089952 2.569394
0.036470 0.089959 2.569585
0.041336 0.089966 2.569776
0.046202 0.089972 2.569968
0.051069 0.089979 2.570159
0.055937 0.089986 2.570350
0.060908 0.090144 2.574876
0.065919 0.090334 2.580297
0.070952 0.090525 2.585741
0.076005 0.090716 2.591208
0.081080 0.090908 2.596698
0.086177 0.091101 2.602212
0.091295 0.091295 2.607749
0.096435 0.091490 2.613309
0.101597 0.091685 2.618894
0.106781 0.091881 2.624502
0.111988 0.092079 2.630134
0.117216 0.092277 2.635791
0.122468 0.092476 2.641472
0.127742 0.092675 2.647177
0.133039 0.092876 2.652907
0.222991 0.150012 4.284951
0.231100 0.150012 4.284954
0.239209 0.150012 4.284954
-0.360616 0.096993 2.628437
-0.354931 0.096799 2.623183
-0.349269 0.096606 2.617949
-0.343629 0.096414 2.612737
-0.338012 0.096222 2.607545
-0.332417 0.096031 2.602373
-0.326844 0.095841 2.597223
-0.321293 0.095652 2.592092
-0.315764 0.095464 2.586982
-0.310257 0.095276 2.581892
-0.304771 0.095089 2.576822
-0.299307 0.094902 2.571771
-0.293864 0.094717 2.566741
-0.288443 0.094532 2.561730
-0.283074 0.094358 2.557021
-0.278256 0.094365 2.557211
-0.273437 0.094372 2.557400
-0.268617 0.094379 2.557590
-0.263796 0.094386 2.557779
-0.258975 0.094393 2.557969
-0.254154 0.094400 2.558158
-0.249331 0.094407 2.558348
-0.244508 0.094414 2.558538
-0.239684 0.094421 2.558727
-0.234859 0.094428 2.558917
-0.230034 0.094435 2.559107
-0.225208 0.094442 2.559296
-0.220381 0.094449 2.559486
-0.215553 0.094456 2.559676
-0.210725 0.094463 2.559866
-0.205896 0.094470 2.560056
-0.201066 0.094477 2.560246
-0.196236 0.094484 2.560436
-0.191405 0.094491 2.560625
-0.186573 0.094498 2.560816
-0.181740 0.094505 2.561006
-0.176907 0.094512 2.561196
-0.172073 0.094519 2.561386
-0.167238 0.094526 2.561576
-0.162403 0.094533 2.561766
-0.157567 0.094540 2.561956
-0.152730 0.094547 2.562146
-0.147892 0.094554 2.562336
-0.143054 0.094561 2.562526
-0.138215 0.094568 2.562717
-0.133375 0.094575 2.562907
-0.128535 0.094582 2.563097
-0.123694 0.094589 2.563288
-0.118852 0.094596 2.563478
-0.114009 0.094603 2.563668
-0.109166 0.094610 2.563859
-0.104322 0.094617 2.564049
-0.099477 0.094624 2.564240
-0.094631 0.094631 2.564430
-0.089785 0.094638 2.564621
-0.084938 0.094645 2.564812
-0.080091 0.094652 2.565002
-0.075242 0.094659 2.565193
-0.070393 0.094667 2.565383
-0.065543 0.094674 2.565574
-0.060693 0.094681 2.565765
-0.055841 0.094688 2.565956
-0.050989 0.094695 2.566146
-0.046137 0.094702 2.566337
-0.041283 0.094709 2.566528
-0.036429 0.094716 2.566719
-0.031574 0.094723 2.566910
-0.026719 0.094730 2.567101
-0.021862 0.094737 2.567291
-0.017005 0.094744 2.567482
-0.012148 0.094751 2.567673
-0.007289 0.094758 2.567864
-0.002430 0.094765 2.568055
0.002430 0.094772 2.568247
0.007291 0.094779 2.568438
0.012152 0.094786 2.568629
0.017014 0.094793 2.568820
0.021877 0.094800 2.569011
0.026741 0.094807 2.569202
0.031605 0.094814 2.569394
0.036470 0.094822 2.569585
0.041336 0.094829 2.569776
0.046202 0.094836 2.569968
0.051069 0.094843 2.570159
0.055937 0.094850 2.570350
0.060908 0.095017 2.574876
0.065919 0.095217 2.580297
0.070952 0.095418 2.585741
0.076005 0.095619 2.591208
0.081080 0.095822 2.596698
0.086177 0.096026 2.602212
0.091295 0.096230 2.607749
0.096435 0.096435 2.613309
0.101597 0.096641 2.618894
0.106781 0.096848 2.624502
0.111988 0.097056 2.630134
0.117216 0.097265 2.635791
0.122468 0.097474 2.641472
0.127742 0.097685 2.647177
0.133039 0.097896 2.652907
0.211555 0.150012 4.065192
0.219248 0.150012 4.065200
0.226941 0.150012 4.065195
-0.360616 0.101967 2.628437
-0.354931 0.101763 2.623183
-0.349269 0.101560 2.617949
-0.343629 0.101358 2.612737
-0.338012 0.101157 2.607545
-0.332417 0.100956 2.602373
-0.326844 0.100756 2.597223
-0.321293 0.100557 2.592092
-0.315764 0.100359 2.586982
-0.310257 0.100162 2.581892
-0.304771 0.099965 2.576822
-0.299307 0.099769 2.571771
-0.293864 0.099574 2.566741
-0.288443 0.099379 2.561730
-0.283074 0.099197 2.557021
-0.278256 0.099204 2.557211
-0.273437 0.099211 2.557400
-0.268617 0.099219 2.557590
-0.263797 0.099226 2.557779
-0.258975 0.099234 2.557969
-0.254154 0.099241 2.558158
-0.249331 0.099248 2.558348
-0.244508 0.099256 2.558538
-0.239684 0.099263 2.558727
-0.234859 0.099270 2.558917
-0.230034 0.099278 2.559107
-0.225208 0.099285 2.559296
-0.220381 0.099292 2.559486
-0.215553 0.099300 2.559676
-0.210725 0.099307 2.559866
-0.205896 0.099315 2.560056
-0.201066 0.099322 2.560246
-0.196236 0.099329 2.560436
-0.191405 0.099337 2.560626
-0.186573 0.099344 2.560816
-0.181740 0.099351 2.561006
-0.176907 0.099359 2.561195
-0.172073 0.099366 2.561385
-0.167238 0.099373 2.561576
-0.162403 0.099381 2.561766
-0.157567 0.099388 2.561956
-0.152730 0.099396 2.562146
-0.147892 0.099403 2.562336
-0.143054 0.099410 2.562527
-0.138215 0.099418 2.562717
-0.133375 0.099425 2.562907
-0.128535 0.099433 2.563097
-0.123694 0.099440 2.563288
-0.118852 0.099447 2.563478
-0.114009 0.099455 2.563668
-0.109166 0.099462 2.563859
-0.104322 0.099469 2.564049
-0.099477 0.099477 2.564240
-0.094631 0.099484 2.564430
-0.089785 0.099492 2.564621
-0.084938 0.099499 2.564812
-0.080091 0.099506 2.565002
-0.075242 0.099514 2.565193
-0.070393 0.099521 2.565383
-0.065543 0.099529 2.565574
-0.060693 0.099536 2.565765
-0.055841 0.099543 2.565956
-0.050989 0.099551 2.566146
-0.046137 0.099558 2.566337
-0.041283 0.099566 2.566528
-0.036429 0.099573 2.566719
-0.031574 0.099580 2.566910
-0.026719 0.099588 2.567101
-0.021862 0.099595 2.567291
-0.017005 0.099603 2.567482
-0.012148 0.099610 2.567673
-0.007289 0.099617 2.567864
-0.002430 0.099625 2.568056
0.002430 0.099632 2.568247
0.007291 0.099640 2.568438
0.012152 0.099647 2.568629
0.017014 0.099655 2.568820
0.021877 0.099662 2.569011
0.026741 0.099669 2.569202
0.031605 0.099677 2.569394
0.036470 0.099684 2.569585
0.041336 0.099692 2.569776
0.046202 0.099699 2.569968
0.051069 0.099706 2.570159
0.055937 0.099714 2.570350
0.060908 0.099889 2.574876
0.065919 0.100100 2.580297
0.070952 0.100311 2.585741
0.076005 0.100523 2.591208
0.081080 0.100736 2.596698
0.086177 0.100950 2.602212
0.091295 0.101165 2.607749
0.096435 0.101380 2.613309
0.101597 0.101597 2.618894
0.106781 0.101815 2.624502
0.111988 0.102033 2.630134
0.117216 0.102253 2.635791
0.122468 0.102473 2.641472
0.127742 0.102694 2.647177
0.133039 0.102917 2.652907
0.201235 0.150011 3.866883
0.208553 0.150011 3.866885
0.215870 0.150011 3.866883
-0.360616 0.106941 2.628437
-0.354931 0.106728 2.623183
-0.349269 0.106515 2.617949
-0.343629 0.106303 2.612737
-0.338012 0.106091 2.607545
-0.332417 0.105881 2.602373
-0.326844 0.105671 2.597223
-0.321293 0.105463 2.592092
-0.315764 0.105255 2.586982
-0.310257 0.105048 2.581892
-0.304771 0.104841 2.576822
-0.299307 0.104636 2.571771
-0.293864 0.104431 2.566741
-0.288443 0.104227 2.561730
-0.283074 0.104036 2.557021
-0.278256 0.104043 2.557211
-0.273437 0.104051 2.557400
-0.268617 0.104059 2.557590
-0.263796 0.104066 2.557779
-0.258975 0.104074 2.557969
-0.254154 0.104082 2.558158
-0.249331 0.104090 2.558348
-0.244508 0.104097 2.558538
-0.239684 0.104105 2.558727
-0.234859 0.104113 2.558917
-0.230034 0.104121 2.559107
-0.225208 0.104128 2.559296
-0.220381 0.104136 2.559486
-0.215553 0.104144 2.559676
-0.210725 0.104151 2.559866
-0.205896 0.104159 2.560056
-0.201066 0.104167 2.560246
-0.196236 0.104175 2.560436
-0.191405 0.104182 2.560626
-0.186573 0.104190 2.560815
-0.181740 0.104198 2.561006
-0.176907 0.104205 2.561195
-0.172073 0.104213 2.561386
-0.167238 0.104221 2.561576
-0.162403 0.104229 2.561766
-0.157567 0.104236 2.561956
-0.152730 0.104244 2.562146
-0.147892 0.104252 2.562336
-0.143054 0.104260 2.562526
-0.138215 0.104267 2.562717
-0.133375 0.104275 2.562907
-0.128535 0.104283 2.563097
-0.123694 0.104291 2.563288
-0.118852 0.104298 2.563478
-0.114009 0.104306 2.563668
-0.109166 0.104314 2.563859
-0.104322 0.104322 2.564049
-0.099477 0.104329 2.564240
-0.094631 0.104337 2.564430
-0.089785 0.104345 2.564621
-0.084938 0.104353 2.564812
-0.080091 0.104360 2.565002
-0.075242 0.104368 2.565193
-0.070393 0.104376 2.565383
-0.065543 0.104384 2.565574
-0.060693 0.104391 2.565765
-0.055841 0.104399 2.565955
-0.050989 0.104407 2.566146
-0.046137 0.104415 2.566337
-0.041283 0.104422 2.566528
-0.036429 0.104430 2.566719
-0.031574 0.104438 2.566910
-0.026719 0.104446 2.567101
-0.021862 0.104454 2.567291
-0.017005 0.104461 2.567482
-0.012148 0.104469 2.567673
-0.007289 0.104477 2.567864
-0.002430 0.104485 2.568056
0.002430 0.104492 2.568247
0.007291 0.104500 2.568438
0.012152 0.104508 2.568629
0.017014 0.104516 2.568820
0.021877 0.104523 2.569011
0.026741 0.104531 2.569202
0.031605 0.104539 2.569394
0.036470 0.104547 2.569585
0.041336 0.104555 2.569776
0.046202 0.104562 2.569968
0.051069 0.104570 2.570159
0.055937 0.104578 2.570350
0.060908 0.104762 2.574876
0.065919 0.104983 2.580297
0.070952 0.105204 2.585741
0.076005 0.105427 2.591208
0.081080 0.105650 2.596698
0.086177 0.105874 2.602212
0.091295 0.106100 2.607749
0.096435 0.106326 2.613309
0.101597 0.106553 2.618894
0.106781 0.106781 2.624502
0.111988 0.107010 2.630134
0.117216 0.107241 2.635791
0.122468 0.107472 2.641472
0.127742 0.107704 2.647177
0.133039 0.107937 2.652907
0.191875 0.150011 3.687021
0.198852 0.150011 3.687021
0.205829 0.150011 3.687017
-0.360616 0.111915 2.628437
-0.354931 0.111692 2.623183
-0.349269 0.111469 2.617949
-0.343629 0.111247 2.612737
-0.338012 0.111026 2.607545
-0.332417 0.110806 2.602373
-0.326844 0.110586 2.597223
-0.321293 0.110368 2.592092
-0.315764 0.110150 2.586982
-0.310257 0.109933 2.581892
-0.304771 0.109718 2.576822
-0.299307 0.109503 2.571771
-0.293864 0.109288 2.566741
-0.288443 0.109075 2.561730
-0.283074 0.108875 2.557021
-0.278256 0.108883 2.557211
-0.273437 0.108891 2.557400
-0.268617 0.108899 2.557590
-0.263796 0.108907 2.557779
-0.258975 0.108915 2.557969
-0.254154 0.108923 2.558158
-0.249331 0.108931 2.558348
-0.244508 0.108939 2.558537
-0.239684 0.108947 2.558727
-0.234859 0.108955 2.558917
-0.230034 0.108963 2.559107
-0.225208 0.108971 2.559297
-0.220381 0.108979 2.559486
-0.215553 0.108988 2.559676
-0.210725 0.108996 2.559866
-0.205896 0.109004 2.560056
-0.201066 0.109012 2.560246
-0.196236 0.109020 2.560436
-0.191405 0.109028 2.560626
-0.186573 0.109036 2.560816
-0.181740 0.109044 2.561005
-0.176907 0.109052 2.561195
-0.172073 0.109060 2.561385
-0.167238 0.109068 2.561576
-0.162403 0.109077 2.561766
-0.157567 0.109085 2.561956
-0.152730 0.109093 2.562146
-0.147892 0.109101 2.562336
-0.143054 0.109109 2.562526
-0.138215 0.109117 2.562717
-0.133375 0.109125 2.562907
-0.128535 0.109133 2.563097
-0.123694 0.109141 2.563288
-0.118852 0.109149 2.563478
-0.114009 0.109158 2.563668
-0.109166 0.109166 2.563859
-0.104322 0.109174 2.564049
-0.099477 0.109182 2.564240
-0.094631 0.109190 2.564430
-0.089785 0.109198 2.564621
-0.084938 0.109206 2.564812
-0.080091 0.109214 2.565002
-0.075242 0.109222 2.565193
-0.070393 0.109231 2.565383
-0.065543 0.109239 2.565574
-0.060693 0.109247 2.565765
-0.055841 0.109255 2.565956
-0.050989 0.109263 2.566146
-0.046137 0.109271 2.566337
-0.041283 0.109279 2.566528
-0.036429 0.109287 2.566719
-0.031574 0.109296 2.566910
-0.026719 0.109304 2.567101
-0.021862 0.109312 2.567291
-0.017005 0.109320 2.567482
-0.012148 0.109328 2.567673
-0.007289 0.109336 2.567864
-0.002430 0.109344 2.568056
0.002430 0.109352 2.568247
0.007291 0.109361 2.568438
0.012152 0.109369 2.568629
0.017014 0.109377 2.568820
0.021877 0.109385 2.569011
0.026741 0.109393 2.569202
0.031605 0.109401 2.569394
0.036470 0.109409 2.569585
0.041336 0.109418 2.569776
0.046202 0.109426 2.569968
0.051069 0.109434 2.570159
0.055937 0.109442 2.570350
0.060908 0.109635 2.574876
0.065919 0.109866 2.580297
0.070952 0.110097 2.585741
0.076005 0.110330 2.591208
0.081080 0.110564 2.596698
0.086177 0.110799 2.602212
0.091295 0.111034 2.607749
0.096435 0.111271 2.613309
0.101597 0.111509 2.618894
0.106781 0.111748 2.624502
0.111988 0.111988 2.630134
0.117216 0.112228 2.635791
0.122468 0.112470 2.641472
0.127742 0.112713 2.647177
0.133039 0.112957 2.652907
0.183346 0.150011 3.523141
0.190014 0.150011 3.523144
0.196680 0.150010 3.523137
-0.360616 0.116889 2.628437
-0.354931 0.116656 2.623183
-0.349269 0.116423 2.617949
-0.343629 0.116191 2.612737
-0.338012 0.115960 2.607545
-0.332417 0.115730 2.602373
-0.326844 0.115501 2.597223
-0.321293 0.115273 2.592092
-0.315764 0.115046 2.586982
-0.310257 0.114819 2.581892
-0.304771 0.114594 2.576822
-0.299307 0.114369 2.571771
-0.293864 0.114146 2.566741
-0.288443 0.113923 2.561730
-0.283074 0.113713 2.557021
-0.278256 0.113722 2.557211
-0.273437 0.113730 2.557400
-0.268617 0.113739 2.557590
-0.263797 0.113747 2.557779
-0.258975 0.113756 2.557969
-0.254154 0.113764 2.558158
-0.249331 0.113772 2.558348
-0.244508 0.113781 2.558537
-0.239684 0.113789 2.558727
-0.234859 0.113798 2.558917
-0.230034 0.113806 2.559107
-0.225208 0.113815 2.559297
-0.220381 0.113823 2.559486
-0.215553 0.113831 2.559676
-0.210725 0.113840 2.559866
-0.205896 0.113848 2.560056
-0.201066 0.113857 2.560246
-0.196236 0.113865 2.560436
-0.191405 0.113874 2.560625
-0.186573 0.113882 2.560815
-0.181740 0.113891 2.561005
-0.176907 0.113899 2.561196
-0.172073 0.113907 2.561386
-0.167238 0.113916 2.561576
-0.162403 0.113924 2.561766
-0.157567 0.113933 2.561956
-0.152730 0.113941 2.562146
-0.147892 0.113950 2.562336
-0.143054 0.113958 2.562527
-0.138215 0.113967 2.562717
-0.133375 0.113975 2.562907
-0.128535 0.113984 2.563097
-0.123694 0.113992 2.563288
-0.118852 0.114001 2.563478
-0.114009 0.114009 2.563668
-0.109166 0.114017 2.563859
-0.104322 0.114026 2.564049
-0.099477 0.114034 2.564240
-0.094631 0.114043 2.564430
-0.089785 0.114051 2.564621
-0.084938 0.114060 2.564811
-0.080091 0.114068 2.565002
-0.075242 0.114077 2.565193
-0.070393 0.114085 2.565383
-0.065543 0.114094 2.565574
-0.060693 0.114102 2.565765
-0.055841 0.114111 2.565956
-0.050989 0.114119 2.566146
-0.046137 0.114128 2.566337
-0.041283 0.114136 2.566528
-0.036429 0.114145 2.566719
-0.031574 0.114153 2.566910
-0.026719 0.114162 2.567101
-0.021862 0.114170 2.567291
-0.017005 0.114179 2.567482
-0.012148 0.114187 2.567673
-0.007289 0.114196 2.567864
-0.002430 0.114204 2.568056
0.002430 0.114213 2.568247
0.007291 0.114221 2.568438
0.012152 0.114230 2.568629
0.017014 0.114238 2.568820
0.021877 0.114247 2.569011
0.026741 0.114255 2.569202
0.031605 0.114264 2.569394
0.036470 0.114272 2.569585
0.041336 0.114281 2.569776
0.046202 0.114289 2.569968
0.051069 0.114298 2.570159
0.055937 0.114306 2.570350
0.060908 0.114507 2.574876
0.065919 0.114748 2.580297
0.070952 0.114991 2.585741
0.076005 0.115234 2.591208
0.081080 0.115478 2.596698
0.086177 0.115723 2.602212
0.091295 0.115969 2.607749
0.096435 0.116217 2.613309
0.101597 0.116465 2.618894
0.106781 0.116714 2.624502
0.111988 0.116965 2.630134
0.117216 0.117216 2.635791
0.122468 0.117469 2.641472
0.127742 0.117723 2.647177
0.133039 0.117978 2.652907
0.175544 0.150010 3.373213
0.181927 0.150010 3.373213
0.188311 0.150010 3.373213
-0.360616 0.121863 2.628437
-0.354931 0.121620 2.623183
-0.349269 0.121377 2.617949
-0.343629 0.121135 2.612737
-0.338012 0.120895 2.607545
-0.332417 0.120655 2.602373
-0.326844 0.120416 2.597223
-0.321293 0.120178 2.592092
-0.315764 0.119941 2.586982
-0.310257 0.119705 2.581892
-0.304771 0.119470 2.576822
-0.299307 0.119236 2.571771
-0.293864 0.119003 2.566741
-0.288443 0.118771 2.561730
-0.283074 0.118552 2.557021
-0.278256 0.118561 2.557211
-0.273437 0.118570 2.557400
-0.268617 0.118579 2.557590
-0.263796 0.118587 2.557779
-0.258975 0.118596 2.557969
-0.254154 0.118605 2.558158
-0.249331 0.118614 2.558348
-0.244508 0.118623 2.558537
-0.239684 0.118631 2.558727
-0.234859 0.118640 2.558917
-0.230034 0.118649 2.559107
-0.225208 0.118658 2.559296
-0.220381 0.118667 2.559486
-0.215553 0.118675 2.559676
-0.210725 0.118684 2.559866
-0.205896 0.118693 2.560056
-0.201066 0.118702 2.560246
-0.196236 0.118711 2.560436
-0.191405 0.118719 2.560626
-0.186573 0.118728 2.560816
-0.181740 0.118737 2.561005
-0.176907 0.118746 2.561196
-0.172073 0.118755 2.561385
-0.167238 0.118763 2.561576
-0.162403 0.118772 2.561766
-0.157567 0.118781 2.561956
-0.152730 0.118790 2.562146
-0.147892 0.118799 2.562336
-0.143054 0.118808 2.562526
-0.138215 0.118816 2.562717
-0.133375 0.118825 2.562907
-0.128535 0.118834 2.563097
-0.123694 0.118843 2.563288
-0.118852 0.118852 2.563478
-0.114009 0.118860 2.563668
-0.109166 0.118869 2.563859
-0.104322 0.118878 2.564049
-0.099477 0.118887 2.564240
-0.094631 0.118896 2.564430
-0.089785 0.118905 2.564621
-0.084938 0.118913 2.564811
-0.080091 0.118922 2.565002
-0.075242 0.118931 2.565193
-0.070393 0.118940 2.565383
-0.065543 0.118949 2.565574
-0.060693 0.118958 2.565765
-0.055841 0.118966 2.565956
-0.050989 0.118975 2.566146
-0.046137 0.118984 2.566337
-0.041283 0.118993 2.566528
-0.036429 0.119002 2.566719
-0.031574 0.119011 2.566910
-0.026719 0.119020 2.567101
-0.021862 0.119028 2.567291
-0.017005 0.119037 2.567482
-0.012148 0.119046 2.567673
-0.007289 0.119055 2.567864
-0.002430 0.119064 2.568056
0.002430 0.119073 2.568247
0.007291 0.119082 2.568438
0.012152 0.119090 2.568629
0.017014 0.119099 2.568820
0.021877 0.119108 2.569011
0.026741 0.119117 2.569202
0.031605 0.119126 2.569394
0.036470 0.119135 2.569585
0.041336 0.119144 2.569776
0.046202 0.119153 2.569968
0.051069 0.119161 2.570159
0.055937 0.119170 2.570350
0.060908 0.119380 2.574876
0.065919 0.119631 2.580297
0.070952 0.119884 2.585741
0.076005 0.120137 2.591208
0.081080 0.120392 2.596698
0.086177 0.120647 2.602212
0.091295 0.120904 2.607749
0.096435 0.121162 2.613309
0.101597 0.121421 2.618894
0.106781 0.121681 2.624502
0.111988 0.121942 2.630134
0.117216 0.122204 2.635791
0.122468 0.122468 2.641472
0.127742 0.122732 2.647177
0.133039 0.122998 2.652907
0.168378 0.150010 3.235522
0.174501 0.150010 3.235521
0.180624 0.150010 3.235524
-0.360616 0.126837 2.628437
-0.354931 0.126584 2.623183
-0.349269 0.126331 2.617949
-0.343629 0.126080 2.612737
-0.338012 0.125829 2.607545
-0.332417 0.125580 2.602373
-0.326844 0.125331 2.597223
-0.321293 0.125084 2.592092
-0.315764 0.124837 2.586982
-0.310257 0.124591 2.581892
-0.304771 0.124347 2.576822
-0.299307 0.124103 2.571771
-0.293864 0.123860 2.566741
-0.288443 0.123618 2.561730
-0.283074 0.123391 2.557021
-0.278256 0.123400 2.557211
-0.273437 0.123409 2.557400
-0.268617 0.123419 2.557590
-0.263796 0.123428 2.557779
-0.258975 0.123437 2.557969
-0.254154 0.123446 2.558158
-0.249331 0.123455 2.558348
-0.244508 0.123464 2.558537
-0.239684 0.123473 2.558727
-0.234859 0.123483 2.558917
-0.230034 0.123492 2.559107
-0.225208 0.123501 2.559296
-0.220381 0.123510 2.559486
-0.215553 0.123519 2.559676
-0.210725 0.123528 2.559866
-0.205896 0.123538 2.560056
-0.201066 0.123547 2.560246
-0.196236 0.123556 2.560436
-0.191405 0.123565 2.560626
-0.186573 0.123574 2.560815
-0.181740 0.123583 2.561005
-0.176907 0.123593 2.561196
-0.172073 0.123602 2.561386
-0.167238 0.123611 2.561576
-0.162403 0.123620 2.561766
-0.157567 0.123629 2.561956
-0.152730 0.123638 2.562146
-0.147892 0.123648 2.562336
-0.143054 0.123657 2.562526
-0.138215 0.123666 2.562717
-0.133375 0.123675 2.562907
-0.128535 0.123684 2.563097
-0.123694 0.123694 2.563288
-0.118852 0.123703 2.563478
-0.114009 0.123712 2.563668
-0.109166 0.123721 2.563859
-0.104322 0.123730 2.564049
-0.099477 0.123739 2.564240
-0.094631 0.123749 2.564430
-0.089785 0.123758 2.564621
-0.084938 0.123767 2.564811
-0.080091 0.123776 2.565002
-0.075242 0.123785 2.565193
-0.070393 0.123795 2.565383
-0.065543 0.123804 2.565574
-0.060693 0.123813 2.565765
-0.055841 0.123822 2.565956
-0.050989 0.123831 2.566146
-0.046137 0.123841 2.566337
-0.041283 0.123850 2.566528
-0.036429 0.123859 2.566719
-0.031574 0.123868 2.566910
-0.026719 0.123878 2.567101
-0.021862 0.123887 2.567291
-0.017005 0.123896 2.567482
-0.012148 0.123905 2.567673
-0.007289 0.123914 2.567864
-0.002430 0.123924 2.568056
0.002430 0.123933 2.568247
0.007291 0.123942 2.568438
0.012152 0.123951 2.568629
0.017014 0.123960 2.568820
0.021877 0.123970 2.569011
0.026741 0.123979 2.569202
0.031605 0.123988 2.569394
0.036470 0.123997 2.569585
0.041336 0.124007 2.569776
0.046202 0.124016 2.569968
0.051069 0.124025 2.570159
0.055937 0.124034 2.570350
0.060908 0.124253 2.574876
0.065919 0.124514 2.580297
0.070952 0.124777 2.585741
0.076005 0.125041 2.591208
0.081080 0.125306 2.596698
0.086177 0.125572 2.602212
0.091295 0.125839 2.607749
0.096435 0.126107 2.613309
0.101597 0.126377 2.618894
0.106781 0.126647 2.624502
0.111988 0.126919 2.630134
0.117216 0.127192 2.635791
0.122468 0.127466 2.641472
0.127742 0.127742 2.647177
0.133039 0.128018 2.652907
0.161775 0.150010 3.108636
0.167658 0.150010 3.108635
0.173541 0.150010 3.108634
-0.360616 0.131811 2.628437
-0.354931 0.131548 2.623183
-0.349269 0.131285 2.617949
-0.343629 0.131024 2.612737
-0.338012 0.130764 2.607545
-0.332417 0.130504 2.602373
-0.326844 0.130246 2.597223
-0.321293 0.129989 2.592092
-0.315764 0.129732 2.586982
-0.310257 0.129477 2.581892
-0.304771 0.129223 2.576822
-0.299307 0.128970 2.571771
-0.293864 0.128717 2.566741
-0.288443 0.128466 2.561730
-0.283074 0.128230 2.557021
-0.278256 0.128239 2.557211
-0.273437 0.128249 2.557400
-0.268617 0.128259 2.557590
-0.263797 0.128268 2.557779
-0.258975 0.128278 2.557969
-0.254154 0.128287 2.558158
-0.249331 0.128297 2.558348
-0.244508 0.128306 2.558537
-0.239684 0.128316 2.558727
-0.234859 0.128325 2.558917
-0.230034 0.128335 2.559107
-0.225208 0.128344 2.559296
-0.220381 0.128354 2.559486
-0.215553 0.128363 2.559676
-0.210725 0.128373 2.559866
-0.205896 0.128382 2.560056
-0.201066 0.128392 2.560246
-0.196236 0.128401 2.560436
-0.191405 0.128411 2.560626
-0.186573 0.128420 2.560816
-0.181740 0.128430 2.561006
-0.176907 0.128439 2.561195
-0.172073 0.128449 2.561385
-0.167238 0.128458 2.561576
-0.162403 0.128468 2.561766
-0.157567 0.128477 2.561956
-0.152730 0.128487 2.562146
-0.147892 0.128497 2.562336
-0.143054 0.128506 2.562526
-0.138215 0.128516 2.562717
-0.133375 0.128525 2.562907
-0.128535 0.128535 2.563097
-0.123694 0.128544 2.563288
-0.118852 0.128554 2.563478
-0.114009 0.128563 2.563668
-0.109166 0.128573 2.563859
-0.104322 0.128582 2.564049
-0.099477 0.128592 2.564240
-0.094631 0.128602 2.564430
-0.089785 0.128611 2.564621
-0.084938 0.128621 2.564811
-0.080091 0.128630 2.565002
-0.075242 0.128640 2.565193
-0.070393 0.128649 2.565383
-0.065543 0.128659 2.565574
-0.060693 0.128668 2.565765
-0.055841 0.128678 2.565956
-0.050989 0.128688 2.566146
-0.046137 0.128697 2.566337
-0.041283 0.128707 2.566528
-0.036429 0.128716 2.566719
-0.031574 0.128726 2.566910
-0.026719 0.128735 2.567101
-0.021862 0.128745 2.567291
-0.017005 0.128755 2.567482
-0.012148 0.128764 2.567673
-0.007289 0.128774 2.567864
-0.002430 0.128783 2.568056
0.002430 0.128793 2.568247
0.007291 0.128803 2.568438
0.012152 0.128812 2.568629
0.017014 0.128822 2.568820
0.021877 0.128831 2.569011
0.026741 0.128841 2.569202
0.031605 0.128850 2.569394
0.036470 0.128860 2.569585
0.041336 0.128870 2.569776
0.046202 0.128879 2.569968
0.051069 0.128889 2.570159
0.055937 0.128898 2.570350
0.060908 0.129125 2.574876
0.065919 0.129397 2.580297
0.070952 0.129670 2.585741
0.076005 0.129944 2.591208
0.081080 0.130220 2.596698
0.086177 0.130496 2.602212
0.091295 0.130774 2.607749
0.096435 0.131053 2.613309
0.101597 0.131333 2.618894
0.106781 0.131614 2.624502
0.111988 0.131896 2.630134
0.117216 0.132180 2.635791
0.122468 0.132465 2.641472
0.127742 0.132751 2.647177
0.133039 0.133039 2.652907
0.155670 0.150009 2.991323
0.161331 0.150009 2.991321
0.166992 0.150009 2.991320
-0.360616 0.136785 2.628437
-0.354931 0.136512 2.623183
-0.349269 0.136240 2.617949
-0.343629 0.135968 2.612737
-0.338012 0.135698 2.607545
-0.332417 0.135429 2.602373
-0.326844 0.135161 2.597223
-0.321293 0.134894 2.592092
-0.315764 0.134628 2.586982
-0.310257 0.134363 2.581892
-0.304771 0.134099 2.576822
-0.299307 0.133836 2.571771
-0.293864 0.133575 2.566741
-0.288443 0.133314 2.561730
-0.283074 0.133069 2.557021
-0.278256 0.133079 2.557211
-0.273437 0.133089 2.557400
-0.268617 0.133098 2.557590
-0.263796 0.133108 2.557779
-0.258975 0.133118 2.557969
-0.254154 0.133128 2.558158
-0.249331 0.133138 2.558348
-0.244508 0.133148 2.558538
-0.239684 0.133158 2.558727
-0.234859 0.133168 2.558917
-0.230034 0.133177 2.559107
-0.225208 0.133187 2.559296
-0.220381 0.133197 2.559486
-0.215553 0.133207 2.559676
-0.210725 0.133217 2.559866
-0.205896 0.133227 2.560056
-0.201066 0.133237 2.560246
-0.196236 0.133247 2.560436
-0.191405 0.133256 2.560626
-0.186573 0.133266 2.560816
-0.181740 0.133276 2.561005
-0.176907 0.133286 2.561196
-0.172073 0.133296 2.561386
-0.167238 0.133306 2.561576
-0.162403 0.133316 2.561766
-0.157567 0.133326 2.561956
-0.152730 0.133336 2.562146
-0.147892 0.133345 2.562336
-0.143054 0.133355 2.562526
-0.138215 0.133365 2.562717
-0.133375 0.133375 2.562907
-0.128535 0.133385 2.563097
-0.123694 0.133395 2.563288
-0.118852 0.133405 2.563478
-0.114009 0.133415 2.563668
-0.109166 0.133425 2.563859
-0.104322 0.133435 2.564049
-0.099477 0.133445 2.564240
-0.094631 0.133454 2.564430
-0.089785 0.133464 2.564621
-0.084938 0.133474 2.564811
-0.080091 0.133484 2.565002
-0.075242 0.133494 2.565193
-0.070393 0.133504 2.565383
-0.065543 0.133514 2.565574
-0.060693 0.133524 2.565765
-0.055841 0.133534 2.565956
-0.050989 0.133544 2.566146
-0.046137 0.133554 2.566337
-0.041283 0.133564 2.566528
-0.036429 0.133574 2.566719
-0.031574 0.133583 2.566910
-0.026719 0.133593 2.567101
-0.021862 0.133603 2.567291
-0.017005 0.133613 2.567482
-0.012148 0.133623 2.567673
-0.007289 0.133633 2.567864
-0.002430 0.133643 2.568056
0.002430 0.133653 2.568247
0.007291 0.133663 2.568438
0.012152 0.133673 2.568629
0.017014 0.133683 2.568820
0.021877 0.133693 2.569011
0.026741 0.133703 2.569202
0.031605 0.133713 2.569394
0.036470 0.133723 2.569585
0.041336 0.133733 2.569776
0.046202 0.133743 2.569968
0.051069 0.133753 2.570159
0.055937 0.133763 2.570350
0.060908 0.133998 2.574876
0.065919 0.134280 2.580297
0.070952 0.134563 2.585741
0.076005 0.134848 2.591208
0.081080 0.135134 2.596698
0.086177 0.135421 2.602212
0.091295 0.135709 2.607749
0.096435 0.135998 2.613309
0.101597 0.136289 2.618894
0.106781 0.136581 2.624502
0.111988 0.136874 2.630134
0.117216 0.137168 2.635791
0.122468 0.137464 2.641472
0.127742 0.137761 2.647177
0.133039 0.138059 2.652907
0.150009 0.150009 2.882539
0.155464 0.150009 2.882542
0.160919 0.150009 2.882541
-0.360616 0.141759 2.628437
-0.354931 0.141476 2.623183
-0.349269 0.141194 2.617949
-0.343629 0.140913 2.612737
-0.338012 0.140633 2.607545
-0.332417 0.140354 2.602373
-0.326844 0.140076 2.597223
-0.321293 0.139799 2.592092
-0.315764 0.139524 2.586982
-0.310257 0.139249 2.581892
-0.304771 0.138976 2.576822
-0.299307 0.138703 2.571771
-0.293864 0.138432 2.566741
-0.288443 0.138162 2.561730
-0.283074 0.137908 2.557021
-0.278256 0.137918 2.557211
-0.273437 0.137928 2.557400
-0.268617 0.137938 2.557590
-0.263796 0.137949 2.557779
-0.258975 0.137959 2.557969
-0.254154 0.137969 2.558158
-0.249331 0.137979 2.558348
-0.244508 0.137990 2.558538
-0.239684 0.138000 2.558727
-0.234859 0.138010 2.558917
-0.230034 0.138020 2.559107
-0.225208 0.138030 2.559296
-0.220381 0.138041 2.559486
-0.215553 0.138051 2.559676
-0.210725 0.138061 2.559866
-0.205896 0.138071 2.560056
-0.201066 0.138082 2.560246
-0.196236 0.138092 2.560436
-0.191405 0.138102 2.560626
-0.186573 0.138112 2.560816
-0.181740 0.138123 2.561005
-0.176907 0.138133 2.561196
-0.172073 0.138143 2.561386
-0.167238 0.138153 2.561576
-0.162403 0.138164 2.561766
-0.157567 0.138174 2.561956
-0.152730 0.138184 2.562146
-0.147892 0.138194 2.562336
-0.143054 0.138205 2.562526
-0.138215 0.138215 2.562717
-0.133375 0.138225 2.562907
-0.128535 0.138235 2.563097
-0.123694 0.138246 2.563288
-0.118852 0.138256 2.563478
-0.114009 0.138266 2.563668
-0.109166 0.138277 2.563859
-0.104322 0.138287 2.564049
-0.099477 0.138297 2.564240
-0.094631 0.138307 2.564430
-0.089785 0.138318 2.564621
-0.084938 0.138328 2.564811
-0.080091 0.138338 2.565002
-0.075242 0.138348 2.565193
-0.070393 0.138359 2.565383
-0.065543 0.138369 2.565574
-0.060693 0.138379 2.565765
-0.055841 0.138390 2.565956
-0.050989 0.138400 2.566146
-0.046137 0.138410 2.566337
-0.041283 0.138420 2.566528
-0.036429 0.138431 2.566719
-0.031574 0.138441 2.566910
-0.026719 0.138451 2.567101
-0.021862 0.138462 2.567291
-0.017005 0.138472 2.567482
-0.012148 0.138482 2.567673
-0.007289 0.138493 2.567864
-0.002430 0.138503 2.568056
0.002430 0.138513 2.568247
0.007291 0.138523 2.568438
0.012152 0.138534 2.568629
0.017014 0.138544 2.568820
0.021877 0.138554 2.569011
0.026741 0.138565 2.569202
0.031605 0.138575 2.569394
0.036470 0.138585 2.569585
0.041336 0.138596 2.569776
0.046202 0.138606 2.569968
0.051069 0.138616 2.570159
0.055937 0.138627 2.570350
0.060908 0.138871 2.574876
0.065919 0.139163 2.580297
0.070952 0.139457 2.585741
0.076005 0.139752 2.591208
0.081080 0.140048 2.596698
0.086177 0.140345 2.602212
0.091295 0.140644 2.607749
0.096435 0.140944 2.613309
0.101597 0.141245 2.618894
0.106781 0.141547 2.624502
0.111988 0.141851 2.630134
0.117216 0.142156 2.635791
0.122468 0.142462 2.641472
0.127742 0.142770 2.647177
0.133039 0.143079 2.652907
0.144745 0.150009 2.781392
0.150009 0.150009 2.781394
0.155272 0.150009 2.781396
-0.360616 0.146733 2.628437
-0.354931 0.146440 2.623183
-0.349269 0.146148 2.617949
-0.343629 0.145857 2.612737
-0.338012 0.145567 2.607545
-0.332417 0.145278 2.602373
-0.326844 0.144991 2.597223
-0.321293 0.144704 2.592092
-0.315764 0.144419 2.586982
-0.310257 0.144135 2.581892
-0.304771 0.143852 2.576822
-0.299307 0.143570 2.571771
-0.293864 0.143289 2.566741
-0.288443 0.143009 2.561730
-0.283074 0.142747 2.557021
-0.278256 0.142757 2.557211
-0.273437 0.142768 2.557400
-0.268617 0.142778 2.557590
-0.263797 0.142789 2.557779
-0.258975 0.142800 2.557969
-0.254154 0.142810 2.558158
-0.249331 0.142821 2.558348
-0.244508 0.142831 2.558537
-0.239684 0.142842 2.558727
-0.234859 0.142852 2.558917
-0.230034 0.142863 2.559107
-0.225208 0.142874 2.559296
-0.220381 0.142884 2.559486
-0.215553 0.142895 2.559676
-0.210725 0.142905 2.559866
-0.205896 0.142916 2.560056
-0.201066 0.142927 2.560246
-0.196236 0.142937 2.560436
-0.191405 0.142948 2.560626
-0.186573 0.142958 2.560816
-0.181740 0.142969 2.561005
-0.176907 0.142980 2.561196
-0.172073 0.142990 2.561386
-0.167238 0.143001 2.561576
-0.162403 0.143011 2.561766
-0.157567 0.143022 2.561956
-0.152730 0.143033 2.562146
-0.147892 0.143043 2.562336
-0.143054 0.143054 2.562526
-0.138215 0.143065 2.562717
-0.133375 0.143075 2.562907
-0.128535 0.143086 2.563097
-0.123694 0.143096 2.563288
-0.118852 0.143107 2.563478
-0.114009 0.143118 2.563668
-0.109166 0.143128 2.563859
-0.104322 0.143139 2.564049
-0.099477 0.143150 2.564240
-0.094631 0.143160 2.564430
-0.089785 0.143171 2.564621
-0.084938 0.143182 2.564811
-0.080091 0.143192 2.565002
-0.075242 0.143203 2.565193
-0.070393 0.143213 2.565383
-0.065543 0.143224 2.565574
-0.060693 0.143235 2.565765
-0.055841 0.143245 2.565956
-0.050989 0.143256 2.566146
-0.046137 0.143267 2.566337
-0.041283 0.143277 2.566528
-0.036429 0.143288 2.566719
-0.031574 0.143299 2.566910
-0.026719 0.143309 2.567101
-0.021862 0.143320 2.567291
-0.017005 0.143331 2.567482
-0.012148 0.143341 2.567673
-0.007289 0.143352 2.567864
-0.002430 0.143363 2.568056
0.002430 0.143373 2.568247
0.007291 0.143384 2.568438
0.012152 0.143395 2.568629
0.017014 0.143405 2.568820
0.021877 0.143416 2.569011
0.026741 0.143427 2.569202
0.031605 0.143437 2.569394
0.036470 0.143448 2.569585
0.041336 0.143459 2.569776
0.046202 0.143469 2.569968
0.051069 0.143480 2.570159
0.055937 0.143491 2.570350
0.060908 0.143743 2.574876
0.065919 0.144046 2.580297
0.070952 0.144350 2.585741
0.076005 0.144655 2.591208
0.081080 0.144962 2.596698
0.086177 0.145269 2.602212
0.091295 0.145578 2.607749
0.096435 0.145889 2.613309
0.101597 0.146201 2.618894
0.106781 0.146514 2.624502
0.111988 0.146828 2.630134
0.117216 0.147144 2.635791
0.122468 0.147461 2.641472
0.127742 0.147780 2.647177
0.133039 0.148099 2.652907
0.139838 0.150009 2.687104
0.144923 0.150008 2.687104
0.150008 0.150008 2.687103
-0.356577 0.150008 2.599001
-0.351659 0.150008 2.598998
-0.346740 0.150008 2.598995
-0.341822 0.150008 2.598995
-0.336904 0.150008 2.598995
-0.331985 0.150008 2.598996
-0.326844 0.149906 2.597223
-0.321293 0.149610 2.592092
-0.315764 0.149315 2.586982
-0.310257 0.149021 2.581892
-0.304771 0.148728 2.576822
-0.299307 0.148437 2.571771
-0.293864 0.148146 2.566741
-0.288443 0.147857 2.561730
-0.283074 0.147585 2.557021
-0.278256 0.147596 2.557211
-0.273437 0.147607 2.557400
-0.268617 0.147618 2.557590
-0.263796 0.147629 2.557779
-0.258975 0.147640 2.557969
-0.254154 0.147651 2.558158
-0.249331 0.147662 2.558348
-0.244508 0.147673 2.558537
-0.239684 0.147684 2.558727
-0.234859 0.147695 2.558917
-0.230034 0.147706 2.559107
-0.225208 0.147717 2.559296
-0.220381 0.147728 2.559486
-0.215553 0.147739 2.559676
-0.210725 0.147750 2.559866
-0.205896 0.147761 2.560056
-0.201066 0.147772 2.560246
-0.196236 0.147783 2.560436
-0.191405 0.147794 2.560626
-0.186573 0.147804 2.560816
-0.181740 0.147815 2.561005
-0.176907 0.147826 2.561196
-0.172073 0.147837 2.561386
-0.167238 0.147848 2.561576
-0.162403 0.147859 2.561766
-0.157567 0.147870 2.561956
-0.152730 0.147881 2.562146
-0.147892 0.147892 2.562336
-0.143054 0.147903 2.562526
-0.138215 0.147914 2.562717
-0.133375 0.147925 2.562907
-0.128535 0.147936 2.563097
-0.123694 0.147947 2.563288
-0.118852 0.147958 2.563478
-0.114009 0.147969 2.563668
-0.109166 0.147980 2.563859
-0.104322 0.147991 2.564049
-0.099477 0.148002 2.564240
-0.094631 0.148013 2.564430
-0.089785 0.148024 2.564621
-0.084938 0.148035 2.564811
-0.080091 0.148046 2.565002
-0.075242 0.148057 2.565193
-0.070393 0.148068 2.565383
-0.065543 0.148079 2.565574
-0.060693 0.148090 2.565765
-0.055841 0.148101 2.565956
-0.050989 0.148112 2.566146
-0.046137 0.148123 2.566337
-0.041283 0.148134 2.566528
-0.036429 0.148145 2.566719
-0.031574 0.148156 2.566910
-0.026719 0.148167 2.567101
-0.021862 0.148178 2.567291
-0.017005 0.148189 2.567482
-0.012148 0.148200 2.567673
-0.007289 0.148211 2.567864
-0.002430 0.148222 2.568056
0.002430 0.148233 2.568247
0.007291 0.148244 2.568438
0.012152 0.148255 2.568629
0.017014 0.148266 2.568820
0.021877 0.148278 2.569011
0.026741 0.148289 2.569202
0.031605 0.148300 2.569394
0.036470 0.148311 2.569585
0.041336 0.148322 2.569776
0.046202 0.148333 2.569968
0.051069 0.148344 2.570159
0.055937 0.148355 2.570350
0.060908 0.148616 2.574876
0.065919 0.148929 2.580297
0.070952 0.149243 2.585741
0.076005 0.149559 2.591208
0.081080 0.149876 2.596698
0.086070 0.150008 2.598997
0.090989 0.150008 2.598997
0.095907 0.150008 2.599000
0.100825 0.150008 2.599000
0.105744 0.150008 2.599000
0.110662 0.150008 2.599000
0.115580 0.150008 2.599000
0.120499 0.150008 2.599000
0.125417 0.150008 2.599000
0.130335 0.150008 2.599000
0.135253 0.150008 2.598995
0.140171 0.150008 2.598995
0.145090 0.150008 2.598995
-0.345256 0.150008 2.516485
-0.340494 0.150008 2.516484
-0.335732 0.150008 2.516483
-0.330969 0.150008 2.516479
-0.326208 0.150008 2.516484
-0.321445 0.150008 2.516484
-0.316683 0.150008 2.516482
-0.311921 0.150008 2.516484
-0.307159 0.150008 2.516483
-0.302397 0.150008 2.516482
-0.297635 0.150008 2.516484
-0.292873 0.150008 2.516484
-0.288111 0.150008 2.516488
-0.283349 0.150008 2.516487
-0.278586 0.150008 2.516486
-0.273824 0.150008 2.516483
-0.269062 0.150008 2.516482
-0.264300 0.150008 2.516484
-0.259537 0.150008 2.516483
-0.254775 0.150008 2.516482
-0.250013 0.150008 2.516487
-0.245251 0.150008 2.516486
-0.240489 0.150008 2.516488
-0.235727 0.150008 2.516487
-0.230965 0.150008 2.516486
-0.226203 0.150008 2.516488
-0.221441 0.150008 2.516487
-0.216678 0.150008 2.516483
-0.211916 0.150008 2.516482
-0.207154 0.150008 2.516487
-0.202392 0.150008 2.516486
-0.197630 0.150008 2.516485
-0.192868 0.150008 2.516487
-0.188105 0.150008 2.516486
-0.183343 0.150008 2.516485
-0.178581 0.150008 2.516487
-0.173819 0.150008 2.516486
-0.169057 0.150008 2.516485
-0.164294 0.150008 2.516484
-0.159532 0.150008 2.516480
-0.154770 0.150008 2.516482
-0.150008 0.150008 2.516481
-0.145246 0.150008 2.516480
-0.140484 0.150008 2.516482
-0.135721 0.150008 2.516481
-0.130959 0.150008 2.516486
-0.126197 0.150008 2.516485
-0.121435 0.150008 2.516484
-0.116673 0.150008 2.516486
-0.111911 0.150008 2.516485
-0.107149 0.150008 2.516484
-0.102386 0.150008 2.516481
-0.097624 0.150008 2.516480
-0.092862 0.150008 2.516482
-0.088100 0.150008 2.516484
-0.083338 0.150008 2.516486
-0.078576 0.150008 2.516485
-0.073813 0.150008 2.516484
-0.069051 0.150008 2.516486
-0.064289 0.150008 2.516485
-0.059527 0.150008 2.516484
-0.054765 0.150008 2.516483
-0.050003 0.150008 2.516488
-0.045241 0.150008 2.516490
-0.040478 0.150008 2.516486
-0.035716 0.150008 2.516485
-0.030954 0.150008 2.516484
-0.026192 0.150008 2.516483
-0.021430 0.150008 2.516485
-0.016668 0.150008 2.516484
-0.011905 0.150008 2.516483
-0.007143 0.150008 2.516488
-0.002381 0.150008 2.516487
0.002381 0.150008 2.516489
0.007143 0.150008 2.516488
0.011905 0.150008 2.516487
0.016668 0.150008 2.516483
0.021430 0.150008 2.516482
0.026192 0.150008 2.516484
0.030954 0.150008 2.516483
0.035716 0.150008 2.516482
0.040478 0.150008 2.516484
0.045240 0.150008 2.516484
0.050003 0.150008 2.516482
0.054765 0.150008 2.516484
0.059527 0.150008 2.516483
0.064289 0.150008 2.516482
0.069051 0.150008 2.516487
0.073813 0.150008 2.516484
0.078576 0.150008 2.516483
0.083338 0.150008 2.516482
0.088100 0.150008 2.516484
0.092862 0.150008 2.516483
0.097624 0.150008 2.516482
0.102386 0.150008 2.516484
0.107148 0.150008 2.516483
0.111911 0.150008 2.516488
0.116673 0.150008 2.516487
0.121435 0.150008 2.516485
0.126197 0.150008 2.516485
0.130959 0.150008 2.516484
0.135721 0.150008 2.516483
0.140483 0.150008 2.516482
-0.334633 0.150008 2.439051
-0.330017 0.150008 2.439053
-0.325401 0.150008 2.439051
-0.320785 0.150008 2.439047
-0.316170 0.150008 2.439049
-0.311554 0.150008 2.439047
-0.306939 0.150008 2.439049
-0.302324 0.150008 2.439054
-0.297708 0.150008 2.439052
-0.293092 0.150008 2.439051
-0.288477 0.150008 2.439053
-0.283861 0.150008 2.439051
-0.279245 0.150008 2.439053
-0.274630 0.150008 2.439051
-0.270014 0.150008 2.439053
-0.265399 0.150008 2.439055
-0.260783 0.150008 2.439054
-0.256167 0.150008 2.439052
-0.251552 0.150008 2.439054
-0.246936 0.150008 2.439052
-0.242320 0.150008 2.439051
-0.237705 0.150008 2.439052
-0.233089 0.150008 2.439051
-0.228474 0.150008 2.439053
-0.223858 0.150008 2.439057
-0.219243 0.150008 2.439056
-0.214627 0.150008 2.439055
-0.210011 0.150008 2.439056
-0.205395 0.150008 2.439052
-0.200780 0.150008 2.439051
-0.196164 0.150008 2.439052
-0.191548 0.150008 2.439051
-0.186933 0.150008 2.439053
-0.182317 0.150008 2.439051
-0.177702 0.150008 2.439053
-0.173086 0.150008 2.439051
-0.168470 0.150008 2.439050
-0.163855 0.150008 2.439052
-0.159239 0.150008 2.439050
-0.154623 0.150008 2.439052
-0.150008 0.150008 2.439051
-0.145392 0.150008 2.439052
-0.140777 0.150008 2.439051
-0.136161 0.150008 2.439052
-0.131545 0.150008 2.439051
-0.126930 0.150008 2.439050
-0.122314 0.150008 2.439051
-0.117698 0.150008 2.439050
-0.113083 0.150008 2.439052
-0.108467 0.150008 2.439056
-0.103852 0.150008 2.439055
-0.099236 0.150008 2.439054
-0.094620 0.150008 2.439052
-0.090005 0.150008 2.439051
-0.085389 0.150008 2.439050
-0.080773 0.150008 2.439051
-0.076158 0.150008 2.439050
-0.071542 0.150008 2.439054
-0.066927 0.150008 2.439056
-0.062311 0.150008 2.439055
-0.057695 0.150008 2.439053
-0.053080 0.150008 2.439055
-0.048464 0.150008 2.439054
-0.043848 0.150008 2.439055
-0.039233 0.150008 2.439051
-0.034617 0.150008 2.439049
-0.030002 0.150008 2.439051
-0.025386 0.150008 2.439050
-0.020770 0.150008 2.439051
-0.016155 0.150008 2.439050
-0.011539 0.150008 2.439049
-0.006923 0.150008 2.439050
-0.002308 0.150008 2.439049
0.002308 0.150008 2.439050
0.006923 0.150008 2.439055
0.011539 0.150008 2.439054
0.016155 0.150008 2.439055
0.020770 0.150008 2.439051
0.025386 0.150008 2.439050
0.030002 0.150008 2.439051
0.034617 0.150008 2.439050
0.039233 0.150008 2.439049
0.043848 0.150008 2.439053
0.048464 0.150008 2.439055
0.053080 0.150008 2.439054
0.057695 0.150008 2.439055
0.062311 0.150008 2.439054
0.066927 0.150008 2.439052
0.071542 0.150008 2.439054
0.076158 0.150008 2.439050
0.080773 0.150008 2.439049
0.085389 0.150008 2.439050
0.090005 0.150008 2.439049
0.094620 0.150008 2.439050
0.099236 0.150008 2.439049
0.103851 0.150008 2.439050
0.108467 0.150008 2.439049
0.113083 0.150008 2.439048
0.117698 0.150008 2.439049
0.122314 0.150008 2.439054
0.126930 0.150008 2.439053
0.131545 0.150008 2.439048
0.136161 0.150008 2.439050
-0.324643 0.150008 2.366241
-0.320165 0.150007 2.366239
-0.315688 0.150008 2.366241
-0.311210 0.150008 2.366241
-0.306731 0.150007 2.366237
-0.302254 0.150007 2.366238
-0.297776 0.150007 2.366236
-0.293298 0.150007 2.366237
-0.288820 0.150007 2.366238
-0.284342 0.150007 2.366236
-0.279865 0.150008 2.366240
-0.275387 0.150008 2.366241
-0.270909 0.150008 2.366242
-0.266431 0.150008 2.366240
-0.261954 0.150008 2.366241
-0.257475 0.150007 2.366239
-0.252997 0.150007 2.366237
-0.248519 0.150007 2.366235
-0.244042 0.150007 2.366236
-0.239564 0.150008 2.366240
-0.235087 0.150008 2.366241
-0.230609 0.150007 2.366239
-0.226131 0.150008 2.366240
-0.221653 0.150008 2.366241
-0.217175 0.150008 2.366240
-0.212697 0.150008 2.366241
-0.208220 0.150008 2.366241
-0.203742 0.150008 2.366240
-0.199264 0.150008 2.366241
-0.194786 0.150007 2.366236
-0.190308 0.150007 2.366237
-0.185830 0.150007 2.366235
-0.181352 0.150007 2.366236
-0.176874 0.150007 2.366237
-0.172396 0.150007 2.366235
-0.167919 0.150007 2.366239
-0.163441 0.150008 2.366240
-0.158963 0.150008 2.366241
-0.154485 0.150007 2.366239
-0.150008 0.150008 2.366240
-0.145530 0.150008 2.366241
-0.141052 0.150007 2.366236
-0.136574 0.150007 2.366237
-0.132096 0.150007 2.366235
-0.127618 0.150007 2.366239
-0.123141 0.150008 2.366240
-0.118663 0.150008 2.366241
-0.114185 0.150007 2.366239
-0.109707 0.150008 2.366240
-0.105229 0.150007 2.366238
-0.100751 0.150007 2.366239
-0.096273 0.150008 2.366240
-0.091796 0.150007 2.366239
-0.087318 0.150007 2.366237
-0.082840 0.150007 2.366235
-0.078362 0.150007 2.366236
-0.073884 0.150007 2.366237
-0.069406 0.150007 2.366235
-0.064929 0.150007 2.366236
-0.060451 0.150007 2.366237
-0.055973 0.150007 2.366235
-0.051495 0.150007 2.366239
-0.047017 0.150008 2.366240
-0.042539 0.150008 2.366241
-0.038062 0.150007 2.366239
-0.033584 0.150007 2.366237
-0.029106 0.150007 2.366235
-0.024628 0.150007 2.366236
-0.020150 0.150007 2.366234
-0.015672 0.150008 2.366241
-0.011195 0.150007 2.366239
-0.006717 0.150008 2.366240
-0.002239 0.150007 2.366239
0.002239 0.150008 2.366240
0.006717 0.150008 2.366241
0.011195 0.150007 2.366239
0.015672 0.150008 2.366240
0.020150 0.150008 2.366241
0.024628 0.150008 2.366241
0.029106 0.150008 2.366240
0.033584 0.150008 2.366241
0.038062 0.150007 2.366239
0.042539 0.150008 2.366240
0.047017 0.150008 2.366241
0.051495 0.150007 2.366239
0.055973 0.150008 2.366240
0.060451 0.150008 2.366241
0.064929 0.150007 2.366239
0.069406 0.150008 2.366240
0.073884 0.150007 2.366238
0.078362 0.150007 2.366236
0.082840 0.150007 2.366235
0.087318 0.150007 2.366235
0.091796 0.150007 2.366236
0.096273 0.150008 2.366240
0.100751 0.150007 2.366238
0.105229 0.150007 2.366239
0.109707 0.150008 2.366240
0.114185 0.150007 2.366238
0.118663 0.150007 2.366239
0.123141 0.150008 2.366240
0.127618 0.150007 2.366239
0.132096 0.150007 2.366237
