ply
format ascii 1.0
comment Map frame coordinates
element vertex 11583
property float x
property float y
property float z
end_header
0.637176 15.555706 1.963703
0.622044 15.556188 1.963703
0.606913 15.556671 1.963703
0.591782 15.557154 1.963703
0.576650 15.557637 1.963703
0.561519 15.558120 1.963703
0.546388 15.558603 1.963703
0.531256 15.559086 1.963703
0.516125 15.559569 1.963703
0.500993 15.560052 1.963703
0.485862 15.560535 1.963703
0.470731 15.561018 1.963703
0.455599 15.561501 1.963703
0.440468 15.561984 1.963703
0.425337 15.562467 1.963703
0.410205 15.562950 1.963703
0.395074 15.563433 1.963703
0.379942 15.563916 1.963703
0.364811 15.564398 1.963703
0.349680 15.564881 1.963703
0.334548 15.565364 1.963703
0.319417 15.565847 1.963703
0.304286 15.566330 1.963703
0.289154 15.566813 1.963703
0.274023 15.567296 1.963703
0.258891 15.567779 1.963703
0.243760 15.568262 1.963703
0.228629 15.568745 1.963703
0.213497 15.569228 1.963703
0.198366 15.569711 1.963703
0.183235 15.570194 1.963703
0.168103 15.570677 1.963703
0.063431 20.027985 0.982268
0.056490 20.040863 0.979479
0.049690 20.047930 0.977970
0.042917 20.054970 0.976466
0.036171 20.061981 0.974969
0.029503 20.063968 0.974578
0.022843 20.065797 0.974222
0.016190 20.067625 0.973866
0.009543 20.069452 0.973510
0.002902 20.071277 0.973154
-0.003731 20.071019 0.973258
-0.010366 20.069184 0.973709
-0.017010 20.067347 0.974160
-0.023661 20.065507 0.974613
-0.030319 20.063663 0.975066
-0.036993 20.060941 0.975713
-0.043721 20.053928 0.977305
-0.050478 20.046886 0.978904
-0.057261 20.039821 0.980509
-0.064214 20.023860 0.984075
-0.149656 15.580818 1.963703
-0.164787 15.581301 1.963703
-0.179918 15.581784 1.963703
-0.195050 15.582267 1.963703
-0.210181 15.582750 1.963703
-0.225313 15.583233 1.963703
-0.240444 15.583716 1.963703
-0.255575 15.584199 1.963703
-0.270707 15.584682 1.963703
-0.285838 15.585165 1.963703
-0.300969 15.585648 1.963703
-0.316101 15.586131 1.963703
-0.331232 15.586614 1.963703
-0.346364 15.587097 1.963703
-0.361495 15.587580 1.963703
-0.376626 15.588063 1.963703
-0.391758 15.588546 1.963703
-0.406889 15.589028 1.963703
-0.422020 15.589511 1.963703
-0.437152 15.589994 1.963703
-0.452283 15.590477 1.963703
-0.467415 15.590960 1.963703
-0.482546 15.591443 1.963703
-0.497677 15.591926 1.963703
-0.512809 15.592409 1.963703
-0.527940 15.592892 1.963703
-0.543071 15.593375 1.963703
-0.558203 15.593858 1.963703
-0.573334 15.594341 1.963703
0.637176 15.555706 1.948564
0.622044 15.556188 1.948564
0.606913 15.556671 1.948564
0.591782 15.557154 1.948564
0.576650 15.557637 1.948564
0.561519 15.558120 1.948564
0.546388 15.558603 1.948564
0.531256 15.559086 1.948564
0.516125 15.559569 1.948564
0.500993 15.560052 1.948564
0.485862 15.560535 1.948564
0.470731 15.561018 1.948564
0.455599 15.561501 1.948564
0.440468 15.561984 1.948564
0.425337 15.562467 1.948564
0.410205 15.562950 1.948564
0.395074 15.563433 1.948564
0.379942 15.563916 1.948564
0.364811 15.564398 1.948564
0.349680 15.564881 1.948564
0.334548 15.565364 1.948564
0.319417 15.565847 1.948564
0.304286 15.566330 1.948564
0.289154 15.566813 1.948564
0.274023 15.567296 1.948564
0.258891 15.567779 1.948564
0.243760 15.568262 1.948564
0.228629 15.568745 1.948564
0.213497 15.569228 1.948564
0.198366 15.569711 1.948564
0.183235 15.570194 1.948564
0.070727 20.001175 0.981359
0.063352 20.031918 0.974695
0.056467 20.042112 0.972516
0.049670 20.049174 0.971020
0.042900 20.056208 0.969531
0.036158 20.063021 0.968090
0.029494 20.064852 0.967736
0.022836 20.066680 0.967383
0.016184 20.068508 0.967030
0.009538 20.070333 0.966678
0.002899 20.072157 0.966326
-0.003732 20.071899 0.966428
-0.010366 20.070064 0.966875
-0.017007 20.068228 0.967323
-0.023657 20.066389 0.967771
-0.030314 20.064547 0.968220
-0.036983 20.062170 0.968785
-0.043709 20.055162 0.970363
-0.050463 20.048125 0.971948
-0.057244 20.041065 0.973537
-0.064152 20.027736 0.976497
-0.149656 15.580818 1.948564
-0.164787 15.581301 1.948564
-0.179918 15.581784 1.948564
-0.195050 15.582267 1.948564
-0.210181 15.582750 1.948564
-0.225313 15.583233 1.948564
-0.240444 15.583716 1.948564
-0.255575 15.584199 1.948564
-0.270707 15.584682 1.948564
-0.285838 15.585165 1.948564
-0.300969 15.585648 1.948564
-0.316101 15.586131 1.948564
-0.331232 15.586614 1.948564
-0.346364 15.587097 1.948564
-0.361495 15.587580 1.948564
-0.376626 15.588063 1.948564
-0.391758 15.588546 1.948564
-0.406889 15.589028 1.948564
-0.422020 15.589511 1.948564
-0.437152 15.589994 1.948564
-0.452283 15.590477 1.948564
-0.467415 15.590960 1.948564
-0.482546 15.591443 1.948564
-0.497677 15.591926 1.948564
-0.512809 15.592409 1.948564
-0.527940 15.592892 1.948564
-0.543071 15.593375 1.948564
-0.558203 15.593858 1.948564
-0.573334 15.594341 1.948564
0.637176 15.555706 1.933424
0.622044 15.556188 1.933424
0.606913 15.556671 1.933424
0.591782 15.557154 1.933424
0.576650 15.557637 1.933424
0.561519 15.558120 1.933424
0.546388 15.558603 1.933424
0.531256 15.559086 1.933424
0.516125 15.559569 1.933424
0.500993 15.560052 1.933424
0.485862 15.560535 1.933424
0.470731 15.561018 1.933424
0.455599 15.561501 1.933424
0.440468 15.561984 1.933424
0.425337 15.562467 1.933424
0.410205 15.562950 1.933424
0.395074 15.563433 1.933424
0.379942 15.563916 1.933424
0.364811 15.564398 1.933424
0.349680 15.564881 1.933424
0.334548 15.565364 1.933424
0.319417 15.565847 1.933424
0.304286 15.566330 1.933424
0.289154 15.566813 1.933424
0.274023 15.567296 1.933424
0.258891 15.567779 1.933424
0.243760 15.568262 1.933424
0.228629 15.568745 1.933424
0.213497 15.569228 1.933424
0.198366 15.569711 1.933424
0.183235 15.570194 1.933424
0.070639 20.005177 0.973728
0.063273 20.035844 0.967138
0.056444 20.043359 0.965557
0.049650 20.050416 0.964076
0.042882 20.057446 0.962600
0.036146 20.063905 0.961248
0.029484 20.065735 0.960898
0.022828 20.067563 0.960548
0.016178 20.069389 0.960198
0.009534 20.071214 0.959849
0.002896 20.073037 0.959500
-0.003733 20.072778 0.959602
-0.010365 20.070945 0.960045
-0.017005 20.069109 0.960488
-0.023653 20.067271 0.960932
-0.030308 20.065430 0.961377
-0.036973 20.063399 0.961863
-0.043696 20.056396 0.963426
-0.050448 20.049364 0.964996
-0.057227 20.042308 0.966571
-0.064091 20.031603 0.968937
-0.071343 20.001342 0.975540
-0.164787 15.581301 1.933424
-0.179918 15.581784 1.933424
-0.195050 15.582267 1.933424
-0.210181 15.582750 1.933424
-0.225313 15.583233 1.933424
-0.240444 15.583716 1.933424
-0.255575 15.584199 1.933424
-0.270707 15.584682 1.933424
-0.285838 15.585165 1.933424
-0.300969 15.585648 1.933424
-0.316101 15.586131 1.933424
-0.331232 15.586614 1.933424
-0.346364 15.587097 1.933424
-0.361495 15.587580 1.933424
-0.376626 15.588063 1.933424
-0.391758 15.588546 1.933424
-0.406889 15.589028 1.933424
-0.422020 15.589511 1.933424
-0.437152 15.589994 1.933424
-0.452283 15.590477 1.933424
-0.467415 15.590960 1.933424
-0.482546 15.591443 1.933424
-0.497677 15.591926 1.933424
-0.512809 15.592409 1.933424
-0.527940 15.592892 1.933424
-0.543071 15.593375 1.933424
-0.558203 15.593858 1.933424
-0.573334 15.594341 1.933424
0.637176 15.555706 1.918285
0.622044 15.556188 1.918285
0.606913 15.556671 1.918285
0.591782 15.557154 1.918285
0.576650 15.557637 1.918285
0.561519 15.558120 1.918285
0.546388 15.558603 1.918285
0.531256 15.559086 1.918285
0.516125 15.559569 1.918285
0.500993 15.560052 1.918285
0.485862 15.560535 1.918285
0.470731 15.561018 1.918285
0.455599 15.561501 1.918285
0.440468 15.561984 1.918285
0.425337 15.562467 1.918285
0.410205 15.562950 1.918285
0.395074 15.563433 1.918285
0.379942 15.563916 1.918285
0.364811 15.564398 1.918285
0.349680 15.564881 1.918285
0.334548 15.565364 1.918285
0.319417 15.565847 1.918285
0.304286 15.566330 1.918285
0.289154 15.566813 1.918285
0.274023 15.567296 1.918285
0.258891 15.567779 1.918285
0.243760 15.568262 1.918285
0.228629 15.568745 1.918285
0.213497 15.569228 1.918285
0.198366 15.569711 1.918285
0.183235 15.570194 1.918285
0.070552 20.009169 0.966114
0.063240 20.037526 0.960077
0.056421 20.044605 0.958604
0.049629 20.051658 0.957136
0.042864 20.058682 0.955675
0.036135 20.064789 0.954410
0.029475 20.066618 0.954063
0.022820 20.068445 0.953716
0.016172 20.070270 0.953370
0.009530 20.072095 0.953024
0.002893 20.073917 0.952678
-0.003734 20.073657 0.952779
-0.010365 20.071824 0.953218
-0.017003 20.069990 0.953658
-0.023649 20.068153 0.954097
-0.030302 20.066313 0.954538
-0.036964 20.064470 0.954979
-0.043684 20.057628 0.956494
-0.050433 20.050601 0.958049
-0.057209 20.043550 0.959609
-0.064030 20.035462 0.961392
-0.071274 20.005265 0.967924
-0.164787 15.581301 1.918285
-0.179918 15.581784 1.918285
-0.195050 15.582267 1.918285
-0.210181 15.582750 1.918285
-0.225313 15.583233 1.918285
-0.240444 15.583716 1.918285
-0.255575 15.584199 1.918285
-0.270707 15.584682 1.918285
-0.285838 15.585165 1.918285
-0.300969 15.585648 1.918285
-0.316101 15.586131 1.918285
-0.331232 15.586614 1.918285
-0.346364 15.587097 1.918285
-0.361495 15.587580 1.918285
-0.376626 15.588063 1.918285
-0.391758 15.588546 1.918285
-0.406889 15.589028 1.918285
-0.422020 15.589511 1.918285
-0.437152 15.589994 1.918285
-0.452283 15.590477 1.918285
-0.467415 15.590960 1.918285
-0.482546 15.591443 1.918285
-0.497677 15.591926 1.918285
-0.512809 15.592409 1.918285
-0.527940 15.592892 1.918285
-0.543071 15.593375 1.918285
-0.558203 15.593858 1.918285
-0.573334 15.594341 1.918285
0.637176 15.555706 1.903146
0.622044 15.556188 1.903146
0.606913 15.556671 1.903146
0.591782 15.557154 1.903146
0.576650 15.557637 1.903146
0.561519 15.558120 1.903146
0.546388 15.558603 1.903146
0.531256 15.559086 1.903146
0.516125 15.559569 1.903146
0.500993 15.560052 1.903146
0.485862 15.560535 1.903146
0.470731 15.561018 1.903146
0.455599 15.561501 1.903146
0.440468 15.561984 1.903146
0.425337 15.562467 1.903146
0.410205 15.562950 1.903146
0.395074 15.563433 1.903146
0.379942 15.563916 1.903146
0.364811 15.564398 1.903146
0.349680 15.564881 1.903146
0.334548 15.565364 1.903146
0.319417 15.565847 1.903146
0.304286 15.566330 1.903146
0.289154 15.566813 1.903146
0.274023 15.567296 1.903146
0.258891 15.567779 1.903146
0.243760 15.568262 1.903146
0.228629 15.568745 1.903146
0.213497 15.569228 1.903146
0.198366 15.569711 1.903146
0.183235 15.570194 1.903146
0.070464 20.013153 0.958517
0.063215 20.038776 0.953114
0.056399 20.045851 0.951655
0.049609 20.052899 0.950202
0.042846 20.059918 0.948754
0.036124 20.065673 0.947575
0.029465 20.067500 0.947231
0.022813 20.069327 0.946888
0.016166 20.071151 0.946545
0.009525 20.072974 0.946202
0.002891 20.074796 0.945860
-0.003735 20.074535 0.945960
-0.010364 20.072703 0.946395
-0.017001 20.070870 0.946830
-0.023645 20.069034 0.947266
-0.030297 20.067194 0.947702
-0.036957 20.065353 0.948140
-0.043671 20.058860 0.949567
-0.050418 20.051838 0.951107
-0.057192 20.044792 0.952652
-0.063994 20.037719 0.954203
-0.071204 20.009179 0.960325
-0.164787 15.581301 1.903146
-0.179918 15.581784 1.903146
-0.195050 15.582267 1.903146
-0.210181 15.582750 1.903146
-0.225313 15.583233 1.903146
-0.240444 15.583716 1.903146
-0.255575 15.584199 1.903146
-0.270707 15.584682 1.903146
-0.285838 15.585165 1.903146
-0.300969 15.585648 1.903146
-0.316101 15.586131 1.903146
-0.331232 15.586614 1.903146
-0.346364 15.587097 1.903146
-0.361495 15.587580 1.903146
-0.376626 15.588063 1.903146
-0.391758 15.588546 1.903146
-0.406889 15.589028 1.903146
-0.422020 15.589511 1.903146
-0.437152 15.589994 1.903146
-0.452283 15.590477 1.903146
-0.467415 15.590960 1.903146
-0.482546 15.591443 1.903146
-0.497677 15.591926 1.903146
-0.512809 15.592409 1.903146
-0.527940 15.592892 1.903146
-0.543071 15.593375 1.903146
-0.558203 15.593858 1.903146
-0.573334 15.594341 1.903146
0.637176 15.555706 1.888007
0.622044 15.556188 1.888007
0.606913 15.556671 1.888007
0.591782 15.557154 1.888007
0.576650 15.557637 1.888007
0.561519 15.558120 1.888007
0.546388 15.558603 1.888007
0.531256 15.559086 1.888007
0.516125 15.559569 1.888007
0.500993 15.560052 1.888007
0.485862 15.560535 1.888007
0.470731 15.561018 1.888007
0.455599 15.561501 1.888007
0.440468 15.561984 1.888007
0.425337 15.562467 1.888007
0.410205 15.562950 1.888007
0.395074 15.563433 1.888007
0.379942 15.563916 1.888007
0.364811 15.564398 1.888007
0.349680 15.564881 1.888007
0.334548 15.565364 1.888007
0.319417 15.565847 1.888007
0.304286 15.566330 1.888007
0.289154 15.566813 1.888007
0.274023 15.567296 1.888007
0.258891 15.567779 1.888007
0.243760 15.568262 1.888007
0.228629 15.568745 1.888007
0.213497 15.569228 1.888007
0.198366 15.569711 1.888007
0.183235 15.570194 1.888007
0.070377 20.017128 0.950937
0.063189 20.040026 0.946157
0.056376 20.047096 0.944711
0.049589 20.054139 0.943272
0.042828 20.061153 0.941838
0.036113 20.066556 0.940744
0.029456 20.068383 0.940403
0.022805 20.070208 0.940063
0.016160 20.072032 0.939723
0.009521 20.073854 0.939384
0.002888 20.075675 0.939044
-0.003736 20.075412 0.939144
-0.010363 20.073582 0.939575
-0.016998 20.071750 0.940006
-0.023641 20.069914 0.940438
-0.030291 20.068076 0.940870
-0.036949 20.066236 0.941303
-0.043659 20.060091 0.942644
-0.050403 20.053074 0.944169
-0.057175 20.046032 0.945700
-0.063975 20.038964 0.947236
-0.071135 20.013085 0.952743
-0.164787 15.581301 1.888007
-0.179918 15.581784 1.888007
-0.195050 15.582267 1.888007
-0.210181 15.582750 1.888007
-0.225313 15.583233 1.888007
-0.240444 15.583716 1.888007
-0.255575 15.584199 1.888007
-0.270707 15.584682 1.888007
-0.285838 15.585165 1.888007
-0.300969 15.585648 1.888007
-0.316101 15.586131 1.888007
-0.331232 15.586614 1.888007
-0.346364 15.587097 1.888007
-0.361495 15.587580 1.888007
-0.376626 15.588063 1.888007
-0.391758 15.588546 1.888007
-0.406889 15.589028 1.888007
-0.422020 15.589511 1.888007
-0.437152 15.589994 1.888007
-0.452283 15.590477 1.888007
-0.467415 15.590960 1.888007
-0.482546 15.591443 1.888007
-0.497677 15.591926 1.888007
-0.512809 15.592409 1.888007
-0.527940 15.592892 1.888007
-0.543071 15.593375 1.888007
-0.558203 15.593858 1.888007
-0.573334 15.594341 1.888007
0.637176 15.555706 1.872868
0.622044 15.556188 1.872868
0.606913 15.556671 1.872868
0.591782 15.557154 1.872868
0.576650 15.557637 1.872868
0.561519 15.558120 1.872868
0.546388 15.558603 1.872868
0.531256 15.559086 1.872868
0.516125 15.559569 1.872868
0.500993 15.560052 1.872868
0.485862 15.560535 1.872868
0.470731 15.561018 1.872868
0.455599 15.561501 1.872868
0.440468 15.561984 1.872868
0.425337 15.562467 1.872868
0.410205 15.562950 1.872868
0.395074 15.563433 1.872868
0.379942 15.563916 1.872868
0.364811 15.564398 1.872868
0.349680 15.564881 1.872868
0.334548 15.565364 1.872868
0.319417 15.565847 1.872868
0.304286 15.566330 1.872868
0.289154 15.566813 1.872868
0.274023 15.567296 1.872868
0.258891 15.567779 1.872868
0.243760 15.568262 1.872868
0.228629 15.568745 1.872868
0.213497 15.569228 1.872868
0.198366 15.569711 1.872868
0.183235 15.570194 1.872868
0.070289 20.021094 0.943374
0.063164 20.041275 0.939204
0.056353 20.048340 0.937773
0.049569 20.055377 0.936347
0.042810 20.062387 0.934927
0.036102 20.067438 0.933916
0.029447 20.069264 0.933579
0.022797 20.071089 0.933242
0.016154 20.072912 0.932905
0.009516 20.074733 0.932569
0.002885 20.076553 0.932233
-0.003737 20.076290 0.932332
-0.010363 20.074461 0.932758
-0.016996 20.072629 0.933185
-0.023637 20.070795 0.933613
-0.030286 20.068957 0.934041
-0.036942 20.067118 0.934470
-0.043646 20.061321 0.935727
-0.050388 20.054309 0.937237
-0.057158 20.047272 0.938753
-0.063955 20.040209 0.940274
-0.071066 20.016982 0.945176
-0.164787 15.581301 1.872868
-0.179918 15.581784 1.872868
-0.195050 15.582267 1.872868
-0.210181 15.582750 1.872868
-0.225313 15.583233 1.872868
-0.240444 15.583716 1.872868
-0.255575 15.584199 1.872868
-0.270707 15.584682 1.872868
-0.285838 15.585165 1.872868
-0.300969 15.585648 1.872868
-0.316101 15.586131 1.872868
-0.331232 15.586614 1.872868
-0.346364 15.587097 1.872868
-0.361495 15.587580 1.872868
-0.376626 15.588063 1.872868
-0.391758 15.588546 1.872868
-0.406889 15.589028 1.872868
-0.422020 15.589511 1.872868
-0.437152 15.589994 1.872868
-0.452283 15.590477 1.872868
-0.467415 15.590960 1.872868
-0.482546 15.591443 1.872868
-0.497677 15.591926 1.872868
-0.512809 15.592409 1.872868
-0.527940 15.592892 1.872868
-0.543071 15.593375 1.872868
-0.558203 15.593858 1.872868
-0.573334 15.594341 1.872868
0.637176 15.555706 1.857729
0.622044 15.556188 1.857729
0.606913 15.556671 1.857729
0.591782 15.557154 1.857729
0.576650 15.557637 1.857729
0.561519 15.558120 1.857729
0.546388 15.558603 1.857729
0.531256 15.559086 1.857729
0.516125 15.559569 1.857729
0.500993 15.560052 1.857729
0.485862 15.560535 1.857729
0.470731 15.561018 1.857729
0.455599 15.561501 1.857729
0.440468 15.561984 1.857729
0.425337 15.562467 1.857729
0.410205 15.562950 1.857729
0.395074 15.563433 1.857729
0.379942 15.563916 1.857729
0.364811 15.564398 1.857729
0.349680 15.564881 1.857729
0.334548 15.565364 1.857729
0.319417 15.565847 1.857729
0.304286 15.566330 1.857729
0.289154 15.566813 1.857729
0.274023 15.567296 1.857729
0.258891 15.567779 1.857729
0.243760 15.568262 1.857729
0.228629 15.568745 1.857729
0.213497 15.569228 1.857729
0.198366 15.569711 1.857729
0.183235 15.570194 1.857729
0.070203 20.025043 0.935829
0.063139 20.042523 0.932256
0.056331 20.049583 0.930839
0.049549 20.056616 0.929427
0.042793 20.063621 0.928021
0.036091 20.068320 0.927092
0.029437 20.070146 0.926758
0.022789 20.071969 0.926424
0.016148 20.073791 0.926090
0.009512 20.075612 0.925757
0.002883 20.077431 0.925424
-0.003738 20.077167 0.925523
-0.010362 20.075338 0.925945
-0.016994 20.073508 0.926368
-0.023633 20.071675 0.926792
-0.030280 20.069838 0.927216
-0.036935 20.068000 0.927641
-0.043634 20.062550 0.928814
-0.050373 20.055543 0.930310
-0.057140 20.048511 0.931811
-0.063935 20.041453 0.933317
-0.070997 20.020872 0.937627
-0.164787 15.581301 1.857729
-0.179918 15.581784 1.857729
-0.195050 15.582267 1.857729
-0.210181 15.582750 1.857729
-0.225313 15.583233 1.857729
-0.240444 15.583716 1.857729
-0.255575 15.584199 1.857729
-0.270707 15.584682 1.857729
-0.285838 15.585165 1.857729
-0.300969 15.585648 1.857729
-0.316101 15.586131 1.857729
-0.331232 15.586614 1.857729
-0.346364 15.587097 1.857729
-0.361495 15.587580 1.857729
-0.376626 15.588063 1.857729
-0.391758 15.588546 1.857729
-0.406889 15.589028 1.857729
-0.422020 15.589511 1.857729
-0.437152 15.589994 1.857729
-0.452283 15.590477 1.857729
-0.467415 15.590960 1.857729
-0.482546 15.591443 1.857729
-0.497677 15.591926 1.857729
-0.512809 15.592409 1.857729
-0.527940 15.592892 1.857729
-0.543071 15.593375 1.857729
-0.558203 15.593858 1.857729
-0.573334 15.594341 1.857729
0.637176 15.555706 1.842590
0.622044 15.556188 1.842590
0.606913 15.556671 1.842590
0.591782 15.557154 1.842590
0.576650 15.557637 1.842590
0.561519 15.558120 1.842590
0.546388 15.558603 1.842590
0.531256 15.559086 1.842590
0.516125 15.559569 1.842590
0.500993 15.560052 1.842590
0.485862 15.560535 1.842590
0.470731 15.561018 1.842590
0.455599 15.561501 1.842590
0.440468 15.561984 1.842590
0.425337 15.562467 1.842590
0.410205 15.562950 1.842590
0.395074 15.563433 1.842590
0.379942 15.563916 1.842590
0.364811 15.564398 1.842590
0.349680 15.564881 1.842590
0.334548 15.565364 1.842590
0.319417 15.565847 1.842590
0.304286 15.566330 1.842590
0.289154 15.566813 1.842590
0.274023 15.567296 1.842590
0.258891 15.567779 1.842590
0.243760 15.568262 1.842590
0.228629 15.568745 1.842590
0.213497 15.569228 1.842590
0.198366 15.569711 1.842590
0.183235 15.570194 1.842590
0.070116 20.028983 0.928301
0.063114 20.043770 0.925313
0.056308 20.050825 0.923909
0.049528 20.057853 0.922512
0.042775 20.064853 0.921119
0.036080 20.069202 0.920271
0.029428 20.071026 0.919940
0.022782 20.072849 0.919609
0.016142 20.074670 0.919279
0.009508 20.076490 0.918949
0.002880 20.078308 0.918619
-0.003739 20.078043 0.918717
-0.010362 20.076216 0.919136
-0.016991 20.074386 0.919554
-0.023629 20.072554 0.919974
-0.030274 20.070719 0.920394
-0.036928 20.068881 0.920815
-0.043622 20.063778 0.921906
-0.050358 20.056777 0.923387
-0.057123 20.049749 0.924873
-0.063916 20.042696 0.926365
-0.070928 20.024755 0.930093
-0.164787 15.581301 1.842590
-0.179918 15.581784 1.842590
-0.195050 15.582267 1.842590
-0.210181 15.582750 1.842590
-0.225313 15.583233 1.842590
-0.240444 15.583716 1.842590
-0.255575 15.584199 1.842590
-0.270707 15.584682 1.842590
-0.285838 15.585165 1.842590
-0.300969 15.585648 1.842590
-0.316101 15.586131 1.842590
-0.331232 15.586614 1.842590
-0.346364 15.587097 1.842590
-0.361495 15.587580 1.842590
-0.376626 15.588063 1.842590
-0.391758 15.588546 1.842590
-0.406889 15.589028 1.842590
-0.422020 15.589511 1.842590
-0.437152 15.589994 1.842590
-0.452283 15.590477 1.842590
-0.467415 15.590960 1.842590
-0.482546 15.591443 1.842590
-0.497677 15.591926 1.842590
-0.512809 15.592409 1.842590
-0.527940 15.592892 1.842590
-0.543071 15.593375 1.842590
-0.558203 15.593858 1.842590
-0.573334 15.594341 1.842590
0.637176 15.555706 1.827451
0.622044 15.556188 1.827451
0.606913 15.556671 1.827451
0.591782 15.557154 1.827451
0.576650 15.557637 1.827451
0.561519 15.558120 1.827451
0.546388 15.558603 1.827451
0.531256 15.559086 1.827451
0.516125 15.559569 1.827451
0.500993 15.560052 1.827451
0.485862 15.560535 1.827451
0.470731 15.561018 1.827451
0.455599 15.561501 1.827451
0.440468 15.561984 1.827451
0.425337 15.562467 1.827451
0.410205 15.562950 1.827451
0.395074 15.563433 1.827451
0.379942 15.563916 1.827451
0.364811 15.564398 1.827451
0.349680 15.564881 1.827451
0.334548 15.565364 1.827451
0.319417 15.565847 1.827451
0.304286 15.566330 1.827451
0.289154 15.566813 1.827451
0.274023 15.567296 1.827451
0.258891 15.567779 1.827451
0.243760 15.568262 1.827451
0.228629 15.568745 1.827451
0.213497 15.569228 1.827451
0.198366 15.569711 1.827451
0.077459 20.002195 0.926988
0.070030 20.032915 0.920790
0.063089 20.045016 0.918375
0.056286 20.052067 0.916985
0.049508 20.059089 0.915601
0.042757 20.066084 0.914223
0.036069 20.070083 0.913453
0.029418 20.071907 0.913126
0.022774 20.073729 0.912798
0.016136 20.075549 0.912471
0.009503 20.077368 0.912144
0.002877 20.079185 0.911818
-0.003740 20.078919 0.911915
-0.010361 20.077093 0.912329
-0.016989 20.075264 0.912744
-0.023625 20.073433 0.913160
-0.030269 20.071598 0.913576
-0.036920 20.069762 0.913992
-0.043609 20.065006 0.915003
-0.050344 20.058009 0.916469
-0.057106 20.050986 0.917941
-0.063896 20.043938 0.919418
-0.070860 20.028629 0.922576
-0.164787 15.581301 1.827451
-0.179918 15.581784 1.827451
-0.195050 15.582267 1.827451
-0.210181 15.582750 1.827451
-0.225313 15.583233 1.827451
-0.240444 15.583716 1.827451
-0.255575 15.584199 1.827451
-0.270707 15.584682 1.827451
-0.285838 15.585165 1.827451
-0.300969 15.585648 1.827451
-0.316101 15.586131 1.827451
-0.331232 15.586614 1.827451
-0.346364 15.587097 1.827451
-0.361495 15.587580 1.827451
-0.376626 15.588063 1.827451
-0.391758 15.588546 1.827451
-0.406889 15.589028 1.827451
-0.422020 15.589511 1.827451
-0.437152 15.589994 1.827451
-0.452283 15.590477 1.827451
-0.467415 15.590960 1.827451
-0.482546 15.591443 1.827451
-0.497677 15.591926 1.827451
-0.512809 15.592409 1.827451
-0.527940 15.592892 1.827451
-0.543071 15.593375 1.827451
-0.558203 15.593858 1.827451
-0.573334 15.594341 1.827451
0.637176 15.555706 1.812312
0.622044 15.556188 1.812312
0.606913 15.556671 1.812312
0.591782 15.557154 1.812312
0.576650 15.557637 1.812312
0.561519 15.558120 1.812312
0.546388 15.558603 1.812312
0.531256 15.559086 1.812312
0.516125 15.559569 1.812312
0.500993 15.560052 1.812312
0.485862 15.560535 1.812312
0.470731 15.561018 1.812312
0.455599 15.561501 1.812312
0.440468 15.561984 1.812312
0.425337 15.562467 1.812312
0.410205 15.562950 1.812312
0.395074 15.563433 1.812312
0.379942 15.563916 1.812312
0.364811 15.564398 1.812312
0.349680 15.564881 1.812312
0.334548 15.565364 1.812312
0.319417 15.565847 1.812312
0.304286 15.566330 1.812312
0.289154 15.566813 1.812312
0.274023 15.567296 1.812312
0.258891 15.567779 1.812312
0.243760 15.568262 1.812312
0.228629 15.568745 1.812312
0.213497 15.569228 1.812312
0.198366 15.569711 1.812312
0.077364 20.006195 0.919420
0.069943 20.036838 0.913295
0.063064 20.046262 0.911441
0.056263 20.053307 0.910066
0.049488 20.060325 0.908696
0.042739 20.067315 0.907331
0.036058 20.070964 0.906639
0.029409 20.072787 0.906315
0.022766 20.074607 0.905991
0.016130 20.076427 0.905667
0.009499 20.078245 0.905343
0.002874 20.080062 0.905020
-0.003741 20.079795 0.905116
-0.010360 20.077970 0.905526
-0.016987 20.076142 0.905937
-0.023621 20.074312 0.906348
-0.030263 20.072478 0.906761
-0.036913 20.070642 0.907173
-0.043597 20.066232 0.908104
-0.050329 20.059240 0.909556
-0.057089 20.052222 0.911013
-0.063876 20.045179 0.912476
-0.070791 20.032494 0.915075
-0.078099 20.002249 0.921215
-0.179918 15.581784 1.812312
-0.195050 15.582267 1.812312
-0.210181 15.582750 1.812312
-0.225313 15.583233 1.812312
-0.240444 15.583716 1.812312
-0.255575 15.584199 1.812312
-0.270707 15.584682 1.812312
-0.285838 15.585165 1.812312
-0.300969 15.585648 1.812312
-0.316101 15.586131 1.812312
-0.331232 15.586614 1.812312
-0.346364 15.587097 1.812312
-0.361495 15.587580 1.812312
-0.376626 15.588063 1.812312
-0.391758 15.588546 1.812312
-0.406889 15.589028 1.812312
-0.422020 15.589511 1.812312
-0.437152 15.589994 1.812312
-0.452283 15.590477 1.812312
-0.467415 15.590960 1.812312
-0.482546 15.591443 1.812312
-0.497677 15.591926 1.812312
-0.512809 15.592409 1.812312
-0.527940 15.592892 1.812312
-0.543071 15.593375 1.812312
-0.558203 15.593858 1.812312
-0.573334 15.594341 1.812312
0.637176 15.555706 1.797173
0.622044 15.556188 1.797173
0.606913 15.556671 1.797173
0.591782 15.557154 1.797173
0.576650 15.557637 1.797173
0.561519 15.558120 1.797173
0.546388 15.558603 1.797173
0.531256 15.559086 1.797173
0.516125 15.559569 1.797173
0.500993 15.560052 1.797173
0.485862 15.560535 1.797173
0.470731 15.561018 1.797173
0.455599 15.561501 1.797173
0.440468 15.561984 1.797173
0.425337 15.562467 1.797173
0.410205 15.562950 1.797173
0.395074 15.563433 1.797173
0.379942 15.563916 1.797173
0.364811 15.564398 1.797173
0.349680 15.564881 1.797173
0.334548 15.565364 1.797173
0.319417 15.565847 1.797173
0.304286 15.566330 1.797173
0.289154 15.566813 1.797173
0.274023 15.567296 1.797173
0.258891 15.567779 1.797173
0.243760 15.568262 1.797173
0.228629 15.568745 1.797173
0.213497 15.569228 1.797173
0.198366 15.569711 1.797173
0.077269 20.010185 0.911870
0.069864 20.040438 0.905880
0.063039 20.047506 0.904513
0.056240 20.054547 0.903151
0.049468 20.061559 0.901795
0.042722 20.068545 0.900444
0.036047 20.071844 0.899828
0.029400 20.073666 0.899507
0.022759 20.075486 0.899186
0.016124 20.077305 0.898866
0.009495 20.079122 0.898545
0.002872 20.080938 0.898225
-0.003743 20.080670 0.898321
-0.010360 20.078846 0.898727
-0.016985 20.077019 0.899134
-0.023617 20.075189 0.899541
-0.030258 20.073357 0.899949
-0.036906 20.071523 0.900357
-0.043584 20.067458 0.901211
-0.050314 20.060471 0.902648
-0.057071 20.053457 0.904090
-0.063857 20.046420 0.905538
-0.070723 20.036351 0.907591
-0.078023 20.006170 0.913660
-0.179918 15.581784 1.797173
-0.195050 15.582267 1.797173
-0.210181 15.582750 1.797173
-0.225313 15.583233 1.797173
-0.240444 15.583716 1.797173
-0.255575 15.584199 1.797173
-0.270707 15.584682 1.797173
-0.285838 15.585165 1.797173
-0.300969 15.585648 1.797173
-0.316101 15.586131 1.797173
-0.331232 15.586614 1.797173
-0.346364 15.587097 1.797173
-0.361495 15.587580 1.797173
-0.376626 15.588063 1.797173
-0.391758 15.588546 1.797173
-0.406889 15.589028 1.797173
-0.422020 15.589511 1.797173
-0.437152 15.589994 1.797173
-0.452283 15.590477 1.797173
-0.467415 15.590960 1.797173
-0.482546 15.591443 1.797173
-0.497677 15.591926 1.797173
-0.512809 15.592409 1.797173
-0.527940 15.592892 1.797173
-0.543071 15.593375 1.797173
-0.558203 15.593858 1.797173
-0.573334 15.594341 1.797173
0.637176 15.555706 1.782034
0.622044 15.556188 1.782034
0.606913 15.556671 1.782034
0.591782 15.557154 1.782034
0.576650 15.557637 1.782034
0.561519 15.558120 1.782034
0.546388 15.558603 1.782034
0.531256 15.559086 1.782034
0.516125 15.559569 1.782034
0.500993 15.560052 1.782034
0.485862 15.560535 1.782034
0.470731 15.561018 1.782034
0.455599 15.561501 1.782034
0.440468 15.561984 1.782034
0.425337 15.562467 1.782034
0.410205 15.562950 1.782034
0.395074 15.563433 1.782034
0.379942 15.563916 1.782034
0.364811 15.564398 1.782034
0.349680 15.564881 1.782034
0.334548 15.565364 1.782034
0.319417 15.565847 1.782034
0.304286 15.566330 1.782034
0.289154 15.566813 1.782034
0.274023 15.567296 1.782034
0.258891 15.567779 1.782034
0.243760 15.568262 1.782034
0.228629 15.568745 1.782034
0.213497 15.569228 1.782034
0.198366 15.569711 1.782034
0.077174 20.014166 0.904336
0.069837 20.041687 0.898943
0.063014 20.048750 0.897590
0.056218 20.055785 0.896242
0.049448 20.062793 0.894899
0.042704 20.069774 0.893562
0.036036 20.072724 0.893021
0.029390 20.074545 0.892703
0.022751 20.076364 0.892385
0.016118 20.078182 0.892068
0.009490 20.079998 0.891751
0.002869 20.081813 0.891434
-0.003744 20.081545 0.891529
-0.010359 20.079721 0.891931
-0.016982 20.077896 0.892333
-0.023613 20.076067 0.892737
-0.030252 20.074236 0.893141
-0.036898 20.072402 0.893545
-0.043572 20.068683 0.894322
-0.050299 20.061701 0.895745
-0.057054 20.054692 0.897172
-0.063837 20.047659 0.898605
-0.070655 20.040199 0.900123
-0.077946 20.010083 0.906121
-0.179918 15.581784 1.782034
-0.195050 15.582267 1.782034
-0.210181 15.582750 1.782034
-0.225313 15.583233 1.782034
-0.240444 15.583716 1.782034
-0.255575 15.584199 1.782034
-0.270707 15.584682 1.782034
-0.285838 15.585165 1.782034
-0.300969 15.585648 1.782034
-0.316101 15.586131 1.782034
-0.331232 15.586614 1.782034
-0.346364 15.587097 1.782034
-0.361495 15.587580 1.782034
-0.376626 15.588063 1.782034
-0.391758 15.588546 1.782034
-0.406889 15.589028 1.782034
-0.422020 15.589511 1.782034
-0.437152 15.589994 1.782034
-0.452283 15.590477 1.782034
-0.467415 15.590960 1.782034
-0.482546 15.591443 1.782034
-0.497677 15.591926 1.782034
-0.512809 15.592409 1.782034
-0.527940 15.592892 1.782034
-0.543071 15.593375 1.782034
-0.558203 15.593858 1.782034
-0.573334 15.594341 1.782034
0.637176 15.555706 1.766895
0.622044 15.556188 1.766895
0.606913 15.556671 1.766895
0.591782 15.557154 1.766895
0.576650 15.557637 1.766895
0.561519 15.558120 1.766895
0.546388 15.558603 1.766895
0.531256 15.559086 1.766895
0.516125 15.559569 1.766895
0.500993 15.560052 1.766895
0.485862 15.560535 1.766895
0.470731 15.561018 1.766895
0.455599 15.561501 1.766895
0.440468 15.561984 1.766895
0.425337 15.562467 1.766895
0.410205 15.562950 1.766895
0.395074 15.563433 1.766895
0.379942 15.563916 1.766895
0.364811 15.564398 1.766895
0.349680 15.564881 1.766895
0.334548 15.565364 1.766895
0.319417 15.565847 1.766895
0.304286 15.566330 1.766895
0.289154 15.566813 1.766895
0.274023 15.567296 1.766895
0.258891 15.567779 1.766895
0.243760 15.568262 1.766895
0.228629 15.568745 1.766895
0.213497 15.569228 1.766895
0.198366 15.569711 1.766895
0.077079 20.018139 0.896819
0.069809 20.042934 0.892010
0.062989 20.049992 0.890671
0.056195 20.057023 0.889337
0.049428 20.064026 0.888008
0.042686 20.071002 0.886685
0.036025 20.073603 0.886217
0.029381 20.075423 0.885902
0.022743 20.077242 0.885588
0.016112 20.079059 0.885274
0.009486 20.080874 0.884960
0.002866 20.082688 0.884646
-0.003745 20.082419 0.884740
-0.010359 20.080597 0.885138
-0.016980 20.078772 0.885537
-0.023609 20.076944 0.885936
-0.030246 20.075114 0.886336
-0.036891 20.073281 0.886736
-0.043559 20.069907 0.887438
-0.050284 20.062930 0.888846
-0.057037 20.055926 0.890259
-0.063817 20.048898 0.891678
-0.070626 20.041841 0.893101
-0.077869 20.013986 0.898600
-0.179918 15.581784 1.766895
-0.195050 15.582267 1.766895
-0.210181 15.582750 1.766895
-0.225313 15.583233 1.766895
-0.240444 15.583716 1.766895
-0.255575 15.584199 1.766895
-0.270707 15.584682 1.766895
-0.285838 15.585165 1.766895
-0.300969 15.585648 1.766895
-0.316101 15.586131 1.766895
-0.331232 15.586614 1.766895
-0.346364 15.587097 1.766895
-0.361495 15.587580 1.766895
-0.376626 15.588063 1.766895
-0.391758 15.588546 1.766895
-0.406889 15.589028 1.766895
-0.422020 15.589511 1.766895
-0.437152 15.589994 1.766895
-0.452283 15.590477 1.766895
-0.467415 15.590960 1.766895
-0.482546 15.591443 1.766895
-0.497677 15.591926 1.766895
-0.512809 15.592409 1.766895
-0.527940 15.592892 1.766895
-0.543071 15.593375 1.766895
-0.558203 15.593858 1.766895
-0.573334 15.594341 1.766895
0.637176 15.555706 1.751756
0.622044 15.556188 1.751756
0.606913 15.556671 1.751756
0.591782 15.557154 1.751756
0.576650 15.557637 1.751756
0.561519 15.558120 1.751756
0.546388 15.558603 1.751756
0.531256 15.559086 1.751756
0.516125 15.559569 1.751756
0.500993 15.560052 1.751756
0.485862 15.560535 1.751756
0.470731 15.561018 1.751756
0.455599 15.561501 1.751756
0.440468 15.561984 1.751756
0.425337 15.562467 1.751756
0.410205 15.562950 1.751756
0.395074 15.563433 1.751756
0.379942 15.563916 1.751756
0.364811 15.564398 1.751756
0.349680 15.564881 1.751756
0.334548 15.565364 1.751756
0.319417 15.565847 1.751756
0.304286 15.566330 1.751756
0.289154 15.566813 1.751756
0.274023 15.567296 1.751756
0.258891 15.567779 1.751756
0.243760 15.568262 1.751756
0.228629 15.568745 1.751756
0.213497 15.569228 1.751756
0.198366 15.569711 1.751756
0.076984 20.022097 0.889319
0.069782 20.044181 0.885082
0.062964 20.051234 0.883757
0.056173 20.058260 0.882437
0.049408 20.065258 0.881122
0.042668 20.072229 0.879812
0.036014 20.074482 0.879417
0.029372 20.076302 0.879105
0.022736 20.078119 0.878794
0.016106 20.079935 0.878483
0.009482 20.081750 0.878172
0.002864 20.083563 0.877861
-0.003746 20.083293 0.877955
-0.010358 20.081471 0.878349
-0.016978 20.079648 0.878743
-0.023605 20.077821 0.879138
-0.030241 20.075991 0.879534
-0.036884 20.074160 0.879930
-0.043547 20.071130 0.880559
-0.050270 20.064158 0.881952
-0.057020 20.057158 0.883351
-0.063798 20.050136 0.884755
-0.070604 20.043084 0.886164
-0.077793 20.017882 0.891094
-0.179918 15.581784 1.751756
-0.195050 15.582267 1.751756
-0.210181 15.582750 1.751756
-0.225313 15.583233 1.751756
-0.240444 15.583716 1.751756
-0.255575 15.584199 1.751756
-0.270707 15.584682 1.751756
-0.285838 15.585165 1.751756
-0.300969 15.585648 1.751756
-0.316101 15.586131 1.751756
-0.331232 15.586614 1.751756
-0.346364 15.587097 1.751756
-0.361495 15.587580 1.751756
-0.376626 15.588063 1.751756
-0.391758 15.588546 1.751756
-0.406889 15.589028 1.751756
-0.422020 15.589511 1.751756
-0.437152 15.589994 1.751756
-0.452283 15.590477 1.751756
-0.467415 15.590960 1.751756
-0.482546 15.591443 1.751756
-0.497677 15.591926 1.751756
-0.512809 15.592409 1.751756
-0.527940 15.592892 1.751756
-0.543071 15.593375 1.751756
-0.558203 15.593858 1.751756
-0.573334 15.594341 1.751756
0.637176 15.555706 1.736616
0.622044 15.556188 1.736616
0.606913 15.556671 1.736616
0.591782 15.557154 1.736616
0.576650 15.557637 1.736616
0.561519 15.558120 1.736616
0.546388 15.558603 1.736616
0.531256 15.559086 1.736616
0.516125 15.559569 1.736616
0.500993 15.560052 1.736616
0.485862 15.560535 1.736616
0.470731 15.561018 1.736616
0.455599 15.561501 1.736616
0.440468 15.561984 1.736616
0.425337 15.562467 1.736616
0.410205 15.562950 1.736616
0.395074 15.563433 1.736616
0.379942 15.563916 1.736616
0.364811 15.564398 1.736616
0.349680 15.564881 1.736616
0.334548 15.565364 1.736616
0.319417 15.565847 1.736616
0.304286 15.566330 1.736616
0.289154 15.566813 1.736616
0.274023 15.567296 1.736616
0.258891 15.567779 1.736616
0.243760 15.568262 1.736616
0.228629 15.568745 1.736616
0.213497 15.569228 1.736616
0.198366 15.569711 1.736616
0.076890 20.026044 0.881837
0.069755 20.045427 0.878160
0.062939 20.052475 0.876848
0.056150 20.059496 0.875542
0.049388 20.066489 0.874241
0.042651 20.073455 0.872945
0.036003 20.075361 0.872620
0.029362 20.077179 0.872311
0.022728 20.078996 0.872003
0.016099 20.080812 0.871695
0.009477 20.082625 0.871388
0.002861 20.084437 0.871080
-0.003747 20.084167 0.871173
-0.010357 20.082346 0.871563
-0.016976 20.080523 0.871953
-0.023602 20.078697 0.872345
-0.030235 20.076869 0.872736
-0.036877 20.075038 0.873128
-0.043535 20.072352 0.873685
-0.050255 20.065385 0.875063
-0.057003 20.058390 0.876448
-0.063778 20.051373 0.877836
-0.070582 20.044326 0.879231
-0.077717 20.021769 0.883605
-0.179918 15.581784 1.736616
-0.195050 15.582267 1.736616
-0.210181 15.582750 1.736616
-0.225313 15.583233 1.736616
-0.240444 15.583716 1.736616
-0.255575 15.584199 1.736616
-0.270707 15.584682 1.736616
-0.285838 15.585165 1.736616
-0.300969 15.585648 1.736616
-0.316101 15.586131 1.736616
-0.331232 15.586614 1.736616
-0.346364 15.587097 1.736616
-0.361495 15.587580 1.736616
-0.376626 15.588063 1.736616
-0.391758 15.588546 1.736616
-0.406889 15.589028 1.736616
-0.422020 15.589511 1.736616
-0.437152 15.589994 1.736616
-0.452283 15.590477 1.736616
-0.467415 15.590960 1.736616
-0.482546 15.591443 1.736616
-0.497677 15.591926 1.736616
-0.512809 15.592409 1.736616
-0.527940 15.592892 1.736616
-0.543071 15.593375 1.736616
-0.558203 15.593858 1.736616
-0.573334 15.594341 1.736616
0.637176 15.555706 1.721477
0.622044 15.556188 1.721477
0.606913 15.556671 1.721477
0.591782 15.557154 1.721477
0.576650 15.557637 1.721477
0.561519 15.558120 1.721477
0.546388 15.558603 1.721477
0.531256 15.559086 1.721477
0.516125 15.559569 1.721477
0.500993 15.560052 1.721477
0.485862 15.560535 1.721477
0.470731 15.561018 1.721477
0.455599 15.561501 1.721477
0.440468 15.561984 1.721477
0.425337 15.562467 1.721477
0.410205 15.562950 1.721477
0.395074 15.563433 1.721477
0.379942 15.563916 1.721477
0.364811 15.564398 1.721477
0.349680 15.564881 1.721477
0.334548 15.565364 1.721477
0.319417 15.565847 1.721477
0.304286 15.566330 1.721477
0.289154 15.566813 1.721477
0.274023 15.567296 1.721477
0.258891 15.567779 1.721477
0.243760 15.568262 1.721477
0.228629 15.568745 1.721477
0.213497 15.569228 1.721477
0.198366 15.569711 1.721477
0.076796 20.029982 0.874371
0.069727 20.046672 0.871242
0.062914 20.053715 0.869944
0.056128 20.060731 0.868652
0.049367 20.067719 0.867364
0.042637 20.074420 0.866132
0.035992 20.076239 0.865826
0.029353 20.078056 0.865521
0.022720 20.079872 0.865216
0.016093 20.081687 0.864911
0.009473 20.083500 0.864607
0.002858 20.085311 0.864303
-0.003748 20.085040 0.864394
-0.010357 20.083220 0.864780
-0.016973 20.081398 0.865167
-0.023598 20.079573 0.865554
-0.030230 20.077746 0.865941
-0.036869 20.075916 0.866330
-0.043522 20.073574 0.866815
-0.050240 20.066611 0.868179
-0.056986 20.059621 0.869549
-0.063759 20.052608 0.870923
-0.070560 20.045567 0.872303
-0.077641 20.025649 0.876132
-0.179918 15.581784 1.721477
-0.195050 15.582267 1.721477
-0.210181 15.582750 1.721477
-0.225313 15.583233 1.721477
-0.240444 15.583716 1.721477
-0.255575 15.584199 1.721477
-0.270707 15.584682 1.721477
-0.285838 15.585165 1.721477
-0.300969 15.585648 1.721477
-0.316101 15.586131 1.721477
-0.331232 15.586614 1.721477
-0.346364 15.587097 1.721477
-0.361495 15.587580 1.721477
-0.376626 15.588063 1.721477
-0.391758 15.588546 1.721477
-0.406889 15.589028 1.721477
-0.422020 15.589511 1.721477
-0.437152 15.589994 1.721477
-0.452283 15.590477 1.721477
-0.467415 15.590960 1.721477
-0.482546 15.591443 1.721477
-0.497677 15.591926 1.721477
-0.512809 15.592409 1.721477
-0.527940 15.592892 1.721477
-0.543071 15.593375 1.721477
-0.558203 15.593858 1.721477
-0.573334 15.594341 1.721477
0.637176 15.555706 1.706338
0.622044 15.556188 1.706338
0.606913 15.556671 1.706338
0.591782 15.557154 1.706338
0.576650 15.557637 1.706338
0.561519 15.558120 1.706338
0.546388 15.558603 1.706338
0.531256 15.559086 1.706338
0.516125 15.559569 1.706338
0.500993 15.560052 1.706338
0.485862 15.560535 1.706338
0.470731 15.561018 1.706338
0.455599 15.561501 1.706338
0.440468 15.561984 1.706338
0.425337 15.562467 1.706338
0.410205 15.562950 1.706338
0.395074 15.563433 1.706338
0.379942 15.563916 1.706338
0.364811 15.564398 1.706338
0.349680 15.564881 1.706338
0.334548 15.565364 1.706338
0.319417 15.565847 1.706338
0.304286 15.566330 1.706338
0.289154 15.566813 1.706338
0.274023 15.567296 1.706338
0.258891 15.567779 1.706338
0.243760 15.568262 1.706338
0.228629 15.568745 1.706338
0.213497 15.569228 1.706338
0.084187 20.003215 0.872654
0.076702 20.033911 0.866922
0.069700 20.047916 0.864329
0.062890 20.054954 0.863045
0.056105 20.061965 0.861766
0.049347 20.068949 0.860493
0.042624 20.075298 0.859338
0.035981 20.077117 0.859036
0.029344 20.078933 0.858734
0.022713 20.080748 0.858432
0.016087 20.082562 0.858131
0.009468 20.084374 0.857829
0.002856 20.086184 0.857528
-0.003749 20.085912 0.857619
-0.010356 20.084093 0.858001
-0.016971 20.082272 0.858384
-0.023594 20.080448 0.858767
-0.030224 20.078622 0.859150
-0.036862 20.076793 0.859534
-0.043510 20.074795 0.859950
-0.050225 20.067837 0.861300
-0.056968 20.060851 0.862655
-0.063739 20.053844 0.864015
-0.070538 20.046807 0.865380
-0.077565 20.029521 0.868675
-0.179918 15.581784 1.706338
-0.195050 15.582267 1.706338
-0.210181 15.582750 1.706338
-0.225313 15.583233 1.706338
-0.240444 15.583716 1.706338
-0.255575 15.584199 1.706338
-0.270707 15.584682 1.706338
-0.285838 15.585165 1.706338
-0.300969 15.585648 1.706338
-0.316101 15.586131 1.706338
-0.331232 15.586614 1.706338
-0.346364 15.587097 1.706338
-0.361495 15.587580 1.706338
-0.376626 15.588063 1.706338
-0.391758 15.588546 1.706338
-0.406889 15.589028 1.706338
-0.422020 15.589511 1.706338
-0.437152 15.589994 1.706338
-0.452283 15.590477 1.706338
-0.467415 15.590960 1.706338
-0.482546 15.591443 1.706338
-0.497677 15.591926 1.706338
-0.512809 15.592409 1.706338
-0.527940 15.592892 1.706338
-0.543071 15.593375 1.706338
-0.558203 15.593858 1.706338
-0.573334 15.594341 1.706338
0.637176 15.555706 1.691199
0.622044 15.556188 1.691199
0.606913 15.556671 1.691199
0.591782 15.557154 1.691199
0.576650 15.557637 1.691199
0.561519 15.558120 1.691199
0.546388 15.558603 1.691199
0.531256 15.559086 1.691199
0.516125 15.559569 1.691199
0.500993 15.560052 1.691199
0.485862 15.560535 1.691199
0.470731 15.561018 1.691199
0.455599 15.561501 1.691199
0.440468 15.561984 1.691199
0.425337 15.562467 1.691199
0.410205 15.562950 1.691199
0.395074 15.563433 1.691199
0.379942 15.563916 1.691199
0.364811 15.564398 1.691199
0.349680 15.564881 1.691199
0.334548 15.565364 1.691199
0.319417 15.565847 1.691199
0.304286 15.566330 1.691199
0.289154 15.566813 1.691199
0.274023 15.567296 1.691199
0.258891 15.567779 1.691199
0.243760 15.568262 1.691199
0.228629 15.568745 1.691199
0.213497 15.569228 1.691199
0.084084 20.007212 0.865150
0.076609 20.037831 0.859490
0.069673 20.049159 0.857421
0.062865 20.056193 0.856151
0.056083 20.063199 0.854886
0.049327 20.070177 0.853626
0.042611 20.076176 0.852548
0.035970 20.077994 0.852249
0.029334 20.079810 0.851950
0.022705 20.081624 0.851652
0.016081 20.083437 0.851353
0.009464 20.085248 0.851055
0.002853 20.087058 0.850757
-0.003750 20.086784 0.850848
-0.010356 20.084967 0.851225
-0.016969 20.083147 0.851604
-0.023590 20.081324 0.851983
-0.030219 20.079498 0.852362
-0.036855 20.077670 0.852742
-0.043499 20.075840 0.853123
-0.050211 20.069062 0.854426
-0.056951 20.062081 0.855766
-0.063720 20.055078 0.857111
-0.070516 20.048046 0.858462
-0.077489 20.033385 0.861235
-0.084853 20.003156 0.866910
-0.195050 15.582267 1.691199
-0.210181 15.582750 1.691199
-0.225313 15.583233 1.691199
-0.240444 15.583716 1.691199
-0.255575 15.584199 1.691199
-0.270707 15.584682 1.691199
-0.285838 15.585165 1.691199
-0.300969 15.585648 1.691199
-0.316101 15.586131 1.691199
-0.331232 15.586614 1.691199
-0.346364 15.587097 1.691199
-0.361495 15.587580 1.691199
-0.376626 15.588063 1.691199
-0.391758 15.588546 1.691199
-0.406889 15.589028 1.691199
-0.422020 15.589511 1.691199
-0.437152 15.589994 1.691199
-0.452283 15.590477 1.691199
-0.467415 15.590960 1.691199
-0.482546 15.591443 1.691199
-0.497677 15.591926 1.691199
-0.512809 15.592409 1.691199
-0.527940 15.592892 1.691199
-0.543071 15.593375 1.691199
-0.558203 15.593858 1.691199
-0.573334 15.594341 1.691199
0.637176 15.555706 1.676060
0.622044 15.556188 1.676060
0.606913 15.556671 1.676060
0.591782 15.557154 1.676060
0.576650 15.557637 1.676060
0.561519 15.558120 1.676060
0.546388 15.558603 1.676060
0.531256 15.559086 1.676060
0.516125 15.559569 1.676060
0.500993 15.560052 1.676060
0.485862 15.560535 1.676060
0.470731 15.561018 1.676060
0.455599 15.561501 1.676060
0.440468 15.561984 1.676060
0.425337 15.562467 1.676060
0.410205 15.562950 1.676060
0.395074 15.563433 1.676060
0.379942 15.563916 1.676060
0.364811 15.564398 1.676060
0.349680 15.564881 1.676060
0.334548 15.565364 1.676060
0.319417 15.565847 1.676060
0.304286 15.566330 1.676060
0.289154 15.566813 1.676060
0.274023 15.567296 1.676060
0.258891 15.567779 1.676060
0.243760 15.568262 1.676060
0.228629 15.568745 1.676060
0.213497 15.569228 1.676060
0.083981 20.011200 0.857662
0.076515 20.041743 0.852074
0.069645 20.050402 0.850517
0.062840 20.057430 0.849261
0.056061 20.064431 0.848010
0.049307 20.071405 0.846764
0.042599 20.077054 0.845762
0.035959 20.078871 0.845466
0.029325 20.080685 0.845170
0.022697 20.082499 0.844875
0.016075 20.084311 0.844579
0.009460 20.086122 0.844284
0.002850 20.087930 0.843990
-0.003751 20.087656 0.844079
-0.010355 20.085839 0.844453
-0.016967 20.084020 0.844827
-0.023586 20.082198 0.845202
-0.030213 20.080373 0.845578
-0.036848 20.078547 0.845954
-0.043490 20.076718 0.846330
-0.050196 20.070286 0.847556
-0.056934 20.063310 0.848882
-0.063700 20.056311 0.850212
-0.070494 20.049285 0.851548
-0.077413 20.037240 0.853810
-0.084769 20.007075 0.859416
-0.195050 15.582267 1.676060
-0.210181 15.582750 1.676060
-0.225313 15.583233 1.676060
-0.240444 15.583716 1.676060
-0.255575 15.584199 1.676060
-0.270707 15.584682 1.676060
-0.285838 15.585165 1.676060
-0.300969 15.585648 1.676060
-0.316101 15.586131 1.676060
-0.331232 15.586614 1.676060
-0.346364 15.587097 1.676060
-0.361495 15.587580 1.676060
-0.376626 15.588063 1.676060
-0.391758 15.588546 1.676060
-0.406889 15.589028 1.676060
-0.422020 15.589511 1.676060
-0.437152 15.589994 1.676060
-0.452283 15.590477 1.676060
-0.467415 15.590960 1.676060
-0.482546 15.591443 1.676060
-0.497677 15.591926 1.676060
-0.512809 15.592409 1.676060
-0.527940 15.592892 1.676060
-0.543071 15.593375 1.676060
-0.558203 15.593858 1.676060
-0.573334 15.594341 1.676060
0.637176 15.555706 1.660921
0.622044 15.556188 1.660921
0.606913 15.556671 1.660921
0.591782 15.557154 1.660921
0.576650 15.557637 1.660921
0.561519 15.558120 1.660921
0.546388 15.558603 1.660921
0.531256 15.559086 1.660921
0.516125 15.559569 1.660921
0.500993 15.560052 1.660921
0.485862 15.560535 1.660921
0.470731 15.561018 1.660921
0.455599 15.561501 1.660921
0.440468 15.561984 1.660921
0.425337 15.562467 1.660921
0.410205 15.562950 1.660921
0.395074 15.563433 1.660921
0.379942 15.563916 1.660921
0.364811 15.564398 1.660921
0.349680 15.564881 1.660921
0.334548 15.565364 1.660921
0.319417 15.565847 1.660921
0.304286 15.566330 1.660921
0.289154 15.566813 1.660921
0.274023 15.567296 1.660921
0.258891 15.567779 1.660921
0.243760 15.568262 1.660921
0.228629 15.568745 1.660921
0.213497 15.569228 1.660921
0.083879 20.015179 0.850191
0.076447 20.044592 0.844866
0.069618 20.051643 0.843619
0.062815 20.058667 0.842377
0.056038 20.065663 0.841139
0.049287 20.072632 0.839906
0.042586 20.077931 0.838978
0.035948 20.079747 0.838686
0.029316 20.081561 0.838393
0.022690 20.083374 0.838101
0.016069 20.085185 0.837809
0.009455 20.086995 0.837517
0.002847 20.088802 0.837226
-0.003752 20.088527 0.837314
-0.010354 20.086711 0.837684
-0.016964 20.084893 0.838054
-0.023582 20.083072 0.838425
-0.030207 20.081249 0.838797
-0.036840 20.079422 0.839169
-0.043481 20.077595 0.839541
-0.050181 20.071509 0.840691
-0.056917 20.064537 0.842003
-0.063681 20.057544 0.843318
-0.070472 20.050522 0.844640
-0.077338 20.041087 0.846402
-0.084685 20.010986 0.851939
-0.195050 15.582267 1.660921
-0.210181 15.582750 1.660921
-0.225313 15.583233 1.660921
-0.240444 15.583716 1.660921
-0.255575 15.584199 1.660921
-0.270707 15.584682 1.660921
-0.285838 15.585165 1.660921
-0.300969 15.585648 1.660921
-0.316101 15.586131 1.660921
-0.331232 15.586614 1.660921
-0.346364 15.587097 1.660921
-0.361495 15.587580 1.660921
-0.376626 15.588063 1.660921
-0.391758 15.588546 1.660921
-0.406889 15.589028 1.660921
-0.422020 15.589511 1.660921
-0.437152 15.589994 1.660921
-0.452283 15.590477 1.660921
-0.467415 15.590960 1.660921
-0.482546 15.591443 1.660921
-0.497677 15.591926 1.660921
-0.512809 15.592409 1.660921
-0.527940 15.592892 1.660921
-0.543071 15.593375 1.660921
-0.558203 15.593858 1.660921
-0.573334 15.594341 1.660921
0.637176 15.555706 1.645782
0.622044 15.556188 1.645782
0.606913 15.556671 1.645782
0.591782 15.557154 1.645782
0.576650 15.557637 1.645782
0.561519 15.558120 1.645782
0.546388 15.558603 1.645782
0.531256 15.559086 1.645782
0.516125 15.559569 1.645782
0.500993 15.560052 1.645782
0.485862 15.560535 1.645782
0.470731 15.561018 1.645782
0.455599 15.561501 1.645782
0.440468 15.561984 1.645782
0.425337 15.562467 1.645782
0.410205 15.562950 1.645782
0.395074 15.563433 1.645782
0.379942 15.563916 1.645782
0.364811 15.564398 1.645782
0.349680 15.564881 1.645782
0.334548 15.565364 1.645782
0.319417 15.565847 1.645782
0.304286 15.566330 1.645782
0.289154 15.566813 1.645782
0.274023 15.567296 1.645782
0.258891 15.567779 1.645782
0.243760 15.568262 1.645782
0.228629 15.568745 1.645782
0.213497 15.569228 1.645782
0.083776 20.019147 0.842738
0.076418 20.045837 0.837959
0.069591 20.052884 0.836725
0.062790 20.059903 0.835497
0.056016 20.066894 0.834273
0.049267 20.073858 0.833054
0.042573 20.078808 0.832198
0.035937 20.080623 0.831909
0.029306 20.082436 0.831620
0.022682 20.084248 0.831331
0.016063 20.086058 0.831042
0.009451 20.087867 0.830753
0.002845 20.089674 0.830465
-0.003753 20.089398 0.830553
-0.010354 20.087583 0.830919
-0.016962 20.085766 0.831285
-0.023578 20.083946 0.831652
-0.030202 20.082123 0.832019
-0.036833 20.080298 0.832387
-0.043472 20.078471 0.832755
-0.050166 20.072731 0.833831
-0.056900 20.065765 0.835128
-0.063661 20.058775 0.836429
-0.070450 20.051759 0.837736
-0.077267 20.044713 0.839048
-0.084601 20.014888 0.844478
-0.195050 15.582267 1.645782
-0.210181 15.582750 1.645782
-0.225313 15.583233 1.645782
-0.240444 15.583716 1.645782
-0.255575 15.584199 1.645782
-0.270707 15.584682 1.645782
-0.285838 15.585165 1.645782
-0.300969 15.585648 1.645782
-0.316101 15.586131 1.645782
-0.331232 15.586614 1.645782
-0.346364 15.587097 1.645782
-0.361495 15.587580 1.645782
-0.376626 15.588063 1.645782
-0.391758 15.588546 1.645782
-0.406889 15.589028 1.645782
-0.422020 15.589511 1.645782
-0.437152 15.589994 1.645782
-0.452283 15.590477 1.645782
-0.467415 15.590960 1.645782
-0.482546 15.591443 1.645782
-0.497677 15.591926 1.645782
-0.512809 15.592409 1.645782
-0.527940 15.592892 1.645782
-0.543071 15.593375 1.645782
-0.558203 15.593858 1.645782
-0.573334 15.594341 1.645782
0.637176 15.555706 1.630643
0.622044 15.556188 1.630643
0.606913 15.556671 1.630643
0.591782 15.557154 1.630643
0.576650 15.557637 1.630643
0.561519 15.558120 1.630643
0.546388 15.558603 1.630643
0.531256 15.559086 1.630643
0.516125 15.559569 1.630643
0.500993 15.560052 1.630643
0.485862 15.560535 1.630643
0.470731 15.561018 1.630643
0.455599 15.561501 1.630643
0.440468 15.561984 1.630643
0.425337 15.562467 1.630643
0.410205 15.562950 1.630643
0.395074 15.563433 1.630643
0.379942 15.563916 1.630643
0.364811 15.564398 1.630643
0.349680 15.564881 1.630643
0.334548 15.565364 1.630643
0.319417 15.565847 1.630643
0.304286 15.566330 1.630643
0.289154 15.566813 1.630643
0.274023 15.567296 1.630643
0.258891 15.567779 1.630643
0.243760 15.568262 1.630643
0.228629 15.568745 1.630643
0.213497 15.569228 1.630643
0.083675 20.023100 0.835301
0.076388 20.047082 0.831056
0.069563 20.054123 0.829837
0.062765 20.061137 0.828622
0.055993 20.068124 0.827412
0.049247 20.075083 0.826206
0.042561 20.079684 0.825422
0.035926 20.081498 0.825136
0.029297 20.083311 0.824849
0.022674 20.085122 0.824564
0.016057 20.086931 0.824278
0.009447 20.088739 0.823993
0.002842 20.090545 0.823707
-0.003754 20.090268 0.823794
-0.010353 20.088454 0.824156
-0.016960 20.086638 0.824519
-0.023574 20.084819 0.824882
-0.030196 20.082997 0.825245
-0.036826 20.081173 0.825609
-0.043464 20.079347 0.825973
-0.050152 20.073952 0.826976
-0.056883 20.066991 0.828258
-0.063642 20.060006 0.829545
-0.070428 20.052995 0.830837
-0.077242 20.045954 0.832134
-0.084517 20.018782 0.837033
-0.195050 15.582267 1.630643
-0.210181 15.582750 1.630643
-0.225313 15.583233 1.630643
-0.240444 15.583716 1.630643
-0.255575 15.584199 1.630643
-0.270707 15.584682 1.630643
-0.285838 15.585165 1.630643
-0.300969 15.585648 1.630643
-0.316101 15.586131 1.630643
-0.331232 15.586614 1.630643
-0.346364 15.587097 1.630643
-0.361495 15.587580 1.630643
-0.376626 15.588063 1.630643
-0.391758 15.588546 1.630643
-0.406889 15.589028 1.630643
-0.422020 15.589511 1.630643
-0.437152 15.589994 1.630643
-0.452283 15.590477 1.630643
-0.467415 15.590960 1.630643
-0.482546 15.591443 1.630643
-0.497677 15.591926 1.630643
-0.512809 15.592409 1.630643
-0.527940 15.592892 1.630643
-0.543071 15.593375 1.630643
-0.558203 15.593858 1.630643
-0.573334 15.594341 1.630643
0.637176 15.555706 1.615504
0.622044 15.556188 1.615504
0.606913 15.556671 1.615504
0.591782 15.557154 1.615504
0.576650 15.557637 1.615504
0.561519 15.558120 1.615504
0.546388 15.558603 1.615504
0.531256 15.559086 1.615504
0.516125 15.559569 1.615504
0.500993 15.560052 1.615504
0.485862 15.560535 1.615504
0.470731 15.561018 1.615504
0.455599 15.561501 1.615504
0.440468 15.561984 1.615504
0.425337 15.562467 1.615504
0.410205 15.562950 1.615504
0.395074 15.563433 1.615504
0.379942 15.563916 1.615504
0.364811 15.564398 1.615504
0.349680 15.564881 1.615504
0.334548 15.565364 1.615504
0.319417 15.565847 1.615504
0.304286 15.566330 1.615504
0.289154 15.566813 1.615504
0.274023 15.567296 1.615504
0.258891 15.567779 1.615504
0.243760 15.568262 1.615504
0.228629 15.568745 1.615504
0.213497 15.569228 1.615504
0.083573 20.027044 0.827882
0.076358 20.048326 0.824159
0.069536 20.055362 0.822953
0.062741 20.062371 0.821752
0.055971 20.069353 0.820555
0.049227 20.076308 0.819363
0.042548 20.080560 0.818649
0.035915 20.082373 0.818366
0.029288 20.084185 0.818083
0.022667 20.085995 0.817800
0.016051 20.087804 0.817518
0.009442 20.089611 0.817235
0.002839 20.091416 0.816953
-0.003755 20.091138 0.817040
-0.010352 20.089325 0.817397
-0.016958 20.087510 0.817756
-0.023570 20.085692 0.818115
-0.030191 20.083871 0.818474
-0.036819 20.082048 0.818834
-0.043455 20.080223 0.819194
-0.050137 20.075172 0.820125
-0.056866 20.068216 0.821393
-0.063622 20.061236 0.822666
-0.070406 20.054230 0.823943
-0.077218 20.047194 0.825226
-0.084434 20.022667 0.829604
-0.195050 15.582267 1.615504
-0.210181 15.582750 1.615504
-0.225313 15.583233 1.615504
-0.240444 15.583716 1.615504
-0.255575 15.584199 1.615504
-0.270707 15.584682 1.615504
-0.285838 15.585165 1.615504
-0.300969 15.585648 1.615504
-0.316101 15.586131 1.615504
-0.331232 15.586614 1.615504
-0.346364 15.587097 1.615504
-0.361495 15.587580 1.615504
-0.376626 15.588063 1.615504
-0.391758 15.588546 1.615504
-0.406889 15.589028 1.615504
-0.422020 15.589511 1.615504
-0.437152 15.589994 1.615504
-0.452283 15.590477 1.615504
-0.467415 15.590960 1.615504
-0.482546 15.591443 1.615504
-0.497677 15.591926 1.615504
-0.512809 15.592409 1.615504
-0.527940 15.592892 1.615504
-0.543071 15.593375 1.615504
-0.558203 15.593858 1.615504
-0.573334 15.594341 1.615504
0.637176 15.555706 1.600365
0.622044 15.556188 1.600365
0.606913 15.556671 1.600365
0.591782 15.557154 1.600365
0.576650 15.557637 1.600365
0.561519 15.558120 1.600365
0.546388 15.558603 1.600365
0.531256 15.559086 1.600365
0.516125 15.559569 1.600365
0.500993 15.560052 1.600365
0.485862 15.560535 1.600365
0.470731 15.561018 1.600365
0.455599 15.561501 1.600365
0.440468 15.561984 1.600365
0.425337 15.562467 1.600365
0.410205 15.562950 1.600365
0.395074 15.563433 1.600365
0.379942 15.563916 1.600365
0.364811 15.564398 1.600365
0.349680 15.564881 1.600365
0.334548 15.565364 1.600365
0.319417 15.565847 1.600365
0.304286 15.566330 1.600365
0.289154 15.566813 1.600365
0.274023 15.567296 1.600365
0.258891 15.567779 1.600365
0.243760 15.568262 1.600365
0.228629 15.568745 1.600365
0.091020 20.000231 0.825816
0.083472 20.030979 0.820478
0.076329 20.049569 0.817266
0.069509 20.056600 0.816074
0.062716 20.063604 0.814886
0.055949 20.070581 0.813703
0.049207 20.077531 0.812525
0.042536 20.081436 0.811879
0.035904 20.083248 0.811599
0.029278 20.085059 0.811319
0.022659 20.086868 0.811040
0.016045 20.088676 0.810761
0.009438 20.090482 0.810481
0.002837 20.092286 0.810203
-0.003756 20.092008 0.810288
-0.010352 20.090196 0.810642
-0.016955 20.088382 0.810996
-0.023566 20.086564 0.811351
-0.030185 20.084744 0.811707
-0.036812 20.082922 0.812062
-0.043446 20.081098 0.812418
-0.050122 20.076392 0.813279
-0.056849 20.069440 0.814533
-0.063603 20.062466 0.815791
-0.070384 20.055463 0.817054
-0.077194 20.048433 0.818322
-0.084350 20.026544 0.822192
-0.195050 15.582267 1.600365
-0.210181 15.582750 1.600365
-0.225313 15.583233 1.600365
-0.240444 15.583716 1.600365
-0.255575 15.584199 1.600365
-0.270707 15.584682 1.600365
-0.285838 15.585165 1.600365
-0.300969 15.585648 1.600365
-0.316101 15.586131 1.600365
-0.331232 15.586614 1.600365
-0.346364 15.587097 1.600365
-0.361495 15.587580 1.600365
-0.376626 15.588063 1.600365
-0.391758 15.588546 1.600365
-0.406889 15.589028 1.600365
-0.422020 15.589511 1.600365
-0.437152 15.589994 1.600365
-0.452283 15.590477 1.600365
-0.467415 15.590960 1.600365
-0.482546 15.591443 1.600365
-0.497677 15.591926 1.600365
-0.512809 15.592409 1.600365
-0.527940 15.592892 1.600365
-0.543071 15.593375 1.600365
-0.558203 15.593858 1.600365
-0.573334 15.594341 1.600365
0.637176 15.555706 1.585226
0.622044 15.556188 1.585226
0.606913 15.556671 1.585226
0.591782 15.557154 1.585226
0.576650 15.557637 1.585226
0.561519 15.558120 1.585226
0.546388 15.558603 1.585226
0.531256 15.559086 1.585226
0.516125 15.559569 1.585226
0.500993 15.560052 1.585226
0.485862 15.560535 1.585226
0.470731 15.561018 1.585226
0.455599 15.561501 1.585226
0.440468 15.561984 1.585226
0.425337 15.562467 1.585226
0.410205 15.562950 1.585226
0.395074 15.563433 1.585226
0.379942 15.563916 1.585226
0.364811 15.564398 1.585226
0.349680 15.564881 1.585226
0.334548 15.565364 1.585226
0.319417 15.565847 1.585226
0.304286 15.566330 1.585226
0.289154 15.566813 1.585226
0.274023 15.567296 1.585226
0.258891 15.567779 1.585226
0.243760 15.568262 1.585226
0.228629 15.568745 1.585226
0.090909 20.004234 0.818358
0.083371 20.034906 0.813091
0.076299 20.050811 0.810378
0.069482 20.057837 0.809200
0.062691 20.064836 0.808026
0.055926 20.071808 0.806857
0.049187 20.078754 0.805692
0.042523 20.082310 0.805113
0.035893 20.084122 0.804836
0.029269 20.085932 0.804560
0.022651 20.087740 0.804283
0.016039 20.089547 0.804007
0.009434 20.091353 0.803731
0.002834 20.093156 0.803455
-0.003757 20.092877 0.803540
-0.010351 20.091066 0.803890
-0.016953 20.089253 0.804240
-0.023562 20.087436 0.804591
-0.030180 20.085617 0.804942
-0.036804 20.083796 0.805294
-0.043437 20.081973 0.805646
-0.050108 20.077610 0.806438
-0.056832 20.070664 0.807677
-0.063583 20.063694 0.808921
-0.070362 20.056697 0.810169
-0.077170 20.049671 0.811423
-0.084267 20.030413 0.814795
-0.091696 20.000136 0.820076
-0.210181 15.582750 1.585226
-0.225313 15.583233 1.585226
-0.240444 15.583716 1.585226
-0.255575 15.584199 1.585226
-0.270707 15.584682 1.585226
-0.285838 15.585165 1.585226
-0.300969 15.585648 1.585226
-0.316101 15.586131 1.585226
-0.331232 15.586614 1.585226
-0.346364 15.587097 1.585226
-0.361495 15.587580 1.585226
-0.376626 15.588063 1.585226
-0.391758 15.588546 1.585226
-0.406889 15.589028 1.585226
-0.422020 15.589511 1.585226
-0.437152 15.589994 1.585226
-0.452283 15.590477 1.585226
-0.467415 15.590960 1.585226
-0.482546 15.591443 1.585226
-0.497677 15.591926 1.585226
-0.512809 15.592409 1.585226
-0.527940 15.592892 1.585226
-0.543071 15.593375 1.585226
-0.558203 15.593858 1.585226
-0.573334 15.594341 1.585226
0.637176 15.555706 1.570087
0.622044 15.556188 1.570087
0.606913 15.556671 1.570087
0.591782 15.557154 1.570087
0.576650 15.557637 1.570087
0.561519 15.558120 1.570087
0.546388 15.558603 1.570087
0.531256 15.559086 1.570087
0.516125 15.559569 1.570087
0.500993 15.560052 1.570087
0.485862 15.560535 1.570087
0.470731 15.561018 1.570087
0.455599 15.561501 1.570087
0.440468 15.561984 1.570087
0.425337 15.562467 1.570087
0.410205 15.562950 1.570087
0.395074 15.563433 1.570087
0.379942 15.563916 1.570087
0.364811 15.564398 1.570087
0.349680 15.564881 1.570087
0.334548 15.565364 1.570087
0.319417 15.565847 1.570087
0.304286 15.566330 1.570087
0.289154 15.566813 1.570087
0.274023 15.567296 1.570087
0.258891 15.567779 1.570087
0.243760 15.568262 1.570087
0.228629 15.568745 1.570087
0.090799 20.008229 0.810917
0.083270 20.038824 0.805721
0.076269 20.052052 0.803495
0.069455 20.059074 0.802330
0.062666 20.066068 0.801170
0.055904 20.073035 0.800014
0.049168 20.079975 0.798863
0.042510 20.083185 0.798350
0.035882 20.084996 0.798076
0.029260 20.086805 0.797803
0.022644 20.088613 0.797530
0.016033 20.090419 0.797257
0.009429 20.092223 0.796984
0.002831 20.094026 0.796711
-0.003758 20.093746 0.796795
-0.010351 20.091936 0.797141
-0.016951 20.090123 0.797487
-0.023559 20.088308 0.797834
-0.030174 20.086490 0.798182
-0.036797 20.084669 0.798529
-0.043428 20.082847 0.798877
-0.050093 20.078828 0.799602
-0.056815 20.071887 0.800827
-0.063564 20.064921 0.802056
-0.070341 20.057929 0.803290
-0.077145 20.050909 0.804529
-0.084184 20.034275 0.807414
-0.091604 20.004062 0.812627
-0.210181 15.582750 1.570087
-0.225313 15.583233 1.570087
-0.240444 15.583716 1.570087
-0.255575 15.584199 1.570087
-0.270707 15.584682 1.570087
-0.285838 15.585165 1.570087
-0.300969 15.585648 1.570087
-0.316101 15.586131 1.570087
-0.331232 15.586614 1.570087
-0.346364 15.587097 1.570087
-0.361495 15.587580 1.570087
-0.376626 15.588063 1.570087
-0.391758 15.588546 1.570087
-0.406889 15.589028 1.570087
-0.422020 15.589511 1.570087
-0.437152 15.589994 1.570087
-0.452283 15.590477 1.570087
-0.467415 15.590960 1.570087
-0.482546 15.591443 1.570087
-0.497677 15.591926 1.570087
-0.512809 15.592409 1.570087
-0.527940 15.592892 1.570087
-0.543071 15.593375 1.570087
-0.558203 15.593858 1.570087
-0.573334 15.594341 1.570087
0.637176 15.555706 1.554947
0.622044 15.556188 1.554947
0.606913 15.556671 1.554947
0.591782 15.557154 1.554947
0.576650 15.557637 1.554947
0.561519 15.558120 1.554947
0.546388 15.558603 1.554947
0.531256 15.559086 1.554947
0.516125 15.559569 1.554947
0.500993 15.560052 1.554947
0.485862 15.560535 1.554947
0.470731 15.561018 1.554947
0.455599 15.561501 1.554947
0.440468 15.561984 1.554947
0.425337 15.562467 1.554947
0.410205 15.562950 1.554947
0.395074 15.563433 1.554947
0.379942 15.563916 1.554947
0.364811 15.564398 1.554947
0.349680 15.564881 1.554947
0.334548 15.565364 1.554947
0.319417 15.565847 1.554947
0.304286 15.566330 1.554947
0.289154 15.566813 1.554947
0.274023 15.567296 1.554947
0.258891 15.567779 1.554947
0.243760 15.568262 1.554947
0.228629 15.568745 1.554947
0.090689 20.012214 0.803492
0.083169 20.042734 0.798367
0.076240 20.053292 0.796617
0.069428 20.060309 0.795466
0.062642 20.067298 0.794319
0.055882 20.074261 0.793177
0.049148 20.081196 0.792039
0.042498 20.084059 0.791591
0.035871 20.085869 0.791320
0.029251 20.087677 0.791050
0.022636 20.089484 0.790780
0.016028 20.091289 0.790510
0.009425 20.093093 0.790240
0.002829 20.094895 0.789971
-0.003759 20.094614 0.790054
-0.010350 20.092805 0.790396
-0.016949 20.090993 0.790738
-0.023555 20.089179 0.791081
-0.030168 20.087362 0.791424
-0.036790 20.085542 0.791768
-0.043419 20.083721 0.792112
-0.050078 20.080045 0.792770
-0.056798 20.073109 0.793981
-0.063544 20.066147 0.795196
-0.070319 20.059161 0.796415
-0.077121 20.052145 0.797639
-0.084101 20.038128 0.800050
-0.091513 20.007980 0.805194
-0.210181 15.582750 1.554947
-0.225313 15.583233 1.554947
-0.240444 15.583716 1.554947
-0.255575 15.584199 1.554947
-0.270707 15.584682 1.554947
-0.285838 15.585165 1.554947
-0.300969 15.585648 1.554947
-0.316101 15.586131 1.554947
-0.331232 15.586614 1.554947
-0.346364 15.587097 1.554947
-0.361495 15.587580 1.554947
-0.376626 15.588063 1.554947
-0.391758 15.588546 1.554947
-0.406889 15.589028 1.554947
-0.422020 15.589511 1.554947
-0.437152 15.589994 1.554947
-0.452283 15.590477 1.554947
-0.467415 15.590960 1.554947
-0.482546 15.591443 1.554947
-0.497677 15.591926 1.554947
-0.512809 15.592409 1.554947
-0.527940 15.592892 1.554947
-0.543071 15.593375 1.554947
-0.558203 15.593858 1.554947
-0.573334 15.594341 1.554947
0.637176 15.555706 1.539808
0.622044 15.556188 1.539808
0.606913 15.556671 1.539808
0.591782 15.557154 1.539808
0.576650 15.557637 1.539808
0.561519 15.558120 1.539808
0.546388 15.558603 1.539808
0.531256 15.559086 1.539808
0.516125 15.559569 1.539808
0.500993 15.560052 1.539808
0.485862 15.560535 1.539808
0.470731 15.561018 1.539808
0.455599 15.561501 1.539808
0.440468 15.561984 1.539808
0.425337 15.562467 1.539808
0.410205 15.562950 1.539808
0.395074 15.563433 1.539808
0.379942 15.563916 1.539808
0.364811 15.564398 1.539808
0.349680 15.564881 1.539808
0.334548 15.565364 1.539808
0.319417 15.565847 1.539808
0.304286 15.566330 1.539808
0.289154 15.566813 1.539808
0.274023 15.567296 1.539808
0.258891 15.567779 1.539808
0.243760 15.568262 1.539808
0.228629 15.568745 1.539808
0.090579 20.016190 0.796084
0.083068 20.046634 0.791029
0.076210 20.054531 0.789743
0.069400 20.061543 0.788606
0.062617 20.068528 0.787473
0.055859 20.075485 0.786345
0.049128 20.082416 0.785220
0.042485 20.084933 0.784835
0.035860 20.086742 0.784567
0.029241 20.088549 0.784300
0.022628 20.090355 0.784033
0.016022 20.092160 0.783766
0.009421 20.093962 0.783500
0.002826 20.095764 0.783233
-0.003760 20.095481 0.783316
-0.010349 20.093673 0.783654
-0.016946 20.091863 0.783992
-0.023551 20.090049 0.784331
-0.030163 20.088233 0.784670
-0.036783 20.086415 0.785010
-0.043410 20.084595 0.785350
-0.050064 20.081262 0.785944
-0.056781 20.074330 0.787140
-0.063525 20.067373 0.788340
-0.070297 20.060391 0.789545
-0.077097 20.053381 0.790755
-0.084018 20.041974 0.792701
-0.091421 20.011889 0.797777
-0.210181 15.582750 1.539808
-0.225313 15.583233 1.539808
-0.240444 15.583716 1.539808
-0.255575 15.584199 1.539808
-0.270707 15.584682 1.539808
-0.285838 15.585165 1.539808
-0.300969 15.585648 1.539808
-0.316101 15.586131 1.539808
-0.331232 15.586614 1.539808
-0.346364 15.587097 1.539808
-0.361495 15.587580 1.539808
-0.376626 15.588063 1.539808
-0.391758 15.588546 1.539808
-0.406889 15.589028 1.539808
-0.422020 15.589511 1.539808
-0.437152 15.589994 1.539808
-0.452283 15.590477 1.539808
-0.467415 15.590960 1.539808
-0.482546 15.591443 1.539808
-0.497677 15.591926 1.539808
-0.512809 15.592409 1.539808
-0.527940 15.592892 1.539808
-0.543071 15.593375 1.539808
-0.558203 15.593858 1.539808
-0.573334 15.594341 1.539808
0.637176 15.555706 1.524669
0.622044 15.556188 1.524669
0.606913 15.556671 1.524669
0.591782 15.557154 1.524669
0.576650 15.557637 1.524669
0.561519 15.558120 1.524669
0.546388 15.558603 1.524669
0.531256 15.559086 1.524669
0.516125 15.559569 1.524669
0.500993 15.560052 1.524669
0.485862 15.560535 1.524669
0.470731 15.561018 1.524669
0.455599 15.561501 1.524669
0.440468 15.561984 1.524669
0.425337 15.562467 1.524669
0.410205 15.562950 1.524669
0.395074 15.563433 1.524669
0.379942 15.563916 1.524669
0.364811 15.564398 1.524669
0.349680 15.564881 1.524669
0.334548 15.565364 1.524669
0.319417 15.565847 1.524669
0.304286 15.566330 1.524669
0.289154 15.566813 1.524669
0.274023 15.567296 1.524669
0.258891 15.567779 1.524669
0.243760 15.568262 1.524669
0.228629 15.568745 1.524669
0.090470 20.020151 0.788694
0.083014 20.048735 0.784003
0.076181 20.055770 0.782875
0.069373 20.062777 0.781751
0.062592 20.069757 0.780632
0.055837 20.076709 0.779517
0.049108 20.083635 0.778406
0.042473 20.085806 0.778082
0.035849 20.087614 0.777817
0.029232 20.089421 0.777553
0.022621 20.091226 0.777290
0.016016 20.093030 0.777026
0.009416 20.094831 0.776763
0.002823 20.096632 0.776500
-0.003761 20.096349 0.776581
-0.010349 20.094542 0.776915
-0.016944 20.092732 0.777249
-0.023547 20.090919 0.777584
-0.030157 20.089104 0.777920
-0.036776 20.087287 0.778255
-0.043401 20.085468 0.778591
-0.050049 20.082477 0.779121
-0.056764 20.075550 0.780303
-0.063506 20.068598 0.781489
-0.070275 20.061621 0.782680
-0.077073 20.054615 0.783875
-0.083936 20.045810 0.785369
-0.091330 20.015789 0.790376
-0.210181 15.582750 1.524669
-0.225313 15.583233 1.524669
-0.240444 15.583716 1.524669
-0.255575 15.584199 1.524669
-0.270707 15.584682 1.524669
-0.285838 15.585165 1.524669
-0.300969 15.585648 1.524669
-0.316101 15.586131 1.524669
-0.331232 15.586614 1.524669
-0.346364 15.587097 1.524669
-0.361495 15.587580 1.524669
-0.376626 15.588063 1.524669
-0.391758 15.588546 1.524669
-0.406889 15.589028 1.524669
-0.422020 15.589511 1.524669
-0.437152 15.589994 1.524669
-0.452283 15.590477 1.524669
-0.467415 15.590960 1.524669
-0.482546 15.591443 1.524669
-0.497677 15.591926 1.524669
-0.512809 15.592409 1.524669
-0.527940 15.592892 1.524669
-0.543071 15.593375 1.524669
-0.558203 15.593858 1.524669
-0.573334 15.594341 1.524669
0.637176 15.555706 1.509530
0.622044 15.556188 1.509530
0.606913 15.556671 1.509530
0.591782 15.557154 1.509530
0.576650 15.557637 1.509530
0.561519 15.558120 1.509530
0.546388 15.558603 1.509530
0.531256 15.559086 1.509530
0.516125 15.559569 1.509530
0.500993 15.560052 1.509530
0.485862 15.560535 1.509530
0.470731 15.561018 1.509530
0.455599 15.561501 1.509530
0.440468 15.561984 1.509530
0.425337 15.562467 1.509530
0.410205 15.562950 1.509530
0.395074 15.563433 1.509530
0.379942 15.563916 1.509530
0.364811 15.564398 1.509530
0.349680 15.564881 1.509530
0.334548 15.565364 1.509530
0.319417 15.565847 1.509530
0.304286 15.566330 1.509530
0.289154 15.566813 1.509530
0.274023 15.567296 1.509530
0.258891 15.567779 1.509530
0.243760 15.568262 1.509530
0.228629 15.568745 1.509530
0.090360 20.024102 0.781320
0.082982 20.049978 0.777125
0.076151 20.057007 0.776011
0.069346 20.064010 0.774901
0.062567 20.070984 0.773795
0.055815 20.077932 0.772694
0.049088 20.084854 0.771596
0.042460 20.086679 0.771332
0.035838 20.088486 0.771071
0.029223 20.090292 0.770810
0.022613 20.092097 0.770550
0.016010 20.093899 0.770289
0.009412 20.095700 0.770029
0.002821 20.097500 0.769769
-0.003762 20.097216 0.769850
-0.010348 20.095409 0.770180
-0.016942 20.093601 0.770510
-0.023543 20.091789 0.770841
-0.030152 20.089975 0.771172
-0.036768 20.088159 0.771504
-0.043393 20.086340 0.771836
-0.050034 20.083692 0.772304
-0.056747 20.076770 0.773472
-0.063486 20.069822 0.774644
-0.070253 20.062850 0.775820
-0.077048 20.055849 0.777000
-0.083871 20.048820 0.778186
-0.091239 20.019681 0.782992
-0.210181 15.582750 1.509530
-0.225313 15.583233 1.509530
-0.240444 15.583716 1.509530
-0.255575 15.584199 1.509530
-0.270707 15.584682 1.509530
-0.285838 15.585165 1.509530
-0.300969 15.585648 1.509530
-0.316101 15.586131 1.509530
-0.331232 15.586614 1.509530
-0.346364 15.587097 1.509530
-0.361495 15.587580 1.509530
-0.376626 15.588063 1.509530
-0.391758 15.588546 1.509530
-0.406889 15.589028 1.509530
-0.422020 15.589511 1.509530
-0.437152 15.589994 1.509530
-0.452283 15.590477 1.509530
-0.467415 15.590960 1.509530
-0.482546 15.591443 1.509530
-0.497677 15.591926 1.509530
-0.512809 15.592409 1.509530
-0.527940 15.592892 1.509530
-0.543071 15.593375 1.509530
-0.558203 15.593858 1.509530
-0.573334 15.594341 1.509530
0.637176 15.555706 1.494391
0.622044 15.556188 1.494391
0.606913 15.556671 1.494391
0.591782 15.557154 1.494391
0.576650 15.557637 1.494391
0.561519 15.558120 1.494391
0.546388 15.558603 1.494391
0.531256 15.559086 1.494391
0.516125 15.559569 1.494391
0.500993 15.560052 1.494391
0.485862 15.560535 1.494391
0.470731 15.561018 1.494391
0.455599 15.561501 1.494391
0.440468 15.561984 1.494391
0.425337 15.562467 1.494391
0.410205 15.562950 1.494391
0.395074 15.563433 1.494391
0.379942 15.563916 1.494391
0.364811 15.564398 1.494391
0.349680 15.564881 1.494391
0.334548 15.565364 1.494391
0.319417 15.565847 1.494391
0.304286 15.566330 1.494391
0.289154 15.566813 1.494391
0.274023 15.567296 1.494391
0.258891 15.567779 1.494391
0.243760 15.568262 1.494391
0.228629 15.568745 1.494391
0.090251 20.028043 0.773963
0.082950 20.051219 0.770253
0.076122 20.058244 0.769152
0.069319 20.065241 0.768056
0.062543 20.072211 0.766963
0.055793 20.079154 0.765875
0.049073 20.085743 0.764845
0.042447 20.087551 0.764586
0.035827 20.089358 0.764328
0.029213 20.091163 0.764071
0.022605 20.092966 0.763813
0.016004 20.094768 0.763556
0.009408 20.096568 0.763299
0.002818 20.098367 0.763042
-0.003763 20.098082 0.763122
-0.010348 20.096277 0.763448
-0.016940 20.094469 0.763774
-0.023539 20.092658 0.764101
-0.030146 20.090845 0.764428
-0.036761 20.089030 0.764756
-0.043384 20.087213 0.765084
-0.050020 20.084905 0.765492
-0.056730 20.077988 0.766645
-0.063467 20.071045 0.767802
-0.070232 20.064078 0.768964
-0.077024 20.057083 0.770130
-0.083845 20.050058 0.771301
-0.091148 20.023565 0.775624
-0.210181 15.582750 1.494391
-0.225313 15.583233 1.494391
-0.240444 15.583716 1.494391
-0.255575 15.584199 1.494391
-0.270707 15.584682 1.494391
-0.285838 15.585165 1.494391
-0.300969 15.585648 1.494391
-0.316101 15.586131 1.494391
-0.331232 15.586614 1.494391
-0.346364 15.587097 1.494391
-0.361495 15.587580 1.494391
-0.376626 15.588063 1.494391
-0.391758 15.588546 1.494391
-0.406889 15.589028 1.494391
-0.422020 15.589511 1.494391
-0.437152 15.589994 1.494391
-0.452283 15.590477 1.494391
-0.467415 15.590960 1.494391
-0.482546 15.591443 1.494391
-0.497677 15.591926 1.494391
-0.512809 15.592409 1.494391
-0.527940 15.592892 1.494391
-0.543071 15.593375 1.494391
-0.558203 15.593858 1.494391
-0.573334 15.594341 1.494391
0.637176 15.555706 1.479252
0.622044 15.556188 1.479252
0.606913 15.556671 1.479252
0.591782 15.557154 1.479252
0.576650 15.557637 1.479252
0.561519 15.558120 1.479252
0.546388 15.558603 1.479252
0.531256 15.559086 1.479252
0.516125 15.559569 1.479252
0.500993 15.560052 1.479252
0.485862 15.560535 1.479252
0.470731 15.561018 1.479252
0.455599 15.561501 1.479252
0.440468 15.561984 1.479252
0.425337 15.562467 1.479252
0.410205 15.562950 1.479252
0.395074 15.563433 1.479252
0.379942 15.563916 1.479252
0.364811 15.564398 1.479252
0.349680 15.564881 1.479252
0.334548 15.565364 1.479252
0.319417 15.565847 1.479252
0.304286 15.566330 1.479252
0.289154 15.566813 1.479252
0.274023 15.567296 1.479252
0.258891 15.567779 1.479252
0.243760 15.568262 1.479252
0.097746 20.001252 0.771494
0.090143 20.031976 0.766622
0.082918 20.052460 0.763385
0.076092 20.059480 0.762298
0.069292 20.066472 0.761215
0.062518 20.073438 0.760136
0.055770 20.080376 0.759062
0.049059 20.086616 0.758099
0.042435 20.088423 0.757844
0.035816 20.090229 0.757589
0.029204 20.092033 0.757334
0.022598 20.093836 0.757080
0.015998 20.095637 0.756826
0.009403 20.097436 0.756572
0.002815 20.099234 0.756318
-0.003764 20.098948 0.756397
-0.010347 20.097144 0.756719
-0.016937 20.095337 0.757042
-0.023535 20.093527 0.757364
-0.030141 20.091715 0.757688
-0.036754 20.089901 0.758012
-0.043375 20.088085 0.758336
-0.050005 20.086118 0.758684
-0.056713 20.079206 0.759823
-0.063448 20.072267 0.760966
-0.070210 20.065305 0.762113
-0.077000 20.058315 0.763265
-0.083818 20.051295 0.764422
-0.091057 20.027439 0.768271
-0.210181 15.582750 1.479252
-0.225313 15.583233 1.479252
-0.240444 15.583716 1.479252
-0.255575 15.584199 1.479252
-0.270707 15.584682 1.479252
-0.285838 15.585165 1.479252
-0.300969 15.585648 1.479252
-0.316101 15.586131 1.479252
-0.331232 15.586614 1.479252
-0.346364 15.587097 1.479252
-0.361495 15.587580 1.479252
-0.376626 15.588063 1.479252
-0.391758 15.588546 1.479252
-0.406889 15.589028 1.479252
-0.422020 15.589511 1.479252
-0.437152 15.589994 1.479252
-0.452283 15.590477 1.479252
-0.467415 15.590960 1.479252
-0.482546 15.591443 1.479252
-0.497677 15.591926 1.479252
-0.512809 15.592409 1.479252
-0.527940 15.592892 1.479252
-0.543071 15.593375 1.479252
-0.558203 15.593858 1.479252
-0.573334 15.594341 1.479252
0.637176 15.555706 1.464113
0.622044 15.556188 1.464113
0.606913 15.556671 1.464113
0.591782 15.557154 1.464113
0.576650 15.557637 1.464113
0.561519 15.558120 1.464113
0.546388 15.558603 1.464113
0.531256 15.559086 1.464113
0.516125 15.559569 1.464113
0.500993 15.560052 1.464113
0.485862 15.560535 1.464113
0.470731 15.561018 1.464113
0.455599 15.561501 1.464113
0.440468 15.561984 1.464113
0.425337 15.562467 1.464113
0.410205 15.562950 1.464113
0.395074 15.563433 1.464113
0.379942 15.563916 1.464113
0.364811 15.564398 1.464113
0.349680 15.564881 1.464113
0.334548 15.565364 1.464113
0.319417 15.565847 1.464113
0.304286 15.566330 1.464113
0.289154 15.566813 1.464113
0.274023 15.567296 1.464113
0.258891 15.567779 1.464113
0.243760 15.568262 1.464113
0.097628 20.005253 0.764099
0.090034 20.035901 0.759297
0.082887 20.053700 0.756522
0.076063 20.060715 0.755449
0.069265 20.067702 0.754379
0.062494 20.074663 0.753314
0.055748 20.081597 0.752253
0.049045 20.087489 0.751356
0.042422 20.089295 0.751104
0.035806 20.091100 0.750853
0.029195 20.092903 0.750601
0.022590 20.094705 0.750350
0.015992 20.096505 0.750099
0.009399 20.098303 0.749848
0.002813 20.100100 0.749598
-0.003765 20.099814 0.749676
-0.010346 20.098011 0.749994
-0.016935 20.096205 0.750312
-0.023531 20.094396 0.750631
-0.030135 20.092585 0.750951
-0.036747 20.090771 0.751270
-0.043366 20.088956 0.751590
-0.049993 20.087138 0.751911
-0.056696 20.080423 0.753005
-0.063428 20.073489 0.754134
-0.070188 20.066531 0.755267
-0.076976 20.059546 0.756405
-0.083791 20.052531 0.757547
-0.090967 20.031306 0.760935
-0.098452 20.001044 0.765752
-0.225313 15.583233 1.464113
-0.240444 15.583716 1.464113
-0.255575 15.584199 1.464113
-0.270707 15.584682 1.464113
-0.285838 15.585165 1.464113
-0.300969 15.585648 1.464113
-0.316101 15.586131 1.464113
-0.331232 15.586614 1.464113
-0.346364 15.587097 1.464113
-0.361495 15.587580 1.464113
-0.376626 15.588063 1.464113
-0.391758 15.588546 1.464113
-0.406889 15.589028 1.464113
-0.422020 15.589511 1.464113
-0.437152 15.589994 1.464113
-0.452283 15.590477 1.464113
-0.467415 15.590960 1.464113
-0.482546 15.591443 1.464113
-0.497677 15.591926 1.464113
-0.512809 15.592409 1.464113
-0.527940 15.592892 1.464113
-0.543071 15.593375 1.464113
-0.558203 15.593858 1.464113
-0.573334 15.594341 1.464113
0.637176 15.555706 1.448974
0.622044 15.556188 1.448974
0.606913 15.556671 1.448974
0.591782 15.557154 1.448974
0.576650 15.557637 1.448974
0.561519 15.558120 1.448974
0.546388 15.558603 1.448974
0.531256 15.559086 1.448974
0.516125 15.559569 1.448974
0.500993 15.560052 1.448974
0.485862 15.560535 1.448974
0.470731 15.561018 1.448974
0.455599 15.561501 1.448974
0.440468 15.561984 1.448974
0.425337 15.562467 1.448974
0.410205 15.562950 1.448974
0.395074 15.563433 1.448974
0.379942 15.563916 1.448974
0.364811 15.564398 1.448974
0.349680 15.564881 1.448974
0.334548 15.565364 1.448974
0.319417 15.565847 1.448974
0.304286 15.566330 1.448974
0.289154 15.566813 1.448974
0.274023 15.567296 1.448974
0.258891 15.567779 1.448974
0.243760 15.568262 1.448974
0.097510 20.009245 0.756721
0.089926 20.039816 0.751989
0.082855 20.054939 0.749664
0.076033 20.061949 0.748604
0.069238 20.068932 0.747548
0.062469 20.075887 0.746497
0.055726 20.082816 0.745449
0.049031 20.088361 0.744617
0.042410 20.090166 0.744369
0.035795 20.091970 0.744120
0.029186 20.093772 0.743872
0.022583 20.095573 0.743624
0.015986 20.097373 0.743376
0.009395 20.099170 0.743128
0.002810 20.100966 0.742880
-0.003767 20.100679 0.742958
-0.010346 20.098877 0.743272
-0.016933 20.097072 0.743586
-0.023527 20.095264 0.743901
-0.030130 20.093453 0.744217
-0.036740 20.091641 0.744533
-0.043357 20.089827 0.744849
-0.049982 20.088010 0.745165
-0.056679 20.081639 0.746193
-0.063409 20.074709 0.747307
-0.070167 20.067757 0.748426
-0.076952 20.060776 0.749549
-0.083765 20.053767 0.750677
-0.090877 20.035165 0.753615
-0.098353 20.004968 0.758364
-0.225313 15.583233 1.448974
-0.240444 15.583716 1.448974
-0.255575 15.584199 1.448974
-0.270707 15.584682 1.448974
-0.285838 15.585165 1.448974
-0.300969 15.585648 1.448974
-0.316101 15.586131 1.448974
-0.331232 15.586614 1.448974
-0.346364 15.587097 1.448974
-0.361495 15.587580 1.448974
-0.376626 15.588063 1.448974
-0.391758 15.588546 1.448974
-0.406889 15.589028 1.448974
-0.422020 15.589511 1.448974
-0.437152 15.589994 1.448974
-0.452283 15.590477 1.448974
-0.467415 15.590960 1.448974
-0.482546 15.591443 1.448974
-0.497677 15.591926 1.448974
-0.512809 15.592409 1.448974
-0.527940 15.592892 1.448974
-0.543071 15.593375 1.448974
-0.558203 15.593858 1.448974
-0.573334 15.594341 1.448974
0.637176 15.555706 1.433835
0.622044 15.556188 1.433835
0.606913 15.556671 1.433835
0.591782 15.557154 1.433835
0.576650 15.557637 1.433835
0.561519 15.558120 1.433835
0.546388 15.558603 1.433835
0.531256 15.559086 1.433835
0.516125 15.559569 1.433835
0.500993 15.560052 1.433835
0.485862 15.560535 1.433835
0.470731 15.561018 1.433835
0.455599 15.561501 1.433835
0.440468 15.561984 1.433835
0.425337 15.562467 1.433835
0.410205 15.562950 1.433835
0.395074 15.563433 1.433835
0.379942 15.563916 1.433835
0.364811 15.564398 1.433835
0.349680 15.564881 1.433835
0.334548 15.565364 1.433835
0.319417 15.565847 1.433835
0.304286 15.566330 1.433835
0.289154 15.566813 1.433835
0.274023 15.567296 1.433835
0.258891 15.567779 1.433835
0.243760 15.568262 1.433835
0.097392 20.013227 0.749360
0.089818 20.043723 0.744696
0.082823 20.056177 0.742811
0.076004 20.063182 0.741764
0.069211 20.070160 0.740722
0.062444 20.077111 0.739684
0.055704 20.084035 0.738650
0.049016 20.089232 0.737882
0.042397 20.091036 0.737636
0.035784 20.092840 0.737391
0.029176 20.094641 0.737145
0.022575 20.096441 0.736900
0.015980 20.098240 0.736656
0.009390 20.100037 0.736411
0.002807 20.101832 0.736167
-0.003768 20.101544 0.736243
-0.010345 20.099742 0.736553
-0.016931 20.097939 0.736864
-0.023524 20.096131 0.737175
-0.030124 20.094322 0.737486
-0.036732 20.092511 0.737798
-0.043348 20.090697 0.738110
-0.049972 20.088881 0.738423
-0.056662 20.082854 0.739385
-0.063390 20.075929 0.740485
-0.070145 20.068982 0.741589
-0.076928 20.062006 0.742698
-0.083738 20.055002 0.743811
-0.090786 20.039017 0.746310
-0.098254 20.008884 0.750992
-0.225313 15.583233 1.433835
-0.240444 15.583716 1.433835
-0.255575 15.584199 1.433835
-0.270707 15.584682 1.433835
-0.285838 15.585165 1.433835
-0.300969 15.585648 1.433835
-0.316101 15.586131 1.433835
-0.331232 15.586614 1.433835
-0.346364 15.587097 1.433835
-0.361495 15.587580 1.433835
-0.376626 15.588063 1.433835
-0.391758 15.588546 1.433835
-0.406889 15.589028 1.433835
-0.422020 15.589511 1.433835
-0.437152 15.589994 1.433835
-0.452283 15.590477 1.433835
-0.467415 15.590960 1.433835
-0.482546 15.591443 1.433835
-0.497677 15.591926 1.433835
-0.512809 15.592409 1.433835
-0.527940 15.592892 1.433835
-0.543071 15.593375 1.433835
-0.558203 15.593858 1.433835
-0.573334 15.594341 1.433835
0.637176 15.555706 1.418696
0.622044 15.556188 1.418696
0.606913 15.556671 1.418696
0.591782 15.557154 1.418696
0.576650 15.557637 1.418696
0.561519 15.558120 1.418696
0.546388 15.558603 1.418696
0.531256 15.559086 1.418696
0.516125 15.559569 1.418696
0.500993 15.560052 1.418696
0.485862 15.560535 1.418696
0.470731 15.561018 1.418696
0.455599 15.561501 1.418696
0.440468 15.561984 1.418696
0.425337 15.562467 1.418696
0.410205 15.562950 1.418696
0.395074 15.563433 1.418696
0.379942 15.563916 1.418696
0.364811 15.564398 1.418696
0.349680 15.564881 1.418696
0.334548 15.565364 1.418696
0.319417 15.565847 1.418696
0.304286 15.566330 1.418696
0.289154 15.566813 1.418696
0.274023 15.567296 1.418696
0.258891 15.567779 1.418696
0.243760 15.568262 1.418696
0.097275 20.017198 0.742015
0.089710 20.047622 0.737420
0.082791 20.057415 0.735962
0.075974 20.064415 0.734929
0.069184 20.071388 0.733901
0.062420 20.078333 0.732876
0.055682 20.085253 0.731855
0.049002 20.090103 0.731149
0.042385 20.091907 0.730907
0.035773 20.093709 0.730665
0.029167 20.095510 0.730422
0.022567 20.097309 0.730181
0.015974 20.099107 0.729939
0.009386 20.100903 0.729697
0.002805 20.102697 0.729456
-0.003769 20.102408 0.729532
-0.010345 20.100608 0.729838
-0.016928 20.098805 0.730145
-0.023520 20.096998 0.730452
-0.030119 20.095190 0.730759
-0.036725 20.093380 0.731067
-0.043340 20.091567 0.731375
-0.049961 20.089752 0.731684
-0.056645 20.084068 0.732582
-0.063370 20.077148 0.733668
-0.070123 20.070206 0.734758
-0.076904 20.063234 0.735852
-0.083712 20.056235 0.736951
-0.090697 20.042860 0.739021
-0.098155 20.012791 0.743636
-0.225313 15.583233 1.418696
-0.240444 15.583716 1.418696
-0.255575 15.584199 1.418696
-0.270707 15.584682 1.418696
-0.285838 15.585165 1.418696
-0.300969 15.585648 1.418696
-0.316101 15.586131 1.418696
-0.331232 15.586614 1.418696
-0.346364 15.587097 1.418696
-0.361495 15.587580 1.418696
-0.376626 15.588063 1.418696
-0.391758 15.588546 1.418696
-0.406889 15.589028 1.418696
-0.422020 15.589511 1.418696
-0.437152 15.589994 1.418696
-0.452283 15.590477 1.418696
-0.467415 15.590960 1.418696
-0.482546 15.591443 1.418696
-0.497677 15.591926 1.418696
-0.512809 15.592409 1.418696
-0.527940 15.592892 1.418696
-0.543071 15.593375 1.418696
-0.558203 15.593858 1.418696
-0.573334 15.594341 1.418696
0.637176 15.555706 1.403557
0.622044 15.556188 1.403557
0.606913 15.556671 1.403557
0.591782 15.557154 1.403557
0.576650 15.557637 1.403557
0.561519 15.558120 1.403557
0.546388 15.558603 1.403557
0.531256 15.559086 1.403557
0.516125 15.559569 1.403557
0.500993 15.560052 1.403557
0.485862 15.560535 1.403557
0.470731 15.561018 1.403557
0.455599 15.561501 1.403557
0.440468 15.561984 1.403557
0.425337 15.562467 1.403557
0.410205 15.562950 1.403557
0.395074 15.563433 1.403557
0.379942 15.563916 1.403557
0.364811 15.564398 1.403557
0.349680 15.564881 1.403557
0.334548 15.565364 1.403557
0.319417 15.565847 1.403557
0.304286 15.566330 1.403557
0.289154 15.566813 1.403557
0.274023 15.567296 1.403557
0.258891 15.567779 1.403557
0.243760 15.568262 1.403557
0.097158 20.021155 0.734688
0.089603 20.051511 0.730159
0.082759 20.058651 0.729119
0.075945 20.065646 0.728099
0.069157 20.072614 0.727084
0.062395 20.079555 0.726073
0.055659 20.086470 0.725065
0.048988 20.090974 0.724420
0.042372 20.092776 0.724181
0.035762 20.094578 0.723942
0.029158 20.096378 0.723703
0.022560 20.098176 0.723464
0.015968 20.099973 0.723226
0.009382 20.101768 0.722987
0.002802 20.103562 0.722749
-0.003770 20.103272 0.722824
-0.010344 20.101473 0.723126
-0.016926 20.099671 0.723429
-0.023516 20.097865 0.723732
-0.030113 20.096058 0.724035
-0.036718 20.094248 0.724339
-0.043331 20.092437 0.724643
-0.049951 20.090623 0.724948
-0.056628 20.085282 0.725783
-0.063351 20.078366 0.726855
-0.070102 20.071428 0.727931
-0.076880 20.064462 0.729011
-0.083685 20.057468 0.730095
-0.090607 20.046695 0.731748
-0.098056 20.016690 0.736296
-0.225313 15.583233 1.403557
-0.240444 15.583716 1.403557
-0.255575 15.584199 1.403557
-0.270707 15.584682 1.403557
-0.285838 15.585165 1.403557
-0.300969 15.585648 1.403557
-0.316101 15.586131 1.403557
-0.331232 15.586614 1.403557
-0.346364 15.587097 1.403557
-0.361495 15.587580 1.403557
-0.376626 15.588063 1.403557
-0.391758 15.588546 1.403557
-0.406889 15.589028 1.403557
-0.422020 15.589511 1.403557
-0.437152 15.589994 1.403557
-0.452283 15.590477 1.403557
-0.467415 15.590960 1.403557
-0.482546 15.591443 1.403557
-0.497677 15.591926 1.403557
-0.512809 15.592409 1.403557
-0.527940 15.592892 1.403557
-0.543071 15.593375 1.403557
-0.558203 15.593858 1.403557
-0.573334 15.594341 1.403557
0.637176 15.555706 1.388418
0.622044 15.556188 1.388418
0.606913 15.556671 1.388418
0.591782 15.557154 1.388418
0.576650 15.557637 1.388418
0.561519 15.558120 1.388418
0.546388 15.558603 1.388418
0.531256 15.559086 1.388418
0.516125 15.559569 1.388418
0.500993 15.560052 1.388418
0.485862 15.560535 1.388418
0.470731 15.561018 1.388418
0.455599 15.561501 1.388418
0.440468 15.561984 1.388418
0.425337 15.562467 1.388418
0.410205 15.562950 1.388418
0.395074 15.563433 1.388418
0.379942 15.563916 1.388418
0.364811 15.564398 1.388418
0.349680 15.564881 1.388418
0.334548 15.565364 1.388418
0.319417 15.565847 1.388418
0.304286 15.566330 1.388418
0.289154 15.566813 1.388418
0.274023 15.567296 1.388418
0.258891 15.567779 1.388418
0.243760 15.568262 1.388418
0.097041 20.025103 0.727376
0.089565 20.052869 0.723289
0.082727 20.059887 0.722280
0.075916 20.066877 0.721274
0.069130 20.073840 0.720272
0.062371 20.080776 0.719274
0.055637 20.087687 0.718280
0.048974 20.091844 0.717695
0.042359 20.093646 0.717458
0.035751 20.095446 0.717222
0.029149 20.097246 0.716987
0.022552 20.099043 0.716751
0.015962 20.100839 0.716515
0.009378 20.102634 0.716280
0.002799 20.104426 0.716045
-0.003771 20.104136 0.716120
-0.010343 20.102337 0.716418
-0.016924 20.100536 0.716716
-0.023512 20.098731 0.717016
-0.030108 20.096925 0.717315
-0.036711 20.095117 0.717615
-0.043322 20.093306 0.717915
-0.049941 20.091493 0.718215
-0.056611 20.086494 0.718989
-0.063332 20.079583 0.720047
-0.070080 20.072651 0.721109
-0.076855 20.065690 0.722174
-0.083659 20.058700 0.723244
-0.090517 20.050522 0.724491
-0.097958 20.020580 0.728972
-0.225313 15.583233 1.388418
-0.240444 15.583716 1.388418
-0.255575 15.584199 1.388418
-0.270707 15.584682 1.388418
-0.285838 15.585165 1.388418
-0.300969 15.585648 1.388418
-0.316101 15.586131 1.388418
-0.331232 15.586614 1.388418
-0.346364 15.587097 1.388418
-0.361495 15.587580 1.388418
-0.376626 15.588063 1.388418
-0.391758 15.588546 1.388418
-0.406889 15.589028 1.388418
-0.422020 15.589511 1.388418
-0.437152 15.589994 1.388418
-0.452283 15.590477 1.388418
-0.467415 15.590960 1.388418
-0.482546 15.591443 1.388418
-0.497677 15.591926 1.388418
-0.512809 15.592409 1.388418
-0.527940 15.592892 1.388418
-0.543071 15.593375 1.388418
-0.558203 15.593858 1.388418
-0.573334 15.594341 1.388418
0.637176 15.555706 1.373279
0.622044 15.556188 1.373279
0.606913 15.556671 1.373279
0.591782 15.557154 1.373279
0.576650 15.557637 1.373279
0.561519 15.558120 1.373279
0.546388 15.558603 1.373279
0.531256 15.559086 1.373279
0.516125 15.559569 1.373279
0.500993 15.560052 1.373279
0.485862 15.560535 1.373279
0.470731 15.561018 1.373279
0.455599 15.561501 1.373279
0.440468 15.561984 1.373279
0.425337 15.562467 1.373279
0.410205 15.562950 1.373279
0.395074 15.563433 1.373279
0.379942 15.563916 1.373279
0.364811 15.564398 1.373279
0.349680 15.564881 1.373279
0.334548 15.565364 1.373279
0.319417 15.565847 1.373279
0.304286 15.566330 1.373279
0.289154 15.566813 1.373279
0.274023 15.567296 1.373279
0.258891 15.567779 1.373279
0.243760 15.568262 1.373279
0.096925 20.029042 0.720081
0.089531 20.054108 0.716442
0.082695 20.061121 0.715446
0.075886 20.068107 0.714453
0.069103 20.075065 0.713465
0.062346 20.081997 0.712481
0.055615 20.088902 0.711500
0.048960 20.092713 0.710972
0.042347 20.094515 0.710739
0.035740 20.096315 0.710506
0.029139 20.098113 0.710274
0.022545 20.099910 0.710041
0.015956 20.101705 0.709809
0.009373 20.103498 0.709577
0.002797 20.105290 0.709345
-0.003772 20.104999 0.709418
-0.010343 20.103201 0.709713
-0.016922 20.101400 0.710007
-0.023508 20.099597 0.710302
-0.030102 20.097792 0.710598
-0.036704 20.095984 0.710894
-0.043313 20.094174 0.711190
-0.049930 20.092363 0.711486
-0.056594 20.087706 0.712200
-0.063313 20.080800 0.713244
-0.070058 20.073872 0.714291
-0.076831 20.066915 0.715343
-0.083632 20.059931 0.716398
-0.090461 20.052918 0.717458
-0.097860 20.024462 0.721664
-0.225313 15.583233 1.373279
-0.240444 15.583716 1.373279
-0.255575 15.584199 1.373279
-0.270707 15.584682 1.373279
-0.285838 15.585165 1.373279
-0.300969 15.585648 1.373279
-0.316101 15.586131 1.373279
-0.331232 15.586614 1.373279
-0.346364 15.587097 1.373279
-0.361495 15.587580 1.373279
-0.376626 15.588063 1.373279
-0.391758 15.588546 1.373279
-0.406889 15.589028 1.373279
-0.422020 15.589511 1.373279
-0.437152 15.589994 1.373279
-0.452283 15.590477 1.373279
-0.467415 15.590960 1.373279
-0.482546 15.591443 1.373279
-0.497677 15.591926 1.373279
-0.512809 15.592409 1.373279
-0.527940 15.592892 1.373279
-0.543071 15.593375 1.373279
-0.558203 15.593858 1.373279
-0.573334 15.594341 1.373279
0.637176 15.555706 1.358139
0.622044 15.556188 1.358139
0.606913 15.556671 1.358139
0.591782 15.557154 1.358139
0.576650 15.557637 1.358139
0.561519 15.558120 1.358139
0.546388 15.558603 1.358139
0.531256 15.559086 1.358139
0.516125 15.559569 1.358139
0.500993 15.560052 1.358139
0.485862 15.560535 1.358139
0.470731 15.561018 1.358139
0.455599 15.561501 1.358139
0.440468 15.561984 1.358139
0.425337 15.562467 1.358139
0.410205 15.562950 1.358139
0.395074 15.563433 1.358139
0.379942 15.563916 1.358139
0.364811 15.564398 1.358139
0.349680 15.564881 1.358139
0.334548 15.565364 1.358139
0.319417 15.565847 1.358139
0.304286 15.566330 1.358139
0.289154 15.566813 1.358139
0.274023 15.567296 1.358139
0.258891 15.567779 1.358139
0.104467 20.002273 0.717209
0.096809 20.032973 0.712802
0.089497 20.055347 0.709599
0.082664 20.062355 0.708616
0.075857 20.069336 0.707638
0.069076 20.076289 0.706663
0.062322 20.083216 0.705692
0.055593 20.090116 0.704724
0.048946 20.093583 0.704254
0.042334 20.095383 0.704023
0.035729 20.097182 0.703794
0.029130 20.098980 0.703564
0.022537 20.100776 0.703335
0.015950 20.102570 0.703106
0.009369 20.104363 0.702877
0.002794 20.106153 0.702648
-0.003773 20.105861 0.702720
-0.010342 20.104065 0.703011
-0.016919 20.102265 0.703301
-0.023504 20.100463 0.703593
-0.030097 20.098658 0.703884
-0.036697 20.096852 0.704176
-0.043304 20.095043 0.704468
-0.049920 20.093232 0.704761
-0.056577 20.088917 0.705416
-0.063293 20.082015 0.706446
-0.070037 20.075092 0.707478
-0.076807 20.068141 0.708515
-0.083606 20.061161 0.709557
-0.090432 20.054153 0.710602
-0.097762 20.028335 0.714372
-0.225313 15.583233 1.358139
-0.240444 15.583716 1.358139
-0.255575 15.584199 1.358139
-0.270707 15.584682 1.358139
-0.285838 15.585165 1.358139
-0.300969 15.585648 1.358139
-0.316101 15.586131 1.358139
-0.331232 15.586614 1.358139
-0.346364 15.587097 1.358139
-0.361495 15.587580 1.358139
-0.376626 15.588063 1.358139
-0.391758 15.588546 1.358139
-0.406889 15.589028 1.358139
-0.422020 15.589511 1.358139
-0.437152 15.589994 1.358139
-0.452283 15.590477 1.358139
-0.467415 15.590960 1.358139
-0.482546 15.591443 1.358139
-0.497677 15.591926 1.358139
-0.512809 15.592409 1.358139
-0.527940 15.592892 1.358139
-0.543071 15.593375 1.358139
-0.558203 15.593858 1.358139
-0.573334 15.594341 1.358139
0.637176 15.555706 1.343000
0.622044 15.556188 1.343000
0.606913 15.556671 1.343000
0.591782 15.557154 1.343000
0.576650 15.557637 1.343000
0.561519 15.558120 1.343000
0.546388 15.558603 1.343000
0.531256 15.559086 1.343000
0.516125 15.559569 1.343000
0.500993 15.560052 1.343000
0.485862 15.560535 1.343000
0.470731 15.561018 1.343000
0.455599 15.561501 1.343000
0.440468 15.561984 1.343000
0.425337 15.562467 1.343000
0.410205 15.562950 1.343000
0.395074 15.563433 1.343000
0.379942 15.563916 1.343000
0.364811 15.564398 1.343000
0.349680 15.564881 1.343000
0.334548 15.565364 1.343000
0.319417 15.565847 1.343000
0.304286 15.566330 1.343000
0.289154 15.566813 1.343000
0.274023 15.567296 1.343000
0.258891 15.567779 1.343000
0.104341 20.006271 0.709878
0.096693 20.036895 0.705540
0.089462 20.056585 0.702761
0.082632 20.063588 0.701792
0.075828 20.070564 0.700827
0.069049 20.077512 0.699865
0.062297 20.084434 0.698908
0.055571 20.091330 0.697953
0.048931 20.094452 0.697538
0.042322 20.096251 0.697311
0.035718 20.098049 0.697084
0.029121 20.099846 0.696858
0.022530 20.101641 0.696632
0.015944 20.103435 0.696405
0.009365 20.105226 0.696180
0.002791 20.107017 0.695954
-0.003774 20.106724 0.696026
-0.010342 20.104928 0.696312
-0.016917 20.103129 0.696599
-0.023500 20.101328 0.696886
-0.030091 20.099524 0.697174
-0.036689 20.097718 0.697462
-0.043295 20.095911 0.697750
-0.049909 20.094101 0.698039
-0.056561 20.090127 0.698636
-0.063274 20.083231 0.699652
-0.070015 20.076312 0.700670
-0.076783 20.069365 0.701693
-0.083579 20.062391 0.702720
-0.090403 20.055388 0.703751
-0.097664 20.032200 0.707096
-0.105205 20.001952 0.711450
-0.240444 15.583716 1.343000
-0.255575 15.584199 1.343000
-0.270707 15.584682 1.343000
-0.285838 15.585165 1.343000
-0.300969 15.585648 1.343000
-0.316101 15.586131 1.343000
-0.331232 15.586614 1.343000
-0.346364 15.587097 1.343000
-0.361495 15.587580 1.343000
-0.376626 15.588063 1.343000
-0.391758 15.588546 1.343000
-0.406889 15.589028 1.343000
-0.422020 15.589511 1.343000
-0.437152 15.589994 1.343000
-0.452283 15.590477 1.343000
-0.467415 15.590960 1.343000
-0.482546 15.591443 1.343000
-0.497677 15.591926 1.343000
-0.512809 15.592409 1.343000
-0.527940 15.592892 1.343000
-0.543071 15.593375 1.343000
-0.558203 15.593858 1.343000
-0.573334 15.594341 1.343000
0.637176 15.555706 1.327861
0.622044 15.556188 1.327861
0.606913 15.556671 1.327861
0.591782 15.557154 1.327861
0.576650 15.557637 1.327861
0.561519 15.558120 1.327861
0.546388 15.558603 1.327861
0.531256 15.559086 1.327861
0.516125 15.559569 1.327861
0.500993 15.560052 1.327861
0.485862 15.560535 1.327861
0.470731 15.561018 1.327861
0.455599 15.561501 1.327861
0.440468 15.561984 1.327861
0.425337 15.562467 1.327861
0.410205 15.562950 1.327861
0.395074 15.563433 1.327861
0.379942 15.563916 1.327861
0.364811 15.564398 1.327861
0.349680 15.564881 1.327861
0.334548 15.565364 1.327861
0.319417 15.565847 1.327861
0.304286 15.566330 1.327861
0.289154 15.566813 1.327861
0.274023 15.567296 1.327861
0.258891 15.567779 1.327861
0.104216 20.010260 0.702563
0.096578 20.040808 0.698293
0.089428 20.057821 0.695927
0.082600 20.064820 0.694972
0.075798 20.071791 0.694020
0.069023 20.078735 0.693072
0.062273 20.085652 0.692128
0.055549 20.092543 0.691187
0.048917 20.095320 0.690826
0.042309 20.097119 0.690602
0.035708 20.098916 0.690378
0.029112 20.100712 0.690155
0.022522 20.102506 0.689932
0.015938 20.104299 0.689709
0.009360 20.106090 0.689486
0.002789 20.107879 0.689264
-0.003775 20.107585 0.689334
-0.010341 20.105790 0.689617
-0.016915 20.103993 0.689900
-0.023496 20.102192 0.690183
-0.030086 20.100390 0.690467
-0.036682 20.098585 0.690751
-0.043287 20.096778 0.691035
-0.049899 20.094969 0.691320
-0.056544 20.091336 0.691861
-0.063255 20.084444 0.692863
-0.069993 20.077530 0.693867
-0.076759 20.070589 0.694876
-0.083553 20.063619 0.695889
-0.090375 20.056621 0.696905
-0.097566 20.036056 0.699835
-0.105098 20.005874 0.704122
-0.240444 15.583716 1.327861
-0.255575 15.584199 1.327861
-0.270707 15.584682 1.327861
-0.285838 15.585165 1.327861
-0.300969 15.585648 1.327861
-0.316101 15.586131 1.327861
-0.331232 15.586614 1.327861
-0.346364 15.587097 1.327861
-0.361495 15.587580 1.327861
-0.376626 15.588063 1.327861
-0.391758 15.588546 1.327861
-0.406889 15.589028 1.327861
-0.422020 15.589511 1.327861
-0.437152 15.589994 1.327861
-0.452283 15.590477 1.327861
-0.467415 15.590960 1.327861
-0.482546 15.591443 1.327861
-0.497677 15.591926 1.327861
-0.512809 15.592409 1.327861
-0.527940 15.592892 1.327861
-0.543071 15.593375 1.327861
-0.558203 15.593858 1.327861
-0.573334 15.594341 1.327861
0.637176 15.555706 1.312722
0.622044 15.556188 1.312722
0.606913 15.556671 1.312722
0.591782 15.557154 1.312722
0.576650 15.557637 1.312722
0.561519 15.558120 1.312722
0.546388 15.558603 1.312722
0.531256 15.559086 1.312722
0.516125 15.559569 1.312722
0.500993 15.560052 1.312722
0.485862 15.560535 1.312722
0.470731 15.561018 1.312722
0.455599 15.561501 1.312722
0.440468 15.561984 1.312722
0.425337 15.562467 1.312722
0.410205 15.562950 1.312722
0.395074 15.563433 1.312722
0.379942 15.563916 1.312722
0.364811 15.564398 1.312722
0.349680 15.564881 1.312722
0.334548 15.565364 1.312722
0.319417 15.565847 1.312722
0.304286 15.566330 1.312722
0.289154 15.566813 1.312722
0.274023 15.567296 1.312722
0.258891 15.567779 1.312722
0.104091 20.014240 0.695264
0.096462 20.044712 0.691062
0.089394 20.059057 0.689099
0.082568 20.066051 0.688157
0.075769 20.073017 0.687219
0.068996 20.079956 0.686284
0.062248 20.086869 0.685353
0.055527 20.093755 0.684426
0.048903 20.096188 0.684117
0.042297 20.097986 0.683896
0.035697 20.099782 0.683676
0.029103 20.101578 0.683455
0.022514 20.103371 0.683235
0.015932 20.105163 0.683015
0.009356 20.106953 0.682796
0.002786 20.108741 0.682576
-0.003776 20.108447 0.682646
-0.010341 20.106653 0.682925
-0.016913 20.104856 0.683204
-0.023493 20.103056 0.683483
-0.030080 20.101255 0.683763
-0.036675 20.099451 0.684043
-0.043278 20.097645 0.684323
-0.049888 20.095837 0.684604
-0.056527 20.092545 0.685091
-0.063236 20.085658 0.686078
-0.069972 20.078748 0.687069
-0.076735 20.071812 0.688063
-0.083527 20.064847 0.689062
-0.090346 20.057854 0.690064
-0.097469 20.039904 0.692591
-0.104992 20.009788 0.696811
-0.240444 15.583716 1.312722
-0.255575 15.584199 1.312722
-0.270707 15.584682 1.312722
-0.285838 15.585165 1.312722
-0.300969 15.585648 1.312722
-0.316101 15.586131 1.312722
-0.331232 15.586614 1.312722
-0.346364 15.587097 1.312722
-0.361495 15.587580 1.312722
-0.376626 15.588063 1.312722
-0.391758 15.588546 1.312722
-0.406889 15.589028 1.312722
-0.422020 15.589511 1.312722
-0.437152 15.589994 1.312722
-0.452283 15.590477 1.312722
-0.467415 15.590960 1.312722
-0.482546 15.591443 1.312722
-0.497677 15.591926 1.312722
-0.512809 15.592409 1.312722
-0.527940 15.592892 1.312722
-0.543071 15.593375 1.312722
-0.558203 15.593858 1.312722
-0.573334 15.594341 1.312722
0.637176 15.555706 1.297583
0.622044 15.556188 1.297583
0.606913 15.556671 1.297583
0.591782 15.557154 1.297583
0.576650 15.557637 1.297583
0.561519 15.558120 1.297583
0.546388 15.558603 1.297583
0.531256 15.559086 1.297583
0.516125 15.559569 1.297583
0.500993 15.560052 1.297583
0.485862 15.560535 1.297583
0.470731 15.561018 1.297583
0.455599 15.561501 1.297583
0.440468 15.561984 1.297583
0.425337 15.562467 1.297583
0.410205 15.562950 1.297583
0.395074 15.563433 1.297583
0.379942 15.563916 1.297583
0.364811 15.564398 1.297583
0.349680 15.564881 1.297583
0.334548 15.565364 1.297583
0.319417 15.565847 1.297583
0.304286 15.566330 1.297583
0.289154 15.566813 1.297583
0.274023 15.567296 1.297583
0.258891 15.567779 1.297583
0.103966 20.018204 0.687983
0.096347 20.048608 0.683847
0.089360 20.060293 0.682275
0.082537 20.067281 0.681347
0.075740 20.074242 0.680422
0.068969 20.081177 0.679501
0.062224 20.088085 0.678583
0.055505 20.094966 0.677669
0.048889 20.097056 0.677411
0.042284 20.098853 0.677194
0.035686 20.100649 0.676976
0.029093 20.102442 0.676759
0.022507 20.104235 0.676542
0.015926 20.106026 0.676326
0.009352 20.107815 0.676109
0.002783 20.109603 0.675893
-0.003777 20.109307 0.675962
-0.010340 20.107515 0.676236
-0.016911 20.105719 0.676511
-0.023489 20.103920 0.676787
-0.030075 20.102119 0.677063
-0.036668 20.100317 0.677339
-0.043269 20.098512 0.677615
-0.049878 20.096705 0.677892
-0.056510 20.093752 0.678326
-0.063217 20.086870 0.679299
-0.069950 20.079965 0.680275
-0.076711 20.073034 0.681255
-0.083500 20.066074 0.682239
-0.090317 20.059085 0.683227
-0.097372 20.043746 0.685362
-0.104886 20.013694 0.689516
-0.240444 15.583716 1.297583
-0.255575 15.584199 1.297583
-0.270707 15.584682 1.297583
-0.285838 15.585165 1.297583
-0.300969 15.585648 1.297583
-0.316101 15.586131 1.297583
-0.331232 15.586614 1.297583
-0.346364 15.587097 1.297583
-0.361495 15.587580 1.297583
-0.376626 15.588063 1.297583
-0.391758 15.588546 1.297583
-0.406889 15.589028 1.297583
-0.422020 15.589511 1.297583
-0.437152 15.589994 1.297583
-0.452283 15.590477 1.297583
-0.467415 15.590960 1.297583
-0.482546 15.591443 1.297583
-0.497677 15.591926 1.297583
-0.512809 15.592409 1.297583
-0.527940 15.592892 1.297583
-0.543071 15.593375 1.297583
-0.558203 15.593858 1.297583
-0.573334 15.594341 1.297583
0.637176 15.555706 1.282444
0.622044 15.556188 1.282444
0.606913 15.556671 1.282444
0.591782 15.557154 1.282444
0.576650 15.557637 1.282444
0.561519 15.558120 1.282444
0.546388 15.558603 1.282444
0.531256 15.559086 1.282444
0.516125 15.559569 1.282444
0.500993 15.560052 1.282444
0.485862 15.560535 1.282444
0.470731 15.561018 1.282444
0.455599 15.561501 1.282444
0.440468 15.561984 1.282444
0.425337 15.562467 1.282444
0.410205 15.562950 1.282444
0.395074 15.563433 1.282444
0.379942 15.563916 1.282444
0.364811 15.564398 1.282444
0.349680 15.564881 1.282444
0.334548 15.565364 1.282444
0.319417 15.565847 1.282444
0.304286 15.566330 1.282444
0.289154 15.566813 1.282444
0.274023 15.567296 1.282444
0.258891 15.567779 1.282444
0.103842 20.022158 0.680718
0.096233 20.052496 0.676648
0.089326 20.061527 0.675457
0.082505 20.068511 0.674542
0.075711 20.075467 0.673630
0.068942 20.082397 0.672722
0.062199 20.089300 0.671818
0.055484 20.096125 0.670924
0.048875 20.097923 0.670709
0.042272 20.099719 0.670495
0.035675 20.101514 0.670280
0.029084 20.103307 0.670066
0.022499 20.105099 0.669852
0.015920 20.106889 0.669639
0.009347 20.108678 0.669425
0.002781 20.110465 0.669212
-0.003778 20.110168 0.669280
-0.010339 20.108376 0.669551
-0.016908 20.106581 0.669822
-0.023485 20.104783 0.670094
-0.030069 20.102984 0.670365
-0.036661 20.101182 0.670638
-0.043260 20.099378 0.670910
-0.049867 20.097572 0.671183
-0.056493 20.094959 0.671565
-0.063197 20.088082 0.672524
-0.069929 20.081181 0.673486
-0.076688 20.074255 0.674452
-0.083474 20.067300 0.675422
-0.090288 20.060316 0.676396
-0.097275 20.047580 0.678148
-0.104780 20.017591 0.682236
-0.240444 15.583716 1.282444
-0.255575 15.584199 1.282444
-0.270707 15.584682 1.282444
-0.285838 15.585165 1.282444
-0.300969 15.585648 1.282444
-0.316101 15.586131 1.282444
-0.331232 15.586614 1.282444
-0.346364 15.587097 1.282444
-0.361495 15.587580 1.282444
-0.376626 15.588063 1.282444
-0.391758 15.588546 1.282444
-0.406889 15.589028 1.282444
-0.422020 15.589511 1.282444
-0.437152 15.589994 1.282444
-0.452283 15.590477 1.282444
-0.467415 15.590960 1.282444
-0.482546 15.591443 1.282444
-0.497677 15.591926 1.282444
-0.512809 15.592409 1.282444
-0.527940 15.592892 1.282444
-0.543071 15.593375 1.282444
-0.558203 15.593858 1.282444
-0.573334 15.594341 1.282444
0.637176 15.555706 1.267305
0.622044 15.556188 1.267305
0.606913 15.556671 1.267305
0.591782 15.557154 1.267305
0.576650 15.557637 1.267305
0.561519 15.558120 1.267305
0.546388 15.558603 1.267305
0.531256 15.559086 1.267305
0.516125 15.559569 1.267305
0.500993 15.560052 1.267305
0.485862 15.560535 1.267305
0.470731 15.561018 1.267305
0.455599 15.561501 1.267305
0.440468 15.561984 1.267305
0.425337 15.562467 1.267305
0.410205 15.562950 1.267305
0.395074 15.563433 1.267305
0.379942 15.563916 1.267305
0.364811 15.564398 1.267305
0.349680 15.564881 1.267305
0.334548 15.565364 1.267305
0.319417 15.565847 1.267305
0.304286 15.566330 1.267305
0.289154 15.566813 1.267305
0.274023 15.567296 1.267305
0.258891 15.567779 1.267305
0.103718 20.026104 0.673469
0.096136 20.055754 0.669548
0.089292 20.062760 0.668643
0.082473 20.069739 0.667741
0.075681 20.076691 0.666843
0.068915 20.083616 0.665948
0.062175 20.090514 0.665057
0.055468 20.096993 0.664222
0.048861 20.098790 0.664010
0.042259 20.100585 0.663799
0.035664 20.102379 0.663588
0.029075 20.104172 0.663377
0.022492 20.105962 0.663166
0.015914 20.107752 0.662955
0.009343 20.109539 0.662745
0.002778 20.111325 0.662535
-0.003779 20.111028 0.662602
-0.010339 20.109237 0.662869
-0.016906 20.107443 0.663136
-0.023481 20.105646 0.663404
-0.030064 20.103847 0.663672
-0.036654 20.102046 0.663940
-0.043251 20.100243 0.664208
-0.049857 20.098438 0.664477
-0.056476 20.096165 0.664809
-0.063178 20.089293 0.665753
-0.069907 20.082397 0.666702
-0.076664 20.075475 0.667653
-0.083448 20.068525 0.668609
-0.090259 20.061546 0.669569
-0.097178 20.051405 0.670950
-0.104674 20.021479 0.674973
-0.240444 15.583716 1.267305
-0.255575 15.584199 1.267305
-0.270707 15.584682 1.267305
-0.285838 15.585165 1.267305
-0.300969 15.585648 1.267305
-0.316101 15.586131 1.267305
-0.331232 15.586614 1.267305
-0.346364 15.587097 1.267305
-0.361495 15.587580 1.267305
-0.376626 15.588063 1.267305
-0.391758 15.588546 1.267305
-0.406889 15.589028 1.267305
-0.422020 15.589511 1.267305
-0.437152 15.589994 1.267305
-0.452283 15.590477 1.267305
-0.467415 15.590960 1.267305
-0.482546 15.591443 1.267305
-0.497677 15.591926 1.267305
-0.512809 15.592409 1.267305
-0.527940 15.592892 1.267305
-0.543071 15.593375 1.267305
-0.558203 15.593858 1.267305
-0.573334 15.594341 1.267305
0.637176 15.555706 1.252166
0.622044 15.556188 1.252166
0.606913 15.556671 1.252166
0.591782 15.557154 1.252166
0.576650 15.557637 1.252166
0.561519 15.558120 1.252166
0.546388 15.558603 1.252166
0.531256 15.559086 1.252166
0.516125 15.559569 1.252166
0.500993 15.560052 1.252166
0.485862 15.560535 1.252166
0.470731 15.561018 1.252166
0.455599 15.561501 1.252166
0.440468 15.561984 1.252166
0.425337 15.562467 1.252166
0.410205 15.562950 1.252166
0.395074 15.563433 1.252166
0.379942 15.563916 1.252166
0.364811 15.564398 1.252166
0.349680 15.564881 1.252166
0.334548 15.565364 1.252166
0.319417 15.565847 1.252166
0.304286 15.566330 1.252166
0.289154 15.566813 1.252166
0.274023 15.567296 1.252166
0.258891 15.567779 1.252166
0.103594 20.030040 0.666236
0.096100 20.056992 0.662725
0.089258 20.063993 0.661833
0.082442 20.070967 0.660945
0.075652 20.077914 0.660060
0.068889 20.084834 0.659179
0.062151 20.091727 0.658301
0.055452 20.097860 0.657523
0.048846 20.099656 0.657315
0.042247 20.101451 0.657107
0.035653 20.103244 0.656898
0.029066 20.105035 0.656691
0.022484 20.106825 0.656483
0.015909 20.108614 0.656275
0.009339 20.110401 0.656068
0.002775 20.112186 0.655861
-0.003780 20.111888 0.655928
-0.010338 20.110098 0.656190
-0.016904 20.108304 0.656454
-0.023477 20.106509 0.656717
-0.030058 20.104711 0.656981
-0.036647 20.102911 0.657246
-0.043243 20.101109 0.657510
-0.049846 20.099305 0.657775
-0.056460 20.097370 0.658057
-0.063159 20.090503 0.658988
-0.069886 20.083611 0.659922
-0.076640 20.076694 0.660860
-0.083421 20.069749 0.661801
-0.090231 20.062776 0.662746
-0.097082 20.055222 0.663768
-0.104569 20.025359 0.667725
-0.240444 15.583716 1.252166
-0.255575 15.584199 1.252166
-0.270707 15.584682 1.252166
-0.285838 15.585165 1.252166
-0.300969 15.585648 1.252166
-0.316101 15.586131 1.252166
-0.331232 15.586614 1.252166
-0.346364 15.587097 1.252166
-0.361495 15.587580 1.252166
-0.376626 15.588063 1.252166
-0.391758 15.588546 1.252166
-0.406889 15.589028 1.252166
-0.422020 15.589511 1.252166
-0.437152 15.589994 1.252166
-0.452283 15.590477 1.252166
-0.467415 15.590960 1.252166
-0.482546 15.591443 1.252166
-0.497677 15.591926 1.252166
-0.512809 15.592409 1.252166
-0.527940 15.592892 1.252166
-0.543071 15.593375 1.252166
-0.558203 15.593858 1.252166
-0.573334 15.594341 1.252166
0.637176 15.555706 1.237027
0.622044 15.556188 1.237027
0.606913 15.556671 1.237027
0.591782 15.557154 1.237027
0.576650 15.557637 1.237027
0.561519 15.558120 1.237027
0.546388 15.558603 1.237027
0.531256 15.559086 1.237027
0.516125 15.559569 1.237027
0.500993 15.560052 1.237027
0.485862 15.560535 1.237027
0.470731 15.561018 1.237027
0.455599 15.561501 1.237027
0.440468 15.561984 1.237027
0.425337 15.562467 1.237027
0.410205 15.562950 1.237027
0.395074 15.563433 1.237027
0.379942 15.563916 1.237027
0.364811 15.564398 1.237027
0.349680 15.564881 1.237027
0.334548 15.565364 1.237027
0.319417 15.565847 1.237027
0.304286 15.566330 1.237027
0.289154 15.566813 1.237027
0.274023 15.567296 1.237027
0.111183 20.003292 0.662962
0.103471 20.033968 0.659019
0.096063 20.058228 0.655907
0.089224 20.065225 0.655029
0.082410 20.072194 0.654154
0.075623 20.079136 0.653283
0.068862 20.086051 0.652415
0.062126 20.092940 0.651550
0.055436 20.098727 0.650828
0.048832 20.100522 0.650623
0.042234 20.102316 0.650417
0.035642 20.104108 0.650212
0.029057 20.105899 0.650008
0.022477 20.107688 0.649803
0.015903 20.109476 0.649599
0.009335 20.111261 0.649394
0.002773 20.113046 0.649190
-0.003781 20.112747 0.649256
-0.010338 20.110958 0.649515
-0.016902 20.109166 0.649774
-0.023473 20.107371 0.650034
-0.030053 20.105574 0.650294
-0.036639 20.103774 0.650555
-0.043234 20.101974 0.650815
-0.049836 20.100170 0.651076
-0.056446 20.098365 0.651337
-0.063140 20.091711 0.652227
-0.069864 20.084825 0.653147
-0.076616 20.077913 0.654071
-0.083395 20.070973 0.654998
-0.090202 20.064004 0.655929
-0.097037 20.057007 0.656864
-0.104464 20.029231 0.660493
-0.240444 15.583716 1.237027
-0.255575 15.584199 1.237027
-0.270707 15.584682 1.237027
-0.285838 15.585165 1.237027
-0.300969 15.585648 1.237027
-0.316101 15.586131 1.237027
-0.331232 15.586614 1.237027
-0.346364 15.587097 1.237027
-0.361495 15.587580 1.237027
-0.376626 15.588063 1.237027
-0.391758 15.588546 1.237027
-0.406889 15.589028 1.237027
-0.422020 15.589511 1.237027
-0.437152 15.589994 1.237027
-0.452283 15.590477 1.237027
-0.467415 15.590960 1.237027
-0.482546 15.591443 1.237027
-0.497677 15.591926 1.237027
-0.512809 15.592409 1.237027
-0.527940 15.592892 1.237027
-0.543071 15.593375 1.237027
-0.558203 15.593858 1.237027
-0.573334 15.594341 1.237027
0.637176 15.555706 1.221888
0.622044 15.556188 1.221888
0.606913 15.556671 1.221888
0.591782 15.557154 1.221888
0.576650 15.557637 1.221888
0.561519 15.558120 1.221888
0.546388 15.558603 1.221888
0.531256 15.559086 1.221888
0.516125 15.559569 1.221888
0.500993 15.560052 1.221888
0.485862 15.560535 1.221888
0.470731 15.561018 1.221888
0.455599 15.561501 1.221888
0.440468 15.561984 1.221888
0.425337 15.562467 1.221888
0.410205 15.562950 1.221888
0.395074 15.563433 1.221888
0.379942 15.563916 1.221888
0.364811 15.564398 1.221888
0.349680 15.564881 1.221888
0.334548 15.565364 1.221888
0.319417 15.565847 1.221888
0.304286 15.566330 1.221888
0.289154 15.566813 1.221888
0.274023 15.567296 1.221888
0.111050 20.007288 0.655694
0.103348 20.037888 0.651819
0.096027 20.059464 0.649094
0.089190 20.066455 0.648229
0.082379 20.073420 0.647368
0.075594 20.080357 0.646510
0.068835 20.087268 0.645655
0.062102 20.094152 0.644803
0.055420 20.099593 0.644136
0.048818 20.101387 0.643934
0.042222 20.103180 0.643732
0.035632 20.104972 0.643530
0.029047 20.106762 0.643328
0.022469 20.108550 0.643127
0.015897 20.110337 0.642925
0.009330 20.112122 0.642724
0.002770 20.113906 0.642523
-0.003782 20.113606 0.642588
-0.010337 20.111817 0.642843
-0.016899 20.110026 0.643098
-0.023469 20.108232 0.643354
-0.030047 20.106436 0.643610
-0.036632 20.104638 0.643867
-0.043225 20.102838 0.644124
-0.049826 20.101036 0.644381
-0.056434 20.099231 0.644638
-0.063121 20.092920 0.645471
-0.069843 20.086037 0.646377
-0.076592 20.079130 0.647286
-0.083369 20.072195 0.648199
-0.090173 20.065231 0.649116
-0.097006 20.058239 0.650037
-0.104359 20.033094 0.653277
-0.111956 20.002859 0.657168
-0.255575 15.584199 1.221888
-0.270707 15.584682 1.221888
-0.285838 15.585165 1.221888
-0.300969 15.585648 1.221888
-0.316101 15.586131 1.221888
-0.331232 15.586614 1.221888
-0.346364 15.587097 1.221888
-0.361495 15.587580 1.221888
-0.376626 15.588063 1.221888
-0.391758 15.588546 1.221888
-0.406889 15.589028 1.221888
-0.422020 15.589511 1.221888
-0.437152 15.589994 1.221888
-0.452283 15.590477 1.221888
-0.467415 15.590960 1.221888
-0.482546 15.591443 1.221888
-0.497677 15.591926 1.221888
-0.512809 15.592409 1.221888
-0.527940 15.592892 1.221888
-0.543071 15.593375 1.221888
-0.558203 15.593858 1.221888
-0.573334 15.594341 1.221888
0.637176 15.555706 1.206749
0.622044 15.556188 1.206749
0.606913 15.556671 1.206749
0.591782 15.557154 1.206749
0.576650 15.557637 1.206749
0.561519 15.558120 1.206749
0.546388 15.558603 1.206749
0.531256 15.559086 1.206749
0.516125 15.559569 1.206749
0.500993 15.560052 1.206749
0.485862 15.560535 1.206749
0.470731 15.561018 1.206749
0.455599 15.561501 1.206749
0.440468 15.561984 1.206749
0.425337 15.562467 1.206749
0.410205 15.562950 1.206749
0.395074 15.563433 1.206749
0.379942 15.563916 1.206749
0.364811 15.564398 1.206749
0.349680 15.564881 1.206749
0.334548 15.565364 1.206749
0.319417 15.565847 1.206749
0.304286 15.566330 1.206749
0.289154 15.566813 1.206749
0.274023 15.567296 1.206749
0.110917 20.011274 0.648442
0.103225 20.041799 0.644634
0.095990 20.060699 0.642285
0.089156 20.067685 0.641434
0.082347 20.074645 0.640586
0.075565 20.081577 0.639741
0.068808 20.088483 0.638900
0.062078 20.095363 0.638061
0.055405 20.100459 0.637447
0.048804 20.102252 0.637248
0.042209 20.104044 0.637049
0.035621 20.105835 0.636850
0.029038 20.107624 0.636652
0.022461 20.109412 0.636453
0.015891 20.111198 0.636255
0.009326 20.112982 0.636057
0.002767 20.114765 0.635859
-0.003783 20.114464 0.635923
-0.010336 20.112677 0.636174
-0.016897 20.110886 0.636426
-0.023466 20.109093 0.636678
-0.030042 20.107298 0.636930
-0.036625 20.105501 0.637182
-0.043216 20.103702 0.637435
-0.049815 20.101901 0.637688
-0.056422 20.100097 0.637942
-0.063102 20.094127 0.638719
-0.069821 20.087249 0.639611
-0.076568 20.080347 0.640507
-0.083342 20.073417 0.641406
-0.090144 20.066458 0.642308
-0.096974 20.059471 0.643214
-0.104254 20.036948 0.646076
-0.111842 20.006780 0.649902
-0.255575 15.584199 1.206749
-0.270707 15.584682 1.206749
-0.285838 15.585165 1.206749
-0.300969 15.585648 1.206749
-0.316101 15.586131 1.206749
-0.331232 15.586614 1.206749
-0.346364 15.587097 1.206749
-0.361495 15.587580 1.206749
-0.376626 15.588063 1.206749
-0.391758 15.588546 1.206749
-0.406889 15.589028 1.206749
-0.422020 15.589511 1.206749
-0.437152 15.589994 1.206749
-0.452283 15.590477 1.206749
-0.467415 15.590960 1.206749
-0.482546 15.591443 1.206749
-0.497677 15.591926 1.206749
-0.512809 15.592409 1.206749
-0.527940 15.592892 1.206749
-0.543071 15.593375 1.206749
-0.558203 15.593858 1.206749
-0.573334 15.594341 1.206749
0.637176 15.555706 1.191610
0.622044 15.556188 1.191610
0.606913 15.556671 1.191610
0.591782 15.557154 1.191610
0.576650 15.557637 1.191610
0.561519 15.558120 1.191610
0.546388 15.558603 1.191610
0.531256 15.559086 1.191610
0.516125 15.559569 1.191610
0.500993 15.560052 1.191610
0.485862 15.560535 1.191610
0.470731 15.561018 1.191610
0.455599 15.561501 1.191610
0.440468 15.561984 1.191610
0.425337 15.562467 1.191610
0.410205 15.562950 1.191610
0.395074 15.563433 1.191610
0.379942 15.563916 1.191610
0.364811 15.564398 1.191610
0.349680 15.564881 1.191610
0.334548 15.565364 1.191610
0.319417 15.565847 1.191610
0.304286 15.566330 1.191610
0.289154 15.566813 1.191610
0.274023 15.567296 1.191610
0.110785 20.015248 0.641207
0.103102 20.045701 0.637464
0.095954 20.061933 0.635482
0.089122 20.068915 0.634644
0.082316 20.075869 0.633809
0.075536 20.082797 0.632978
0.068782 20.089698 0.632149
0.062053 20.096573 0.631324
0.055389 20.101324 0.630762
0.048790 20.103117 0.630566
0.042197 20.104908 0.630370
0.035610 20.106698 0.630174
0.029029 20.108486 0.629979
0.022454 20.110273 0.629783
0.015885 20.112058 0.629588
0.009322 20.113841 0.629393
0.002765 20.115623 0.629199
-0.003784 20.115322 0.629262
-0.010336 20.113536 0.629509
-0.016895 20.111746 0.629757
-0.023462 20.109954 0.630005
-0.030036 20.108160 0.630253
-0.036618 20.106364 0.630501
-0.043208 20.104565 0.630750
-0.049805 20.102765 0.630999
-0.056410 20.100963 0.631249
-0.063083 20.095334 0.631973
-0.069800 20.088460 0.632851
-0.076544 20.081563 0.633732
-0.083316 20.074638 0.634617
-0.090116 20.067684 0.635505
-0.096943 20.060701 0.636397
-0.104149 20.040795 0.638892
-0.111728 20.010692 0.642651
-0.255575 15.584199 1.191610
-0.270707 15.584682 1.191610
-0.285838 15.585165 1.191610
-0.300969 15.585648 1.191610
-0.316101 15.586131 1.191610
-0.331232 15.586614 1.191610
-0.346364 15.587097 1.191610
-0.361495 15.587580 1.191610
-0.376626 15.588063 1.191610
-0.391758 15.588546 1.191610
-0.406889 15.589028 1.191610
-0.422020 15.589511 1.191610
-0.437152 15.589994 1.191610
-0.452283 15.590477 1.191610
-0.467415 15.590960 1.191610
-0.482546 15.591443 1.191610
-0.497677 15.591926 1.191610
-0.512809 15.592409 1.191610
-0.527940 15.592892 1.191610
-0.543071 15.593375 1.191610
-0.558203 15.593858 1.191610
-0.573334 15.594341 1.191610
0.637176 15.555706 1.176471
0.622044 15.556188 1.176471
0.606913 15.556671 1.176471
0.591782 15.557154 1.176471
0.576650 15.557637 1.176471
0.561519 15.558120 1.176471
0.546388 15.558603 1.176471
0.531256 15.559086 1.176471
0.516125 15.559569 1.176471
0.500993 15.560052 1.176471
0.485862 15.560535 1.176471
0.470731 15.561018 1.176471
0.455599 15.561501 1.176471
0.440468 15.561984 1.176471
0.425337 15.562467 1.176471
0.410205 15.562950 1.176471
0.395074 15.563433 1.176471
0.379942 15.563916 1.176471
0.364811 15.564398 1.176471
0.349680 15.564881 1.176471
0.334548 15.565364 1.176471
0.319417 15.565847 1.176471
0.304286 15.566330 1.176471
0.289154 15.566813 1.176471
0.274023 15.567296 1.176471
0.110653 20.019208 0.633988
0.102980 20.049594 0.630311
0.095918 20.063166 0.628683
0.089088 20.070142 0.627858
0.082284 20.077092 0.627037
0.075507 20.084015 0.626219
0.068755 20.090912 0.625404
0.062029 20.097782 0.624592
0.055373 20.102189 0.624080
0.048776 20.103981 0.623887
0.042185 20.105771 0.623694
0.035599 20.107560 0.623502
0.029020 20.109348 0.623309
0.022446 20.111134 0.623117
0.015879 20.112918 0.622925
0.009317 20.114701 0.622733
0.002762 20.116482 0.622541
-0.003785 20.116180 0.622603
-0.010335 20.114394 0.622847
-0.016893 20.112605 0.623091
-0.023458 20.110814 0.623335
-0.030031 20.109021 0.623579
-0.036611 20.107226 0.623824
-0.043199 20.105428 0.624069
-0.049794 20.103629 0.624314
-0.056398 20.101828 0.624559
-0.063064 20.096540 0.625230
-0.069778 20.089671 0.626094
-0.076520 20.082778 0.626962
-0.083290 20.075857 0.627832
-0.090087 20.068909 0.628706
-0.096912 20.061931 0.629584
-0.104045 20.044633 0.631722
-0.111614 20.014596 0.635416
-0.255575 15.584199 1.176471
-0.270707 15.584682 1.176471
-0.285838 15.585165 1.176471
-0.300969 15.585648 1.176471
-0.316101 15.586131 1.176471
-0.331232 15.586614 1.176471
-0.346364 15.587097 1.176471
-0.361495 15.587580 1.176471
-0.376626 15.588063 1.176471
-0.391758 15.588546 1.176471
-0.406889 15.589028 1.176471
-0.422020 15.589511 1.176471
-0.437152 15.589994 1.176471
-0.452283 15.590477 1.176471
-0.467415 15.590960 1.176471
-0.482546 15.591443 1.176471
-0.497677 15.591926 1.176471
-0.512809 15.592409 1.176471
-0.527940 15.592892 1.176471
-0.543071 15.593375 1.176471
-0.558203 15.593858 1.176471
-0.573334 15.594341 1.176471
0.637176 15.555706 1.161331
0.622044 15.556188 1.161331
0.606913 15.556671 1.161331
0.591782 15.557154 1.161331
0.576650 15.557637 1.161331
0.561519 15.558120 1.161331
0.546388 15.558603 1.161331
0.531256 15.559086 1.161331
0.516125 15.559569 1.161331
0.500993 15.560052 1.161331
0.485862 15.560535 1.161331
0.470731 15.561018 1.161331
0.455599 15.561501 1.161331
0.440468 15.561984 1.161331
0.425337 15.562467 1.161331
0.410205 15.562950 1.161331
0.395074 15.563433 1.161331
0.379942 15.563916 1.161331
0.364811 15.564398 1.161331
0.349680 15.564881 1.161331
0.334548 15.565364 1.161331
0.319417 15.565847 1.161331
0.304286 15.566330 1.161331
0.289154 15.566813 1.161331
0.274023 15.567296 1.161331
0.110521 20.023160 0.626785
0.102858 20.053479 0.623173
0.095881 20.064398 0.621889
0.089054 20.071370 0.621077
0.082253 20.078315 0.620269
0.075477 20.085233 0.619464
0.068728 20.092125 0.618663
0.062005 20.098990 0.617864
0.055357 20.103053 0.617401
0.048762 20.104845 0.617211
0.042172 20.106634 0.617022
0.035588 20.108423 0.616832
0.029011 20.110209 0.616643
0.022439 20.111994 0.616454
0.015873 20.113778 0.616265
0.009313 20.115559 0.616076
0.002759 20.117339 0.615887
-0.003786 20.117037 0.615949
-0.010335 20.115252 0.616188
-0.016891 20.113464 0.616428
-0.023454 20.111674 0.616668
-0.030025 20.109882 0.616908
-0.036604 20.108088 0.617149
-0.043190 20.106291 0.617390
-0.049784 20.104493 0.617631
-0.056386 20.102692 0.617873
-0.063045 20.097744 0.618493
-0.069757 20.090880 0.619343
-0.076497 20.083992 0.620196
-0.083264 20.077076 0.621053
-0.090058 20.070133 0.621913
-0.096881 20.063160 0.622776
-0.103941 20.048464 0.624568
-0.111501 20.018491 0.628197
-0.255575 15.584199 1.161331
-0.270707 15.584682 1.161331
-0.285838 15.585165 1.161331
-0.300969 15.585648 1.161331
-0.316101 15.586131 1.161331
-0.331232 15.586614 1.161331
-0.346364 15.587097 1.161331
-0.361495 15.587580 1.161331
-0.376626 15.588063 1.161331
-0.391758 15.588546 1.161331
-0.406889 15.589028 1.161331
-0.422020 15.589511 1.161331
-0.437152 15.589994 1.161331
-0.452283 15.590477 1.161331
-0.467415 15.590960 1.161331
-0.482546 15.591443 1.161331
-0.497677 15.591926 1.161331
-0.512809 15.592409 1.161331
-0.527940 15.592892 1.161331
-0.543071 15.593375 1.161331
-0.558203 15.593858 1.161331
-0.573334 15.594341 1.161331
0.637176 15.555706 1.146192
0.622044 15.556188 1.146192
0.606913 15.556671 1.146192
0.591782 15.557154 1.146192
0.576650 15.557637 1.146192
0.561519 15.558120 1.146192
0.546388 15.558603 1.146192
0.531256 15.559086 1.146192
0.516125 15.559569 1.146192
0.500993 15.560052 1.146192
0.485862 15.560535 1.146192
0.470731 15.561018 1.146192
0.455599 15.561501 1.146192
0.440468 15.561984 1.146192
0.425337 15.562467 1.146192
0.410205 15.562950 1.146192
0.395074 15.563433 1.146192
0.379942 15.563916 1.146192
0.364811 15.564398 1.146192
0.349680 15.564881 1.146192
0.334548 15.565364 1.146192
0.319417 15.565847 1.146192
0.304286 15.566330 1.146192
0.289154 15.566813 1.146192
0.274023 15.567296 1.146192
0.110390 20.027103 0.619599
0.102736 20.057355 0.616051
0.095845 20.065629 0.615099
0.089020 20.072597 0.614301
0.082221 20.079536 0.613507
0.075448 20.086450 0.612715
0.068702 20.093337 0.611926
0.061981 20.100198 0.611141
0.055342 20.103918 0.610726
0.048748 20.105708 0.610539
0.042160 20.107497 0.610353
0.035578 20.109284 0.610166
0.029001 20.111070 0.609980
0.022431 20.112854 0.609794
0.015867 20.114637 0.609608
0.009309 20.116418 0.609422
0.002757 20.118197 0.609236
-0.003787 20.117894 0.609297
-0.010334 20.116110 0.609532
-0.016888 20.114323 0.609768
-0.023450 20.112534 0.610005
-0.030020 20.110742 0.610241
-0.036597 20.108949 0.610478
-0.043181 20.107153 0.610715
-0.049774 20.105356 0.610953
-0.056374 20.103556 0.611190
-0.063025 20.098948 0.611760
-0.069736 20.092088 0.612596
-0.076473 20.085206 0.613435
-0.083238 20.078295 0.614278
-0.090030 20.071356 0.615124
-0.096850 20.064388 0.615973
-0.103837 20.052288 0.617430
-0.111388 20.022377 0.620994
-0.255575 15.584199 1.146192
-0.270707 15.584682 1.146192
-0.285838 15.585165 1.146192
-0.300969 15.585648 1.146192
-0.316101 15.586131 1.146192
-0.331232 15.586614 1.146192
-0.346364 15.587097 1.146192
-0.361495 15.587580 1.146192
-0.376626 15.588063 1.146192
-0.391758 15.588546 1.146192
-0.406889 15.589028 1.146192
-0.422020 15.589511 1.146192
-0.437152 15.589994 1.146192
-0.452283 15.590477 1.146192
-0.467415 15.590960 1.146192
-0.482546 15.591443 1.146192
-0.497677 15.591926 1.146192
-0.512809 15.592409 1.146192
-0.527940 15.592892 1.146192
-0.543071 15.593375 1.146192
-0.558203 15.593858 1.146192
-0.573334 15.594341 1.146192
0.637176 15.555706 1.131053
0.622044 15.556188 1.131053
0.606913 15.556671 1.131053
0.591782 15.557154 1.131053
0.576650 15.557637 1.131053
0.561519 15.558120 1.131053
0.546388 15.558603 1.131053
0.531256 15.559086 1.131053
0.516125 15.559569 1.131053
0.500993 15.560052 1.131053
0.485862 15.560535 1.131053
0.470731 15.561018 1.131053
0.455599 15.561501 1.131053
0.440468 15.561984 1.131053
0.425337 15.562467 1.131053
0.410205 15.562950 1.131053
0.395074 15.563433 1.131053
0.379942 15.563916 1.131053
0.364811 15.564398 1.131053
0.349680 15.564881 1.131053
0.334548 15.565364 1.131053
0.319417 15.565847 1.131053
0.304286 15.566330 1.131053
0.289154 15.566813 1.131053
0.118036 20.000309 0.615974
0.110259 20.031037 0.612428
0.102657 20.059870 0.609102
0.095808 20.066860 0.608315
0.088986 20.073822 0.607530
0.082190 20.080757 0.606749
0.075419 20.087666 0.605970
0.068675 20.094548 0.605195
0.061956 20.101405 0.604422
0.055326 20.104781 0.604054
0.048734 20.106571 0.603870
0.042147 20.108359 0.603687
0.035567 20.110145 0.603503
0.028992 20.111931 0.603320
0.022424 20.113714 0.603137
0.015861 20.115496 0.602954
0.009305 20.117276 0.602771
0.002754 20.119054 0.602589
-0.003788 20.118749 0.602649
-0.010333 20.116967 0.602880
-0.016886 20.115181 0.603112
-0.023446 20.113393 0.603345
-0.030014 20.111602 0.603577
-0.036590 20.109810 0.603810
-0.043173 20.108015 0.604043
-0.049763 20.106219 0.604277
-0.056361 20.104420 0.604511
-0.063006 20.100152 0.605032
-0.069714 20.093296 0.605854
-0.076449 20.086418 0.606679
-0.083211 20.079512 0.607508
-0.090001 20.072578 0.608339
-0.096819 20.065615 0.609175
-0.103733 20.056103 0.610307
-0.111275 20.026256 0.613807
-0.255575 15.584199 1.131053
-0.270707 15.584682 1.131053
-0.285838 15.585165 1.131053
-0.300969 15.585648 1.131053
-0.316101 15.586131 1.131053
-0.331232 15.586614 1.131053
-0.346364 15.587097 1.131053
-0.361495 15.587580 1.131053
-0.376626 15.588063 1.131053
-0.391758 15.588546 1.131053
-0.406889 15.589028 1.131053
-0.422020 15.589511 1.131053
-0.437152 15.589994 1.131053
-0.452283 15.590477 1.131053
-0.467415 15.590960 1.131053
-0.482546 15.591443 1.131053
-0.497677 15.591926 1.131053
-0.512809 15.592409 1.131053
-0.527940 15.592892 1.131053
-0.543071 15.593375 1.131053
-0.558203 15.593858 1.131053
-0.573334 15.594341 1.131053
0.637176 15.555706 1.115914
0.622044 15.556188 1.115914
0.606913 15.556671 1.115914
0.591782 15.557154 1.115914
0.576650 15.557637 1.115914
0.561519 15.558120 1.115914
0.546388 15.558603 1.115914
0.531256 15.559086 1.115914
0.516125 15.559569 1.115914
0.500993 15.560052 1.115914
0.485862 15.560535 1.115914
0.470731 15.561018 1.115914
0.455599 15.561501 1.115914
0.440468 15.561984 1.115914
0.425337 15.562467 1.115914
0.410205 15.562950 1.115914
0.395074 15.563433 1.115914
0.379942 15.563916 1.115914
0.364811 15.564398 1.115914
0.349680 15.564881 1.115914
0.334548 15.565364 1.115914
0.319417 15.565847 1.115914
0.304286 15.566330 1.115914
0.289154 15.566813 1.115914
0.117895 20.004311 0.608752
0.110128 20.034963 0.605273
0.102619 20.061105 0.602309
0.095772 20.068089 0.601535
0.088952 20.075047 0.600764
0.082158 20.081977 0.599995
0.075390 20.088881 0.599230
0.068648 20.095759 0.598468
0.061932 20.102610 0.597708
0.055310 20.105645 0.597385
0.048720 20.107433 0.597205
0.042135 20.109221 0.597024
0.035556 20.111006 0.596844
0.028983 20.112791 0.596664
0.022416 20.114573 0.596484
0.015855 20.116354 0.596304
0.009300 20.118133 0.596124
0.002751 20.119911 0.595945
-0.003789 20.119605 0.596004
-0.010333 20.117824 0.596231
-0.016884 20.116038 0.596460
-0.023443 20.114251 0.596688
-0.030009 20.112462 0.596917
-0.036583 20.110670 0.597146
-0.043164 20.108877 0.597375
-0.049753 20.107081 0.597605
-0.056349 20.105283 0.597834
-0.062987 20.101354 0.598308
-0.069693 20.094503 0.599117
-0.076425 20.087630 0.599928
-0.083185 20.080729 0.600742
-0.089973 20.073800 0.601560
-0.096788 20.066842 0.602381
-0.103631 20.059856 0.603205
-0.111163 20.030126 0.606635
-0.255575 15.584199 1.115914
-0.270707 15.584682 1.115914
-0.285838 15.585165 1.115914
-0.300969 15.585648 1.115914
-0.316101 15.586131 1.115914
-0.331232 15.586614 1.115914
-0.346364 15.587097 1.115914
-0.361495 15.587580 1.115914
-0.376626 15.588063 1.115914
-0.391758 15.588546 1.115914
-0.406889 15.589028 1.115914
-0.422020 15.589511 1.115914
-0.437152 15.589994 1.115914
-0.452283 15.590477 1.115914
-0.467415 15.590960 1.115914
-0.482546 15.591443 1.115914
-0.497677 15.591926 1.115914
-0.512809 15.592409 1.115914
-0.527940 15.592892 1.115914
-0.543071 15.593375 1.115914
-0.558203 15.593858 1.115914
-0.573334 15.594341 1.115914
0.637176 15.555706 1.100775
0.622044 15.556188 1.100775
0.606913 15.556671 1.100775
0.591782 15.557154 1.100775
0.576650 15.557637 1.100775
0.561519 15.558120 1.100775
0.546388 15.558603 1.100775
0.531256 15.559086 1.100775
0.516125 15.559569 1.100775
0.500993 15.560052 1.100775
0.485862 15.560535 1.100775
0.470731 15.561018 1.100775
0.455599 15.561501 1.100775
0.440468 15.561984 1.100775
0.425337 15.562467 1.100775
0.410205 15.562950 1.100775
0.395074 15.563433 1.100775
0.379942 15.563916 1.100775
0.364811 15.564398 1.100775
0.349680 15.564881 1.100775
0.334548 15.565364 1.100775
0.319417 15.565847 1.100775
0.304286 15.566330 1.100775
0.289154 15.566813 1.100775
0.117754 20.008304 0.601547
0.109998 20.038880 0.598134
0.102580 20.062338 0.595521
0.095736 20.069318 0.594760
0.088918 20.076271 0.594002
0.082127 20.083196 0.593247
0.075361 20.090096 0.592495
0.068622 20.096968 0.591745
0.061908 20.103815 0.590999
0.055295 20.106508 0.590720
0.048705 20.108295 0.590542
0.042122 20.110082 0.590365
0.035545 20.111867 0.590188
0.028974 20.113650 0.590011
0.022409 20.115432 0.589834
0.015849 20.117212 0.589657
0.009296 20.118990 0.589480
0.002749 20.120767 0.589304
-0.003790 20.120461 0.589362
-0.010332 20.118680 0.589586
-0.016882 20.116896 0.589810
-0.023439 20.115109 0.590035
-0.030003 20.113321 0.590259
-0.036575 20.111530 0.590485
-0.043155 20.109738 0.590710
-0.049742 20.107943 0.590936
-0.056337 20.106146 0.591161
-0.062968 20.102556 0.591589
-0.069671 20.095709 0.592384
-0.076401 20.088841 0.593181
-0.083159 20.081945 0.593981
-0.089944 20.075020 0.594785
-0.096757 20.068068 0.595592
-0.103598 20.061086 0.596402
-0.111051 20.033987 0.599479
-0.118704 20.003765 0.602907
-0.270707 15.584682 1.100775
-0.285838 15.585165 1.100775
-0.300969 15.585648 1.100775
-0.316101 15.586131 1.100775
-0.331232 15.586614 1.100775
-0.346364 15.587097 1.100775
-0.361495 15.587580 1.100775
-0.376626 15.588063 1.100775
-0.391758 15.588546 1.100775
-0.406889 15.589028 1.100775
-0.422020 15.589511 1.100775
-0.437152 15.589994 1.100775
-0.452283 15.590477 1.100775
-0.467415 15.590960 1.100775
-0.482546 15.591443 1.100775
-0.497677 15.591926 1.100775
-0.512809 15.592409 1.100775
-0.527940 15.592892 1.100775
-0.543071 15.593375 1.100775
-0.558203 15.593858 1.100775
-0.573334 15.594341 1.100775
0.637176 15.555706 1.085636
0.622044 15.556188 1.085636
0.606913 15.556671 1.085636
0.591782 15.557154 1.085636
0.576650 15.557637 1.085636
0.561519 15.558120 1.085636
0.546388 15.558603 1.085636
0.531256 15.559086 1.085636
0.516125 15.559569 1.085636
0.500993 15.560052 1.085636
0.485862 15.560535 1.085636
0.470731 15.561018 1.085636
0.455599 15.561501 1.085636
0.440468 15.561984 1.085636
0.425337 15.562467 1.085636
0.410205 15.562950 1.085636
0.395074 15.563433 1.085636
0.379942 15.563916 1.085636
0.364811 15.564398 1.085636
0.349680 15.564881 1.085636
0.334548 15.565364 1.085636
0.319417 15.565847 1.085636
0.304286 15.566330 1.085636
0.289154 15.566813 1.085636
0.117614 20.012287 0.594358
0.109868 20.042789 0.591011
0.102541 20.063571 0.588737
0.095700 20.070546 0.587989
0.088885 20.077494 0.587245
0.082096 20.084415 0.586503
0.075332 20.091309 0.585764
0.068595 20.098178 0.585028
0.061884 20.105019 0.584294
0.055279 20.107370 0.584058
0.048691 20.109157 0.583883
0.042110 20.110942 0.583709
0.035534 20.112726 0.583535
0.028965 20.114509 0.583361
0.022401 20.116290 0.583187
0.015844 20.118069 0.583013
0.009292 20.119847 0.582840
0.002746 20.121623 0.582666
-0.003791 20.121316 0.582723
-0.010332 20.119536 0.582943
-0.016879 20.117752 0.583164
-0.023435 20.115967 0.583384
-0.029998 20.114180 0.583605
-0.036568 20.112390 0.583827
-0.043146 20.110598 0.584048
-0.049732 20.108805 0.584270
-0.056325 20.107009 0.584492
-0.062949 20.103756 0.584875
-0.069650 20.096915 0.585656
-0.076378 20.090051 0.586439
-0.083133 20.083160 0.587225
-0.089916 20.076240 0.588015
-0.096726 20.069292 0.588808
-0.103564 20.062316 0.589604
-0.110939 20.037840 0.592338
-0.118582 20.007685 0.595702
-0.270707 15.584682 1.085636
-0.285838 15.585165 1.085636
-0.300969 15.585648 1.085636
-0.316101 15.586131 1.085636
-0.331232 15.586614 1.085636
-0.346364 15.587097 1.085636
-0.361495 15.587580 1.085636
-0.376626 15.588063 1.085636
-0.391758 15.588546 1.085636
-0.406889 15.589028 1.085636
-0.422020 15.589511 1.085636
-0.437152 15.589994 1.085636
-0.452283 15.590477 1.085636
-0.467415 15.590960 1.085636
-0.482546 15.591443 1.085636
-0.497677 15.591926 1.085636
-0.512809 15.592409 1.085636
-0.527940 15.592892 1.085636
-0.543071 15.593375 1.085636
-0.558203 15.593858 1.085636
-0.573334 15.594341 1.085636
0.637176 15.555706 1.070497
0.622044 15.556188 1.070497
0.606913 15.556671 1.070497
0.591782 15.557154 1.070497
0.576650 15.557637 1.070497
0.561519 15.558120 1.070497
0.546388 15.558603 1.070497
0.531256 15.559086 1.070497
0.516125 15.559569 1.070497
0.500993 15.560052 1.070497
0.485862 15.560535 1.070497
0.470731 15.561018 1.070497
0.455599 15.561501 1.070497
0.440468 15.561984 1.070497
0.425337 15.562467 1.070497
0.410205 15.562950 1.070497
0.395074 15.563433 1.070497
0.379942 15.563916 1.070497
0.364811 15.564398 1.070497
0.349680 15.564881 1.070497
0.334548 15.565364 1.070497
0.319417 15.565847 1.070497
0.304286 15.566330 1.070497
0.289154 15.566813 1.070497
0.117474 20.016254 0.587186
0.109738 20.046688 0.583903
0.102502 20.064803 0.581958
0.095663 20.071773 0.581224
0.088851 20.078716 0.580492
0.082064 20.085632 0.579764
0.075304 20.092522 0.579038
0.068569 20.099385 0.578315
0.061860 20.106223 0.577595
0.055263 20.108232 0.577399
0.048677 20.110018 0.577228
0.042098 20.111803 0.577056
0.035524 20.113586 0.576885
0.028956 20.115368 0.576714
0.022394 20.117148 0.576543
0.015838 20.118926 0.576373
0.009288 20.120703 0.576202
0.002743 20.122478 0.576032
-0.003792 20.122170 0.576088
-0.010331 20.120391 0.576304
-0.016877 20.118609 0.576521
-0.023431 20.116824 0.576738
-0.029992 20.115038 0.576955
-0.036561 20.113249 0.577172
-0.043138 20.111458 0.577390
-0.049722 20.109666 0.577607
-0.056313 20.107871 0.577826
-0.062930 20.104956 0.578165
-0.069629 20.098119 0.578932
-0.076354 20.091260 0.579702
-0.083107 20.084374 0.580474
-0.089887 20.077459 0.581250
-0.096695 20.070516 0.582028
-0.103531 20.063545 0.582810
-0.110827 20.041685 0.585213
-0.118461 20.011595 0.588512
-0.270707 15.584682 1.070497
-0.285838 15.585165 1.070497
-0.300969 15.585648 1.070497
-0.316101 15.586131 1.070497
-0.331232 15.586614 1.070497
-0.346364 15.587097 1.070497
-0.361495 15.587580 1.070497
-0.376626 15.588063 1.070497
-0.391758 15.588546 1.070497
-0.406889 15.589028 1.070497
-0.422020 15.589511 1.070497
-0.437152 15.589994 1.070497
-0.452283 15.590477 1.070497
-0.467415 15.590960 1.070497
-0.482546 15.591443 1.070497
-0.497677 15.591926 1.070497
-0.512809 15.592409 1.070497
-0.527940 15.592892 1.070497
-0.543071 15.593375 1.070497
-0.558203 15.593858 1.070497
-0.573334 15.594341 1.070497
0.637176 15.555706 1.055358
0.622044 15.556188 1.055358
0.606913 15.556671 1.055358
0.591782 15.557154 1.055358
0.576650 15.557637 1.055358
0.561519 15.558120 1.055358
0.546388 15.558603 1.055358
0.531256 15.559086 1.055358
0.516125 15.559569 1.055358
0.500993 15.560052 1.055358
0.485862 15.560535 1.055358
0.470731 15.561018 1.055358
0.455599 15.561501 1.055358
0.440468 15.561984 1.055358
0.425337 15.562467 1.055358
0.410205 15.562950 1.055358
0.395074 15.563433 1.055358
0.379942 15.563916 1.055358
0.364811 15.564398 1.055358
0.349680 15.564881 1.055358
0.334548 15.565364 1.055358
0.319417 15.565847 1.055358
0.304286 15.566330 1.055358
0.289154 15.566813 1.055358
0.117335 20.020213 0.580030
0.109608 20.050579 0.576811
0.102464 20.066034 0.575184
0.095627 20.072999 0.574463
0.088817 20.079937 0.573745
0.082033 20.086849 0.573029
0.075275 20.093734 0.572317
0.068542 20.100593 0.571607
0.061838 20.107307 0.570912
0.055248 20.109093 0.570743
0.048663 20.110879 0.570575
0.042085 20.112663 0.570407
0.035513 20.114445 0.570239
0.028947 20.116226 0.570071
0.022386 20.118005 0.569903
0.015832 20.119783 0.569736
0.009283 20.121559 0.569568
0.002741 20.123333 0.569401
-0.003793 20.123024 0.569456
-0.010330 20.121246 0.569668
-0.016875 20.119465 0.569881
-0.023427 20.117681 0.570094
-0.029987 20.115896 0.570307
-0.036554 20.114108 0.570521
-0.043129 20.112318 0.570734
-0.049711 20.110526 0.570948
-0.056301 20.108732 0.571163
-0.062911 20.106155 0.571460
-0.069607 20.099323 0.572213
-0.076330 20.092469 0.572969
-0.083081 20.085587 0.573727
-0.089859 20.078677 0.574489
-0.096664 20.071739 0.575253
-0.103498 20.064773 0.576021
-0.110715 20.045521 0.578103
-0.118340 20.015497 0.581338
-0.270707 15.584682 1.055358
-0.285838 15.585165 1.055358
-0.300969 15.585648 1.055358
-0.316101 15.586131 1.055358
-0.331232 15.586614 1.055358
-0.346364 15.587097 1.055358
-0.361495 15.587580 1.055358
-0.376626 15.588063 1.055358
-0.391758 15.588546 1.055358
-0.406889 15.589028 1.055358
-0.422020 15.589511 1.055358
-0.437152 15.589994 1.055358
-0.452283 15.590477 1.055358
-0.467415 15.590960 1.055358
-0.482546 15.591443 1.055358
-0.497677 15.591926 1.055358
-0.512809 15.592409 1.055358
-0.527940 15.592892 1.055358
-0.543071 15.593375 1.055358
-0.558203 15.593858 1.055358
-0.573334 15.594341 1.055358
0.637176 15.555706 1.040219
0.622044 15.556188 1.040219
0.606913 15.556671 1.040219
0.591782 15.557154 1.040219
0.576650 15.557637 1.040219
0.561519 15.558120 1.040219
0.546388 15.558603 1.040219
0.531256 15.559086 1.040219
0.516125 15.559569 1.040219
0.500993 15.560052 1.040219
0.485862 15.560535 1.040219
0.470731 15.561018 1.040219
0.455599 15.561501 1.040219
0.440468 15.561984 1.040219
0.425337 15.562467 1.040219
0.410205 15.562950 1.040219
0.395074 15.563433 1.040219
0.379942 15.563916 1.040219
0.364811 15.564398 1.040219
0.349680 15.564881 1.040219
0.334548 15.565364 1.040219
0.319417 15.565847 1.040219
0.304286 15.566330 1.040219
0.289154 15.566813 1.040219
0.117196 20.024162 0.572890
0.109479 20.054462 0.569735
0.102425 20.067264 0.568415
0.095591 20.074224 0.567707
0.088783 20.081157 0.567002
0.082002 20.088064 0.566300
0.075246 20.094945 0.565600
0.068516 20.101799 0.564903
0.061820 20.108168 0.564257
0.055232 20.109955 0.564091
0.048649 20.111739 0.563926
0.042073 20.113522 0.563761
0.035502 20.115304 0.563596
0.028937 20.117084 0.563431
0.022379 20.118862 0.563266
0.015826 20.120639 0.563102
0.009279 20.122414 0.562937
0.002738 20.124187 0.562773
-0.003794 20.123878 0.562827
-0.010330 20.122101 0.563036
-0.016873 20.120320 0.563245
-0.023423 20.118538 0.563454
-0.029981 20.116753 0.563663
-0.036547 20.114966 0.563873
-0.043120 20.113178 0.564082
-0.049701 20.111386 0.564293
-0.056289 20.109593 0.564503
-0.062892 20.107354 0.564760
-0.069586 20.100526 0.565499
-0.076307 20.093676 0.566241
-0.083055 20.086799 0.566985
-0.089830 20.079894 0.567733
-0.096633 20.072961 0.568483
-0.103464 20.066000 0.569237
-0.110604 20.049349 0.571009
-0.118220 20.019391 0.574179
-0.270707 15.584682 1.040219
-0.285838 15.585165 1.040219
-0.300969 15.585648 1.040219
-0.316101 15.586131 1.040219
-0.331232 15.586614 1.040219
-0.346364 15.587097 1.040219
-0.361495 15.587580 1.040219
-0.376626 15.588063 1.040219
-0.391758 15.588546 1.040219
-0.406889 15.589028 1.040219
-0.422020 15.589511 1.040219
-0.437152 15.589994 1.040219
-0.452283 15.590477 1.040219
-0.467415 15.590960 1.040219
-0.482546 15.591443 1.040219
-0.497677 15.591926 1.040219
-0.512809 15.592409 1.040219
-0.527940 15.592892 1.040219
-0.543071 15.593375 1.040219
-0.558203 15.593858 1.040219
-0.573334 15.594341 1.040219
0.637176 15.555706 1.025080
0.622044 15.556188 1.025080
0.606913 15.556671 1.025080
0.591782 15.557154 1.025080
0.576650 15.557637 1.025080
0.561519 15.558120 1.025080
0.546388 15.558603 1.025080
0.531256 15.559086 1.025080
0.516125 15.559569 1.025080
0.500993 15.560052 1.025080
0.485862 15.560535 1.025080
0.470731 15.561018 1.025080
0.455599 15.561501 1.025080
0.440468 15.561984 1.025080
0.425337 15.562467 1.025080
0.410205 15.562950 1.025080
0.395074 15.563433 1.025080
0.379942 15.563916 1.025080
0.364811 15.564398 1.025080
0.349680 15.564881 1.025080
0.334548 15.565364 1.025080
0.319417 15.565847 1.025080
0.304286 15.566330 1.025080
0.289154 15.566813 1.025080
0.117058 20.028103 0.565765
0.109350 20.058336 0.562674
0.102386 20.068493 0.561650
0.095555 20.075449 0.560955
0.088750 20.082377 0.560264
0.081970 20.089279 0.559574
0.075217 20.096155 0.558888
0.068489 20.103004 0.558204
0.061803 20.109030 0.557605
0.055216 20.110815 0.557442
0.048635 20.112599 0.557280
0.042060 20.114381 0.557118
0.035491 20.116162 0.556956
0.028928 20.117941 0.556794
0.022371 20.119719 0.556633
0.015820 20.121495 0.556471
0.009275 20.123269 0.556310
0.002736 20.125042 0.556149
-0.003795 20.124731 0.556202
-0.010329 20.122955 0.556407
-0.016871 20.121175 0.556612
-0.023420 20.119394 0.556817
-0.029976 20.117610 0.557022
-0.036540 20.115824 0.557228
-0.043112 20.114036 0.557434
-0.049691 20.112246 0.557640
-0.056277 20.110454 0.557846
-0.062874 20.108551 0.558064
-0.069565 20.101728 0.558790
-0.076283 20.094883 0.559517
-0.083029 20.088011 0.560248
-0.089802 20.081111 0.560982
-0.096602 20.074183 0.561718
-0.103431 20.067226 0.562458
-0.110493 20.053170 0.563930
-0.118100 20.023276 0.567036
-0.270707 15.584682 1.025080
-0.285838 15.585165 1.025080
-0.300969 15.585648 1.025080
-0.316101 15.586131 1.025080
-0.331232 15.586614 1.025080
-0.346364 15.587097 1.025080
-0.361495 15.587580 1.025080
-0.376626 15.588063 1.025080
-0.391758 15.588546 1.025080
-0.406889 15.589028 1.025080
-0.422020 15.589511 1.025080
-0.437152 15.589994 1.025080
-0.452283 15.590477 1.025080
-0.467415 15.590960 1.025080
-0.482546 15.591443 1.025080
-0.497677 15.591926 1.025080
-0.512809 15.592409 1.025080
-0.527940 15.592892 1.025080
-0.543071 15.593375 1.025080
-0.558203 15.593858 1.025080
-0.573334 15.594341 1.025080
0.637176 15.555706 1.009941
0.622044 15.556188 1.009941
0.606913 15.556671 1.009941
0.591782 15.557154 1.009941
0.576650 15.557637 1.009941
0.561519 15.558120 1.009941
0.546388 15.558603 1.009941
0.531256 15.559086 1.009941
0.516125 15.559569 1.009941
0.500993 15.560052 1.009941
0.485862 15.560535 1.009941
0.470731 15.561018 1.009941
0.455599 15.561501 1.009941
0.440468 15.561984 1.009941
0.425337 15.562467 1.009941
0.410205 15.562950 1.009941
0.395074 15.563433 1.009941
0.379942 15.563916 1.009941
0.364811 15.564398 1.009941
0.349680 15.564881 1.009941
0.334548 15.565364 1.009941
0.319417 15.565847 1.009941
0.304286 15.566330 1.009941
0.124750 20.001330 0.561738
0.116919 20.032034 0.558656
0.109221 20.062201 0.555629
0.102348 20.069722 0.554890
0.095519 20.076672 0.554209
0.088716 20.083596 0.553530
0.081939 20.090493 0.552854
0.075188 20.097364 0.552180
0.068463 20.104209 0.551510
0.061786 20.109891 0.550956
0.055201 20.111675 0.550797
0.048621 20.113458 0.550638
0.042048 20.115240 0.550479
0.035481 20.117020 0.550320
0.028919 20.118798 0.550161
0.022364 20.120575 0.550002
0.015814 20.122350 0.549844
0.009271 20.124123 0.549686
0.002733 20.125895 0.549527
-0.003796 20.125584 0.549580
-0.010329 20.123809 0.549781
-0.016868 20.122030 0.549982
-0.023416 20.120249 0.550183
-0.029971 20.118467 0.550385
-0.036533 20.116682 0.550587
-0.043103 20.114894 0.550789
-0.049680 20.113105 0.550991
-0.056265 20.111314 0.551193
-0.062858 20.109521 0.551396
-0.069543 20.102929 0.552085
-0.076259 20.096089 0.552799
-0.083003 20.089222 0.553515
-0.089773 20.082326 0.554235
-0.096571 20.075403 0.554957
-0.103398 20.068452 0.555683
-0.110382 20.056983 0.556866
-0.117979 20.027152 0.559909
-0.270707 15.584682 1.009941
-0.285838 15.585165 1.009941
-0.300969 15.585648 1.009941
-0.316101 15.586131 1.009941
-0.331232 15.586614 1.009941
-0.346364 15.587097 1.009941
-0.361495 15.587580 1.009941
-0.376626 15.588063 1.009941
-0.391758 15.588546 1.009941
-0.406889 15.589028 1.009941
-0.422020 15.589511 1.009941
-0.437152 15.589994 1.009941
-0.452283 15.590477 1.009941
-0.467415 15.590960 1.009941
-0.482546 15.591443 1.009941
-0.497677 15.591926 1.009941
-0.512809 15.592409 1.009941
-0.527940 15.592892 1.009941
-0.543071 15.593375 1.009941
-0.558203 15.593858 1.009941
-0.573334 15.594341 1.009941
0.637176 15.555706 0.994802
0.622044 15.556188 0.994802
0.606913 15.556671 0.994802
0.591782 15.557154 0.994802
0.576650 15.557637 0.994802
0.561519 15.558120 0.994802
0.546388 15.558603 0.994802
0.531256 15.559086 0.994802
0.516125 15.559569 0.994802
0.500993 15.560052 0.994802
0.485862 15.560535 0.994802
0.470731 15.561018 0.994802
0.455599 15.561501 0.994802
0.440468 15.561984 0.994802
0.425337 15.562467 0.994802
0.410205 15.562950 0.994802
0.395074 15.563433 0.994802
0.379942 15.563916 0.994802
0.364811 15.564398 0.994802
0.349680 15.564881 0.994802
0.334548 15.565364 0.994802
0.319417 15.565847 0.994802
0.304286 15.566330 0.994802
0.124602 20.005329 0.554580
0.116781 20.035957 0.551564
0.109162 20.063976 0.548805
0.102309 20.070949 0.548135
0.095483 20.077895 0.547467
0.088682 20.084814 0.546801
0.081908 20.091706 0.546138
0.075159 20.098573 0.545478
0.068436 20.105413 0.544820
0.061769 20.110752 0.544311
0.055185 20.112535 0.544155
0.048607 20.114317 0.543998
0.042036 20.116098 0.543842
0.035470 20.117877 0.543687
0.028910 20.119655 0.543531
0.022356 20.121431 0.543375
0.015808 20.123205 0.543220
0.009266 20.124978 0.543065
0.002730 20.126749 0.542909
-0.003797 20.126437 0.542961
-0.010328 20.124662 0.543158
-0.016866 20.122884 0.543355
-0.023412 20.121105 0.543553
-0.029965 20.119323 0.543750
-0.036526 20.117539 0.543948
-0.043094 20.115753 0.544147
-0.049670 20.113965 0.544345
-0.056253 20.112174 0.544544
-0.062845 20.110382 0.544742
-0.069522 20.104130 0.545384
-0.076236 20.097294 0.546085
-0.082977 20.090431 0.546787
-0.089745 20.083541 0.547493
-0.096541 20.076623 0.548202
-0.103364 20.069676 0.548913
-0.110271 20.060789 0.549817
-0.117860 20.031020 0.552797
-0.125578 20.000746 0.555828
-0.285838 15.585165 0.994802
-0.300969 15.585648 0.994802
-0.316101 15.586131 0.994802
-0.331232 15.586614 0.994802
-0.346364 15.587097 0.994802
-0.361495 15.587580 0.994802
-0.376626 15.588063 0.994802
-0.391758 15.588546 0.994802
-0.406889 15.589028 0.994802
-0.422020 15.589511 0.994802
-0.437152 15.589994 0.994802
-0.452283 15.590477 0.994802
-0.467415 15.590960 0.994802
-0.482546 15.591443 0.994802
-0.497677 15.591926 0.994802
-0.512809 15.592409 0.994802
-0.527940 15.592892 0.994802
-0.543071 15.593375 0.994802
-0.558203 15.593858 0.994802
-0.573334 15.594341 0.994802
0.637176 15.555706 0.979663
0.622044 15.556188 0.979663
0.606913 15.556671 0.979663
0.591782 15.557154 0.979663
0.576650 15.557637 0.979663
0.561519 15.558120 0.979663
0.546388 15.558603 0.979663
0.531256 15.559086 0.979663
0.516125 15.559569 0.979663
0.500993 15.560052 0.979663
0.485862 15.560535 0.979663
0.470731 15.561018 0.979663
0.455599 15.561501 0.979663
0.440468 15.561984 0.979663
0.425337 15.562467 0.979663
0.410205 15.562950 0.979663
0.395074 15.563433 0.979663
0.379942 15.563916 0.979663
0.364811 15.564398 0.979663
0.349680 15.564881 0.979663
0.334548 15.565364 0.979663
0.319417 15.565847 0.979663
0.304286 15.566330 0.979663
0.124454 20.009320 0.547438
0.116643 20.039872 0.544486
0.109121 20.065207 0.542042
0.102271 20.072176 0.541384
0.095447 20.079117 0.540729
0.088649 20.086031 0.540077
0.081877 20.092919 0.539427
0.075130 20.099780 0.538780
0.068410 20.106616 0.538135
0.061751 20.111612 0.537669
0.055169 20.113395 0.537516
0.048593 20.115176 0.537362
0.042023 20.116956 0.537210
0.035459 20.118734 0.537057
0.028901 20.120511 0.536904
0.022349 20.122286 0.536752
0.015802 20.124059 0.536599
0.009262 20.125831 0.536447
0.002728 20.127601 0.536295
-0.003798 20.127289 0.536346
-0.010327 20.125515 0.536539
-0.016864 20.123738 0.536732
-0.023408 20.121959 0.536926
-0.029960 20.120178 0.537119
-0.036519 20.118395 0.537314
-0.043085 20.116610 0.537508
-0.049660 20.114823 0.537702
-0.056241 20.113034 0.537897
-0.062831 20.111243 0.538092
-0.069501 20.105330 0.538689
-0.076212 20.098498 0.539375
-0.082951 20.091640 0.540064
-0.089716 20.084755 0.540756
-0.096510 20.077841 0.541450
-0.103331 20.070900 0.542148
-0.110180 20.063929 0.542848
-0.117740 20.034880 0.545701
-0.125449 20.004672 0.548668
-0.285838 15.585165 0.979663
-0.300969 15.585648 0.979663
-0.316101 15.586131 0.979663
-0.331232 15.586614 0.979663
-0.346364 15.587097 0.979663
-0.361495 15.587580 0.979663
-0.376626 15.588063 0.979663
-0.391758 15.588546 0.979663
-0.406889 15.589028 0.979663
-0.422020 15.589511 0.979663
-0.437152 15.589994 0.979663
-0.452283 15.590477 0.979663
-0.467415 15.590960 0.979663
-0.482546 15.591443 0.979663
-0.497677 15.591926 0.979663
-0.512809 15.592409 0.979663
-0.527940 15.592892 0.979663
-0.543071 15.593375 0.979663
-0.558203 15.593858 0.979663
-0.573334 15.594341 0.979663
0.637176 15.555706 0.964523
0.622044 15.556188 0.964523
0.606913 15.556671 0.964523
0.591782 15.557154 0.964523
0.576650 15.557637 0.964523
0.561519 15.558120 0.964523
0.546388 15.558603 0.964523
0.531256 15.559086 0.964523
0.516125 15.559569 0.964523
0.500993 15.560052 0.964523
0.485862 15.560535 0.964523
0.470731 15.561018 0.964523
0.455599 15.561501 0.964523
0.440468 15.561984 0.964523
0.425337 15.562467 0.964523
0.410205 15.562950 0.964523
0.395074 15.563433 0.964523
0.379942 15.563916 0.964523
0.364811 15.564398 0.964523
0.349680 15.564881 0.964523
0.334548 15.565364 0.964523
0.319417 15.565847 0.964523
0.304286 15.566330 0.964523
0.124306 20.013295 0.540312
0.116506 20.043778 0.537424
0.109080 20.066438 0.535283
0.102232 20.073402 0.534638
0.095411 20.080338 0.533997
0.088615 20.087247 0.533357
0.081845 20.094130 0.532721
0.075102 20.100987 0.532086
0.068383 20.107818 0.531454
0.061734 20.112472 0.531030
0.055154 20.114254 0.530880
0.048579 20.116034 0.530730
0.042011 20.117813 0.530580
0.035448 20.119591 0.530430
0.028892 20.121367 0.530281
0.022341 20.123141 0.530131
0.015797 20.124913 0.529982
0.009258 20.126684 0.529832
0.002725 20.128454 0.529683
-0.003799 20.128140 0.529733
-0.010327 20.126368 0.529922
-0.016862 20.124592 0.530112
-0.023404 20.122814 0.530302
-0.029954 20.121034 0.530492
-0.036512 20.119251 0.530682
-0.043077 20.117467 0.530872
-0.049649 20.115681 0.531063
-0.056230 20.113893 0.531254
-0.062817 20.112103 0.531445
-0.069480 20.106528 0.531998
-0.076189 20.099701 0.532670
-0.082925 20.092848 0.533345
-0.089688 20.085968 0.534023
-0.096479 20.079059 0.534704
-0.103298 20.072123 0.535387
-0.110144 20.065157 0.536073
-0.117621 20.038731 0.538620
-0.125320 20.008589 0.541523
-0.285838 15.585165 0.964523
-0.300969 15.585648 0.964523
-0.316101 15.586131 0.964523
-0.331232 15.586614 0.964523
-0.346364 15.587097 0.964523
-0.361495 15.587580 0.964523
-0.376626 15.588063 0.964523
-0.391758 15.588546 0.964523
-0.406889 15.589028 0.964523
-0.422020 15.589511 0.964523
-0.437152 15.589994 0.964523
-0.452283 15.590477 0.964523
-0.467415 15.590960 0.964523
-0.482546 15.591443 0.964523
-0.497677 15.591926 0.964523
-0.512809 15.592409 0.964523
-0.527940 15.592892 0.964523
-0.543071 15.593375 0.964523
-0.558203 15.593858 0.964523
-0.573334 15.594341 0.964523
0.637176 15.555706 0.949384
0.622044 15.556188 0.949384
0.606913 15.556671 0.949384
0.591782 15.557154 0.949384
0.576650 15.557637 0.949384
0.561519 15.558120 0.949384
0.546388 15.558603 0.949384
0.531256 15.559086 0.949384
0.516125 15.559569 0.949384
0.500993 15.560052 0.949384
0.485862 15.560535 0.949384
0.470731 15.561018 0.949384
0.455599 15.561501 0.949384
0.440468 15.561984 0.949384
0.425337 15.562467 0.949384
0.410205 15.562950 0.949384
0.395074 15.563433 0.949384
0.379942 15.563916 0.949384
0.364811 15.564398 0.949384
0.349680 15.564881 0.949384
0.334548 15.565364 0.949384
0.319417 15.565847 0.949384
0.304286 15.566330 0.949384
0.124159 20.017260 0.533203
0.116369 20.047675 0.530378
0.109039 20.067668 0.528528
0.102194 20.074626 0.527897
0.095374 20.081558 0.527269
0.088581 20.088462 0.526643
0.081814 20.095341 0.526019
0.075073 20.102193 0.525397
0.068357 20.109019 0.524778
0.061717 20.113331 0.524395
0.055138 20.115112 0.524247
0.048565 20.116892 0.524100
0.041998 20.118670 0.523954
0.035438 20.120447 0.523807
0.028883 20.122222 0.523660
0.022334 20.123995 0.523514
0.015791 20.125767 0.523367
0.009254 20.127537 0.523221
0.002722 20.129306 0.523075
-0.003800 20.128991 0.523124
-0.010326 20.127220 0.523310
-0.016860 20.125445 0.523495
-0.023400 20.123668 0.523681
-0.029949 20.121888 0.523867
-0.036505 20.120107 0.524054
-0.043068 20.118324 0.524240
-0.049639 20.116539 0.524427
-0.056218 20.114752 0.524614
-0.062804 20.112962 0.524801
-0.069458 20.107726 0.525311
-0.076165 20.100904 0.525970
-0.082899 20.094056 0.526631
-0.089660 20.087180 0.527295
-0.096448 20.080276 0.527962
-0.103265 20.073344 0.528631
-0.110109 20.066384 0.529303
-0.117502 20.042574 0.531555
-0.125192 20.012498 0.534394
-0.285838 15.585165 0.949384
-0.300969 15.585648 0.949384
-0.316101 15.586131 0.949384
-0.331232 15.586614 0.949384
-0.346364 15.587097 0.949384
-0.361495 15.587580 0.949384
-0.376626 15.588063 0.949384
-0.391758 15.588546 0.949384
-0.406889 15.589028 0.949384
-0.422020 15.589511 0.949384
-0.437152 15.589994 0.949384
-0.452283 15.590477 0.949384
-0.467415 15.590960 0.949384
-0.482546 15.591443 0.949384
-0.497677 15.591926 0.949384
-0.512809 15.592409 0.949384
-0.527940 15.592892 0.949384
-0.543071 15.593375 0.949384
-0.558203 15.593858 0.949384
-0.573334 15.594341 0.949384
0.637176 15.555706 0.934245
0.622044 15.556188 0.934245
0.606913 15.556671 0.934245
0.591782 15.557154 0.934245
0.576650 15.557637 0.934245
0.561519 15.558120 0.934245
0.546388 15.558603 0.934245
0.531256 15.559086 0.934245
0.516125 15.559569 0.934245
0.500993 15.560052 0.934245
0.485862 15.560535 0.934245
0.470731 15.561018 0.934245
0.455599 15.561501 0.934245
0.440468 15.561984 0.934245
0.425337 15.562467 0.934245
0.410205 15.562950 0.934245
0.395074 15.563433 0.934245
0.379942 15.563916 0.934245
0.364811 15.564398 0.934245
0.349680 15.564881 0.934245
0.334548 15.565364 0.934245
0.319417 15.565847 0.934245
0.304286 15.566330 0.934245
0.124013 20.021216 0.526109
0.116232 20.051564 0.523348
0.108998 20.068897 0.521779
0.102155 20.075850 0.521161
0.095338 20.082777 0.520546
0.088548 20.089677 0.519932
0.081783 20.096551 0.519322
0.075044 20.103398 0.518713
0.068331 20.110220 0.518107
0.061699 20.114190 0.517762
0.055122 20.115970 0.517618
0.048551 20.117749 0.517474
0.041986 20.119527 0.517331
0.035427 20.121303 0.517187
0.028874 20.123077 0.517043
0.022326 20.124849 0.516900
0.015785 20.126620 0.516757
0.009249 20.128390 0.516613
0.002720 20.130157 0.516470
-0.003801 20.129842 0.516518
-0.010326 20.128072 0.516700
-0.016857 20.126297 0.516882
-0.023397 20.124521 0.517064
-0.029943 20.122743 0.517246
-0.036498 20.120963 0.517429
-0.043059 20.119180 0.517611
-0.049629 20.117396 0.517794
-0.056206 20.115610 0.517977
-0.062790 20.113821 0.518161
-0.069437 20.108924 0.518629
-0.076141 20.102105 0.519275
-0.082873 20.095262 0.519922
-0.089631 20.088392 0.520572
-0.096417 20.081493 0.521225
-0.103231 20.074566 0.521880
-0.110073 20.067610 0.522538
-0.117383 20.046409 0.524505
-0.125064 20.016399 0.527280
-0.285838 15.585165 0.934245
-0.300969 15.585648 0.934245
-0.316101 15.586131 0.934245
-0.331232 15.586614 0.934245
-0.346364 15.587097 0.934245
-0.361495 15.587580 0.934245
-0.376626 15.588063 0.934245
-0.391758 15.588546 0.934245
-0.406889 15.589028 0.934245
-0.422020 15.589511 0.934245
-0.437152 15.589994 0.934245
-0.452283 15.590477 0.934245
-0.467415 15.590960 0.934245
-0.482546 15.591443 0.934245
-0.497677 15.591926 0.934245
-0.512809 15.592409 0.934245
-0.527940 15.592892 0.934245
-0.543071 15.593375 0.934245
-0.558203 15.593858 0.934245
-0.573334 15.594341 0.934245
0.637176 15.555706 0.919106
0.622044 15.556188 0.919106
0.606913 15.556671 0.919106
0.591782 15.557154 0.919106
0.576650 15.557637 0.919106
0.561519 15.558120 0.919106
0.546388 15.558603 0.919106
0.531256 15.559086 0.919106
0.516125 15.559569 0.919106
0.500993 15.560052 0.919106
0.485862 15.560535 0.919106
0.470731 15.561018 0.919106
0.455599 15.561501 0.919106
0.440468 15.561984 0.919106
0.425337 15.562467 0.919106
0.410205 15.562950 0.919106
0.395074 15.563433 0.919106
0.379942 15.563916 0.919106
0.364811 15.564398 0.919106
0.349680 15.564881 0.919106
0.334548 15.565364 0.919106
0.319417 15.565847 0.919106
0.304286 15.566330 0.919106
0.123866 20.025163 0.519031
0.116095 20.055444 0.516333
0.108957 20.070125 0.515034
0.102117 20.077074 0.514429
0.095303 20.083996 0.513827
0.088514 20.090891 0.513227
0.081752 20.097760 0.512629
0.075015 20.104603 0.512034
0.068304 20.111419 0.511441
0.061682 20.115049 0.511134
0.055107 20.116828 0.510992
0.048537 20.118606 0.510852
0.041974 20.120383 0.510711
0.035416 20.122158 0.510570
0.028865 20.123931 0.510430
0.022319 20.125703 0.510289
0.015779 20.127473 0.510149
0.009245 20.129242 0.510009
0.002717 20.131009 0.509869
-0.003803 20.130693 0.509916
-0.010325 20.128923 0.510093
-0.016855 20.127149 0.510272
-0.023393 20.125374 0.510450
-0.029938 20.123597 0.510628
-0.036490 20.121818 0.510807
-0.043051 20.120036 0.510986
-0.049618 20.118253 0.511165
-0.056194 20.116467 0.511344
-0.062777 20.114680 0.511524
-0.069416 20.110120 0.511952
-0.076118 20.103306 0.512584
-0.082847 20.096468 0.513217
-0.089603 20.089602 0.513854
-0.096387 20.082708 0.514492
-0.103198 20.075786 0.515134
-0.110037 20.068835 0.515778
-0.117265 20.050235 0.517470
-0.124936 20.020290 0.520182
-0.285838 15.585165 0.919106
-0.300969 15.585648 0.919106
-0.316101 15.586131 0.919106
-0.331232 15.586614 0.919106
-0.346364 15.587097 0.919106
-0.361495 15.587580 0.919106
-0.376626 15.588063 0.919106
-0.391758 15.588546 0.919106
-0.406889 15.589028 0.919106
-0.422020 15.589511 0.919106
-0.437152 15.589994 0.919106
-0.452283 15.590477 0.919106
-0.467415 15.590960 0.919106
-0.482546 15.591443 0.919106
-0.497677 15.591926 0.919106
-0.512809 15.592409 0.919106
-0.527940 15.592892 0.919106
-0.543071 15.593375 0.919106
-0.558203 15.593858 0.919106
-0.573334 15.594341 0.919106
0.637176 15.555706 0.903967
0.622044 15.556188 0.903967
0.606913 15.556671 0.903967
0.591782 15.557154 0.903967
0.576650 15.557637 0.903967
0.561519 15.558120 0.903967
0.546388 15.558603 0.903967
0.531256 15.559086 0.903967
0.516125 15.559569 0.903967
0.500993 15.560052 0.903967
0.485862 15.560535 0.903967
0.470731 15.561018 0.903967
0.455599 15.561501 0.903967
0.440468 15.561984 0.903967
0.425337 15.562467 0.903967
0.410205 15.562950 0.903967
0.395074 15.563433 0.903967
0.379942 15.563916 0.903967
0.364811 15.564398 0.903967
0.349680 15.564881 0.903967
0.334548 15.565364 0.903967
0.319417 15.565847 0.903967
0.304286 15.566330 0.903967
0.123720 20.029101 0.511968
0.115959 20.059316 0.509333
0.108917 20.071352 0.508294
0.102078 20.078296 0.507702
0.095267 20.085213 0.507113
0.088481 20.092104 0.506526
0.081721 20.098968 0.505941
0.074986 20.105806 0.505359
0.068278 20.112618 0.504779
0.061665 20.115907 0.504508
0.055091 20.117686 0.504370
0.048523 20.119463 0.504232
0.041961 20.121239 0.504094
0.035405 20.123013 0.503957
0.028855 20.124785 0.503819
0.022311 20.126556 0.503682
0.015773 20.128325 0.503544
0.009241 20.130093 0.503407
0.002714 20.131859 0.503270
-0.003804 20.131543 0.503317
-0.010325 20.129773 0.503490
-0.016853 20.128001 0.503665
-0.023389 20.126227 0.503839
-0.029932 20.124451 0.504014
-0.036483 20.122672 0.504188
-0.043042 20.120892 0.504363
-0.049608 20.119109 0.504539
-0.056182 20.117325 0.504714
-0.062763 20.115538 0.504890
-0.069395 20.111316 0.505280
-0.076094 20.104506 0.505897
-0.082821 20.097673 0.506517
-0.089575 20.090811 0.507140
-0.096356 20.083922 0.507765
-0.103165 20.077005 0.508392
-0.110002 20.070060 0.509022
-0.117146 20.054053 0.510450
-0.124808 20.024173 0.513099
-0.285838 15.585165 0.903967
-0.300969 15.585648 0.903967
-0.316101 15.586131 0.903967
-0.331232 15.586614 0.903967
-0.346364 15.587097 0.903967
-0.361495 15.587580 0.903967
-0.376626 15.588063 0.903967
-0.391758 15.588546 0.903967
-0.406889 15.589028 0.903967
-0.422020 15.589511 0.903967
-0.437152 15.589994 0.903967
-0.452283 15.590477 0.903967
-0.467415 15.590960 0.903967
-0.482546 15.591443 0.903967
-0.497677 15.591926 0.903967
-0.512809 15.592409 0.903967
-0.527940 15.592892 0.903967
-0.543071 15.593375 0.903967
-0.558203 15.593858 0.903967
-0.573334 15.594341 0.903967
0.637176 15.555706 0.888828
0.622044 15.556188 0.888828
0.606913 15.556671 0.888828
0.591782 15.557154 0.888828
0.576650 15.557637 0.888828
0.561519 15.558120 0.888828
0.546388 15.558603 0.888828
0.531256 15.559086 0.888828
0.516125 15.559569 0.888828
0.500993 15.560052 0.888828
0.485862 15.560535 0.888828
0.470731 15.561018 0.888828
0.455599 15.561501 0.888828
0.440468 15.561984 0.888828
0.425337 15.562467 0.888828
0.410205 15.562950 0.888828
0.395074 15.563433 0.888828
0.379942 15.563916 0.888828
0.364811 15.564398 0.888828
0.349680 15.564881 0.888828
0.334548 15.565364 0.888828
0.319417 15.565847 0.888828
0.131460 20.002350 0.507540
0.123575 20.033030 0.504922
0.115823 20.063179 0.502348
0.108876 20.072579 0.501558
0.102040 20.079517 0.500980
0.095231 20.086430 0.500404
0.088447 20.093316 0.499830
0.081690 20.100175 0.499258
0.074958 20.107009 0.498689
0.068252 20.113816 0.498121
0.061648 20.116764 0.497886
0.055076 20.118542 0.497751
0.048509 20.120319 0.497616
0.041949 20.122094 0.497481
0.035395 20.123867 0.497346
0.028846 20.125639 0.497212
0.022304 20.127409 0.497078
0.015767 20.129178 0.496943
0.009237 20.130944 0.496809
0.002712 20.132710 0.496675
-0.003805 20.132392 0.496720
-0.010324 20.130624 0.496891
-0.016851 20.128853 0.497061
-0.023385 20.127079 0.497231
-0.029927 20.125304 0.497402
-0.036476 20.123526 0.497573
-0.043033 20.121747 0.497744
-0.049598 20.119965 0.497916
-0.056170 20.118182 0.498087
-0.062749 20.116396 0.498259
-0.069374 20.112511 0.498612
-0.076071 20.105705 0.499216
-0.082795 20.098877 0.499822
-0.089546 20.092020 0.500430
-0.096325 20.085136 0.501041
-0.103132 20.078224 0.501655
-0.109966 20.071283 0.502271
-0.117028 20.057863 0.503445
-0.124681 20.028048 0.506032
-0.285838 15.585165 0.888828
-0.300969 15.585648 0.888828
-0.316101 15.586131 0.888828
-0.331232 15.586614 0.888828
-0.346364 15.587097 0.888828
-0.361495 15.587580 0.888828
-0.376626 15.588063 0.888828
-0.391758 15.588546 0.888828
-0.406889 15.589028 0.888828
-0.422020 15.589511 0.888828
-0.437152 15.589994 0.888828
-0.452283 15.590477 0.888828
-0.467415 15.590960 0.888828
-0.482546 15.591443 0.888828
-0.497677 15.591926 0.888828
-0.512809 15.592409 0.888828
-0.527940 15.592892 0.888828
-0.543071 15.593375 0.888828
-0.558203 15.593858 0.888828
-0.573334 15.594341 0.888828
0.637176 15.555706 0.873689
0.622044 15.556188 0.873689
0.606913 15.556671 0.873689
0.591782 15.557154 0.873689
0.576650 15.557637 0.873689
0.561519 15.558120 0.873689
0.546388 15.558603 0.873689
0.531256 15.559086 0.873689
0.516125 15.559569 0.873689
0.500993 15.560052 0.873689
0.485862 15.560535 0.873689
0.470731 15.561018 0.873689
0.455599 15.561501 0.873689
0.440468 15.561984 0.873689
0.425337 15.562467 0.873689
0.410205 15.562950 0.873689
0.395074 15.563433 0.873689
0.379942 15.563916 0.873689
0.364811 15.564398 0.873689
0.349680 15.564881 0.873689
0.334548 15.565364 0.873689
0.319417 15.565847 0.873689
0.131304 20.006347 0.500445
0.123429 20.036951 0.497890
0.115694 20.066842 0.495395
0.108835 20.073804 0.494828
0.102002 20.080738 0.494262
0.095195 20.087646 0.493699
0.088414 20.094527 0.493138
0.081659 20.101382 0.492580
0.074929 20.108210 0.492023
0.068225 20.115014 0.491468
0.061630 20.117622 0.491267
0.055060 20.119399 0.491135
0.048495 20.121175 0.491003
0.041937 20.122948 0.490871
0.035384 20.124721 0.490740
0.028837 20.126492 0.490608
0.022296 20.128261 0.490477
0.015761 20.130029 0.490345
0.009232 20.131795 0.490214
0.002709 20.133560 0.490083
-0.003806 20.133241 0.490128
-0.010323 20.131474 0.490294
-0.016849 20.129704 0.490460
-0.023381 20.127931 0.490627
-0.029922 20.126157 0.490794
-0.036469 20.124380 0.490961
-0.043025 20.122601 0.491129
-0.049587 20.120821 0.491296
-0.056158 20.119038 0.491464
-0.062736 20.117253 0.491632
-0.069353 20.113704 0.491948
-0.076047 20.106904 0.492538
-0.082769 20.100080 0.493131
-0.089518 20.093228 0.493726
-0.096295 20.086349 0.494323
-0.103099 20.079442 0.494923
-0.109931 20.072506 0.495525
-0.116911 20.061667 0.496456
-0.124554 20.031915 0.498981
-0.132328 20.001654 0.501548
-0.300969 15.585648 0.873689
-0.316101 15.586131 0.873689
-0.331232 15.586614 0.873689
-0.346364 15.587097 0.873689
-0.361495 15.587580 0.873689
-0.376626 15.588063 0.873689
-0.391758 15.588546 0.873689
-0.406889 15.589028 0.873689
-0.422020 15.589511 0.873689
-0.437152 15.589994 0.873689
-0.452283 15.590477 0.873689
-0.467415 15.590960 0.873689
-0.482546 15.591443 0.873689
-0.497677 15.591926 0.873689
-0.512809 15.592409 0.873689
-0.527940 15.592892 0.873689
-0.543071 15.593375 0.873689
-0.558203 15.593858 0.873689
-0.573334 15.594341 0.873689
0.637176 15.555706 0.858550
0.622044 15.556188 0.858550
0.606913 15.556671 0.858550
0.591782 15.557154 0.858550
0.576650 15.557637 0.858550
0.561519 15.558120 0.858550
0.546388 15.558603 0.858550
0.531256 15.559086 0.858550
0.516125 15.559569 0.858550
0.500993 15.560052 0.858550
0.485862 15.560535 0.858550
0.470731 15.561018 0.858550
0.455599 15.561501 0.858550
0.440468 15.561984 0.858550
0.425337 15.562467 0.858550
0.410205 15.562950 0.858550
0.395074 15.563433 0.858550
0.379942 15.563916 0.858550
0.364811 15.564398 0.858550
0.349680 15.564881 0.858550
0.334548 15.565364 0.858550
0.319417 15.565847 0.858550
0.131149 20.010332 0.493366
0.123284 20.040863 0.490875
0.115651 20.068072 0.488656
0.108794 20.075029 0.488102
0.101963 20.081958 0.487550
0.095159 20.088861 0.487000
0.088380 20.095737 0.486452
0.081628 20.102587 0.485906
0.074900 20.109411 0.485362
0.068199 20.116210 0.484820
0.061613 20.118479 0.484651
0.055044 20.120255 0.484522
0.048481 20.122030 0.484393
0.041924 20.123803 0.484264
0.035373 20.125575 0.484136
0.028828 20.127345 0.484007
0.022289 20.129113 0.483879
0.015756 20.130880 0.483751
0.009228 20.132645 0.483623
0.002707 20.134409 0.483495
-0.003807 20.134090 0.483538
-0.010323 20.132323 0.483701
-0.016846 20.130554 0.483863
-0.023378 20.128782 0.484026
-0.029916 20.127009 0.484189
-0.036462 20.125233 0.484353
-0.043016 20.123456 0.484516
-0.049577 20.121676 0.484680
-0.056146 20.119894 0.484844
-0.062722 20.118110 0.485008
-0.069331 20.114898 0.485289
-0.076024 20.108102 0.485866
-0.082743 20.101282 0.486445
-0.089490 20.094436 0.487026
-0.096264 20.087561 0.487609
-0.103066 20.080659 0.488195
-0.109895 20.073728 0.488783
-0.116793 20.065462 0.489481
-0.124427 20.035772 0.491944
-0.132192 20.005578 0.494449
-0.300969 15.585648 0.858550
-0.316101 15.586131 0.858550
-0.331232 15.586614 0.858550
-0.346364 15.587097 0.858550
-0.361495 15.587580 0.858550
-0.376626 15.588063 0.858550
-0.391758 15.588546 0.858550
-0.406889 15.589028 0.858550
-0.422020 15.589511 0.858550
-0.437152 15.589994 0.858550
-0.452283 15.590477 0.858550
-0.467415 15.590960 0.858550
-0.482546 15.591443 0.858550
-0.497677 15.591926 0.858550
-0.512809 15.592409 0.858550
-0.527940 15.592892 0.858550
-0.543071 15.593375 0.858550
-0.558203 15.593858 0.858550
-0.573334 15.594341 0.858550
0.637176 15.555706 0.843411
0.622044 15.556188 0.843411
0.606913 15.556671 0.843411
0.591782 15.557154 0.843411
0.576650 15.557637 0.843411
0.561519 15.558120 0.843411
0.546388 15.558603 0.843411
0.531256 15.559086 0.843411
0.516125 15.559569 0.843411
0.500993 15.560052 0.843411
0.485862 15.560535 0.843411
0.470731 15.561018 0.843411
0.455599 15.561501 0.843411
0.440468 15.561984 0.843411
0.425337 15.562467 0.843411
0.410205 15.562950 0.843411
0.395074 15.563433 0.843411
0.379942 15.563916 0.843411
0.364811 15.564398 0.843411
0.349680 15.564881 0.843411
0.334548 15.565364 0.843411
0.319417 15.565847 0.843411
0.130994 20.014303 0.486303
0.123140 20.044767 0.483875
0.115608 20.069300 0.481922
0.108753 20.076252 0.481381
0.101925 20.083177 0.480841
0.095123 20.090075 0.480304
0.088347 20.096947 0.479769
0.081596 20.103792 0.479236
0.074872 20.110612 0.478705
0.068173 20.117405 0.478177
0.061596 20.119335 0.478038
0.055029 20.121111 0.477912
0.048467 20.122885 0.477787
0.041912 20.124657 0.477661
0.035363 20.126428 0.477535
0.028819 20.128197 0.477410
0.022281 20.129965 0.477285
0.015750 20.131731 0.477159
0.009224 20.133495 0.477034
0.002704 20.135258 0.476909
-0.003808 20.134938 0.476952
-0.010322 20.133172 0.477110
-0.016844 20.131404 0.477269
-0.023374 20.129633 0.477428
-0.029911 20.127861 0.477588
-0.036455 20.126086 0.477747
-0.043007 20.124309 0.477907
-0.049567 20.122530 0.478067
-0.056134 20.120750 0.478227
-0.062709 20.118967 0.478387
-0.069310 20.116090 0.478635
-0.076000 20.109298 0.479198
-0.082717 20.102484 0.479763
-0.089462 20.095642 0.480330
-0.096233 20.088772 0.480900
-0.103033 20.081874 0.481472
-0.109860 20.074949 0.482046
-0.116715 20.067994 0.482623
-0.124301 20.039622 0.484923
-0.132056 20.009494 0.487365
-0.300969 15.585648 0.843411
-0.316101 15.586131 0.843411
-0.331232 15.586614 0.843411
-0.346364 15.587097 0.843411
-0.361495 15.587580 0.843411
-0.376626 15.588063 0.843411
-0.391758 15.588546 0.843411
-0.406889 15.589028 0.843411
-0.422020 15.589511 0.843411
-0.437152 15.589994 0.843411
-0.452283 15.590477 0.843411
-0.467415 15.590960 0.843411
-0.482546 15.591443 0.843411
-0.497677 15.591926 0.843411
-0.512809 15.592409 0.843411
-0.527940 15.592892 0.843411
-0.543071 15.593375 0.843411
-0.558203 15.593858 0.843411
-0.573334 15.594341 0.843411
0.637176 15.555706 0.828272
0.622044 15.556188 0.828272
0.606913 15.556671 0.828272
0.591782 15.557154 0.828272
0.576650 15.557637 0.828272
0.561519 15.558120 0.828272
0.546388 15.558603 0.828272
0.531256 15.559086 0.828272
0.516125 15.559569 0.828272
0.500993 15.560052 0.828272
0.485862 15.560535 0.828272
0.470731 15.561018 0.828272
0.455599 15.561501 0.828272
0.440468 15.561984 0.828272
0.425337 15.562467 0.828272
0.410205 15.562950 0.828272
0.395074 15.563433 0.828272
0.379942 15.563916 0.828272
0.364811 15.564398 0.828272
0.349680 15.564881 0.828272
0.334548 15.565364 0.828272
0.319417 15.565847 0.828272
0.130840 20.018265 0.479256
0.122995 20.048662 0.476890
0.115565 20.070528 0.475192
0.108713 20.077475 0.474664
0.101887 20.084395 0.474138
0.095087 20.091288 0.473614
0.088313 20.098155 0.473092
0.081565 20.104996 0.472572
0.074843 20.111811 0.472054
0.068150 20.118415 0.471552
0.061579 20.120191 0.471429
0.055013 20.121966 0.471306
0.048454 20.123739 0.471183
0.041900 20.125511 0.471061
0.035352 20.127281 0.470938
0.028810 20.129049 0.470816
0.022274 20.130816 0.470694
0.015744 20.132581 0.470571
0.009220 20.134345 0.470449
0.002701 20.136107 0.470327
-0.003809 20.135786 0.470369
-0.010322 20.134021 0.470524
-0.016842 20.132254 0.470679
-0.023370 20.130484 0.470834
-0.029905 20.128712 0.470989
-0.036448 20.126938 0.471145
-0.042999 20.125162 0.471301
-0.049557 20.123385 0.471457
-0.056122 20.121605 0.471613
-0.062695 20.119823 0.471769
-0.069289 20.117281 0.471985
-0.075977 20.110494 0.472535
-0.082692 20.103685 0.473086
-0.089433 20.096847 0.473640
-0.096203 20.089982 0.474196
-0.103000 20.083089 0.474754
-0.109824 20.076169 0.475314
-0.116677 20.069219 0.475877
-0.124174 20.043463 0.477917
-0.131920 20.013401 0.480296
-0.300969 15.585648 0.828272
-0.316101 15.586131 0.828272
-0.331232 15.586614 0.828272
-0.346364 15.587097 0.828272
-0.361495 15.587580 0.828272
-0.376626 15.588063 0.828272
-0.391758 15.588546 0.828272
-0.406889 15.589028 0.828272
-0.422020 15.589511 0.828272
-0.437152 15.589994 0.828272
-0.452283 15.590477 0.828272
-0.467415 15.590960 0.828272
-0.482546 15.591443 0.828272
-0.497677 15.591926 0.828272
-0.512809 15.592409 0.828272
-0.527940 15.592892 0.828272
-0.543071 15.593375 0.828272
-0.558203 15.593858 0.828272
-0.573334 15.594341 0.828272
0.637176 15.555706 0.813133
0.622044 15.556188 0.813133
0.606913 15.556671 0.813133
0.591782 15.557154 0.813133
0.576650 15.557637 0.813133
0.561519 15.558120 0.813133
0.546388 15.558603 0.813133
0.531256 15.559086 0.813133
0.516125 15.559569 0.813133
0.500993 15.560052 0.813133
0.485862 15.560535 0.813133
0.470731 15.561018 0.813133
0.455599 15.561501 0.813133
0.440468 15.561984 0.813133
0.425337 15.562467 0.813133
0.410205 15.562950 0.813133
0.395074 15.563433 0.813133
0.379942 15.563916 0.813133
0.364811 15.564398 0.813133
0.349680 15.564881 0.813133
0.334548 15.565364 0.813133
0.319417 15.565847 0.813133
0.130686 20.022219 0.472225
0.122851 20.052548 0.469920
0.115522 20.071755 0.468467
0.108672 20.078697 0.467952
0.101849 20.085612 0.467439
0.095051 20.092501 0.466928
0.088280 20.099363 0.466419
0.081534 20.106199 0.465912
0.074815 20.113010 0.465406
0.068132 20.119271 0.464943
0.061562 20.121047 0.464823
0.054998 20.122820 0.464703
0.048440 20.124593 0.464584
0.041887 20.126364 0.464464
0.035341 20.128133 0.464344
0.028801 20.129901 0.464225
0.022267 20.131667 0.464106
0.015738 20.133431 0.463986
0.009215 20.135194 0.463867
0.002699 20.136955 0.463748
-0.003810 20.136633 0.463789
-0.010321 20.134870 0.463940
-0.016840 20.133103 0.464091
-0.023366 20.131334 0.464243
-0.029900 20.129563 0.464394
-0.036441 20.127790 0.464546
-0.042990 20.126015 0.464698
-0.049546 20.124239 0.464850
-0.056110 20.122460 0.465003
-0.062682 20.120679 0.465155
-0.069268 20.118472 0.465340
-0.075953 20.111689 0.465876
-0.082666 20.104885 0.466414
-0.089405 20.098052 0.466954
-0.096172 20.091192 0.467496
-0.102967 20.084304 0.468040
-0.109789 20.077388 0.468586
-0.116639 20.070443 0.469135
-0.124048 20.047296 0.470926
-0.131785 20.017299 0.473243
-0.300969 15.585648 0.813133
-0.316101 15.586131 0.813133
-0.331232 15.586614 0.813133
-0.346364 15.587097 0.813133
-0.361495 15.587580 0.813133
-0.376626 15.588063 0.813133
-0.391758 15.588546 0.813133
-0.406889 15.589028 0.813133
-0.422020 15.589511 0.813133
-0.437152 15.589994 0.813133
-0.452283 15.590477 0.813133
-0.467415 15.590960 0.813133
-0.482546 15.591443 0.813133
-0.497677 15.591926 0.813133
-0.512809 15.592409 0.813133
-0.527940 15.592892 0.813133
-0.543071 15.593375 0.813133
-0.558203 15.593858 0.813133
-0.573334 15.594341 0.813133
0.637176 15.555706 0.797994
0.622044 15.556188 0.797994
0.606913 15.556671 0.797994
0.591782 15.557154 0.797994
0.576650 15.557637 0.797994
0.561519 15.558120 0.797994
0.546388 15.558603 0.797994
0.531256 15.559086 0.797994
0.516125 15.559569 0.797994
0.500993 15.560052 0.797994
0.485862 15.560535 0.797994
0.470731 15.561018 0.797994
0.455599 15.561501 0.797994
0.440468 15.561984 0.797994
0.425337 15.562467 0.797994
0.410205 15.562950 0.797994
0.395074 15.563433 0.797994
0.379942 15.563916 0.797994
0.364811 15.564398 0.797994
0.349680 15.564881 0.797994
0.334548 15.565364 0.797994
0.319417 15.565847 0.797994
0.130532 20.026163 0.465209
0.122707 20.056426 0.462966
0.115478 20.072981 0.461747
0.108631 20.079918 0.461245
0.101810 20.086828 0.460745
0.095016 20.093712 0.460247
0.088247 20.100570 0.459750
0.081504 20.107401 0.459256
0.074786 20.114207 0.458764
0.068113 20.120127 0.458337
0.061545 20.121902 0.458220
0.054982 20.123675 0.458104
0.048426 20.125446 0.457987
0.041875 20.127216 0.457870
0.035331 20.128985 0.457754
0.028792 20.130752 0.457637
0.022259 20.132517 0.457521
0.015732 20.134280 0.457405
0.009211 20.136042 0.457289
0.002696 20.137803 0.457173
-0.003811 20.137480 0.457212
-0.010320 20.135718 0.457360
-0.016838 20.133951 0.457507
-0.023362 20.132184 0.457655
-0.029894 20.130414 0.457802
-0.036434 20.128642 0.457950
-0.042981 20.126868 0.458099
-0.049536 20.125092 0.458247
-0.056098 20.123314 0.458395
-0.062668 20.121534 0.458544
-0.069247 20.119662 0.458700
-0.075930 20.112884 0.459222
-0.082640 20.106084 0.459746
-0.089377 20.099256 0.460272
-0.096142 20.092401 0.460800
-0.102934 20.085517 0.461331
-0.109753 20.078606 0.461864
-0.116601 20.071667 0.462398
-0.123923 20.051121 0.463951
-0.131649 20.021189 0.466205
-0.300969 15.585648 0.797994
-0.316101 15.586131 0.797994
-0.331232 15.586614 0.797994
-0.346364 15.587097 0.797994
-0.361495 15.587580 0.797994
-0.376626 15.588063 0.797994
-0.391758 15.588546 0.797994
-0.406889 15.589028 0.797994
-0.422020 15.589511 0.797994
-0.437152 15.589994 0.797994
-0.452283 15.590477 0.797994
-0.467415 15.590960 0.797994
-0.482546 15.591443 0.797994
-0.497677 15.591926 0.797994
-0.512809 15.592409 0.797994
-0.527940 15.592892 0.797994
-0.543071 15.593375 0.797994
-0.558203 15.593858 0.797994
-0.573334 15.594341 0.797994
0.637176 15.555706 0.782855
0.622044 15.556188 0.782855
0.606913 15.556671 0.782855
0.591782 15.557154 0.782855
0.576650 15.557637 0.782855
0.561519 15.558120 0.782855
0.546388 15.558603 0.782855
0.531256 15.559086 0.782855
0.516125 15.559569 0.782855
0.500993 15.560052 0.782855
0.485862 15.560535 0.782855
0.470731 15.561018 0.782855
0.455599 15.561501 0.782855
0.440468 15.561984 0.782855
0.425337 15.562467 0.782855
0.410205 15.562950 0.782855
0.395074 15.563433 0.782855
0.379942 15.563916 0.782855
0.364811 15.564398 0.782855
0.349680 15.564881 0.782855
0.334548 15.565364 0.782855
0.319417 15.565847 0.782855
0.130379 20.030099 0.458208
0.122564 20.060295 0.456028
0.115435 20.074206 0.455031
0.108591 20.081138 0.454542
0.101772 20.088044 0.454055
0.094980 20.094923 0.453570
0.088213 20.101776 0.453087
0.081473 20.108603 0.452605
0.074757 20.115404 0.452126
0.068094 20.120983 0.451735
0.061527 20.122757 0.451621
0.054967 20.124529 0.451507
0.048412 20.126300 0.451393
0.041863 20.128069 0.451280
0.035320 20.129836 0.451166
0.028783 20.131602 0.451053
0.022252 20.133366 0.450940
0.015726 20.135129 0.450826
0.009207 20.136890 0.450713
0.002693 20.138650 0.450600
-0.003812 20.138327 0.450639
-0.010320 20.136565 0.450782
-0.016835 20.134800 0.450926
-0.023359 20.133033 0.451070
-0.029889 20.131264 0.451214
-0.036427 20.129493 0.451358
-0.042973 20.127720 0.451502
-0.049526 20.125945 0.451647
-0.056086 20.124168 0.451792
-0.062655 20.122389 0.451936
-0.069230 20.120608 0.452081
-0.075907 20.114077 0.452572
-0.082614 20.107282 0.453083
-0.089349 20.100459 0.453595
-0.096111 20.093608 0.454110
-0.102901 20.086730 0.454627
-0.109718 20.079824 0.455145
-0.116563 20.072889 0.455666
-0.123797 20.054937 0.456990
-0.131514 20.025071 0.459183
-0.300969 15.585648 0.782855
-0.316101 15.586131 0.782855
-0.331232 15.586614 0.782855
-0.346364 15.587097 0.782855
-0.361495 15.587580 0.782855
-0.376626 15.588063 0.782855
-0.391758 15.588546 0.782855
-0.406889 15.589028 0.782855
-0.422020 15.589511 0.782855
-0.437152 15.589994 0.782855
-0.452283 15.590477 0.782855
-0.467415 15.590960 0.782855
-0.482546 15.591443 0.782855
-0.497677 15.591926 0.782855
-0.512809 15.592409 0.782855
-0.527940 15.592892 0.782855
-0.543071 15.593375 0.782855
-0.558203 15.593858 0.782855
-0.573334 15.594341 0.782855
0.637176 15.555706 0.767715
0.622044 15.556188 0.767715
0.606913 15.556671 0.767715
0.591782 15.557154 0.767715
0.576650 15.557637 0.767715
0.561519 15.558120 0.767715
0.546388 15.558603 0.767715
0.531256 15.559086 0.767715
0.516125 15.559569 0.767715
0.500993 15.560052 0.767715
0.485862 15.560535 0.767715
0.470731 15.561018 0.767715
0.455599 15.561501 0.767715
0.440468 15.561984 0.767715
0.425337 15.562467 0.767715
0.410205 15.562950 0.767715
0.395074 15.563433 0.767715
0.379942 15.563916 0.767715
0.364811 15.564398 0.767715
0.349680 15.564881 0.767715
0.334548 15.565364 0.767715
0.138165 20.003369 0.453380
0.130226 20.034026 0.451223
0.122421 20.064156 0.449104
0.115392 20.075430 0.448320
0.108550 20.082358 0.447844
0.101734 20.089259 0.447370
0.094944 20.096133 0.446898
0.088180 20.102981 0.446428
0.081442 20.109804 0.445959
0.074729 20.116600 0.445492
0.068075 20.121838 0.445136
0.061510 20.123611 0.445025
0.054951 20.125382 0.444914
0.048398 20.127152 0.444803
0.041851 20.128920 0.444693
0.035309 20.130687 0.444582
0.028774 20.132452 0.444472
0.022244 20.134216 0.444361
0.015721 20.135978 0.444251
0.009203 20.137738 0.444141
0.002691 20.139497 0.444031
-0.003813 20.139173 0.444069
-0.010319 20.137412 0.444209
-0.016833 20.135648 0.444348
-0.023355 20.133882 0.444488
-0.029884 20.132114 0.444629
-0.036420 20.130344 0.444769
-0.042964 20.128572 0.444909
-0.049516 20.126798 0.445050
-0.056074 20.125021 0.445191
-0.062641 20.123243 0.445332
-0.069215 20.121463 0.445473
-0.075883 20.115269 0.445927
-0.082589 20.108479 0.446424
-0.089321 20.101661 0.446923
-0.096081 20.094815 0.447424
-0.102868 20.087942 0.447927
-0.109683 20.081040 0.448432
-0.116525 20.074111 0.448939
-0.123672 20.058745 0.450045
-0.131380 20.028944 0.452176
-0.300969 15.585648 0.767715
-0.316101 15.586131 0.767715
-0.331232 15.586614 0.767715
-0.346364 15.587097 0.767715
-0.361495 15.587580 0.767715
-0.376626 15.588063 0.767715
-0.391758 15.588546 0.767715
-0.406889 15.589028 0.767715
-0.422020 15.589511 0.767715
-0.437152 15.589994 0.767715
-0.452283 15.590477 0.767715
-0.467415 15.590960 0.767715
-0.482546 15.591443 0.767715
-0.497677 15.591926 0.767715
-0.512809 15.592409 0.767715
-0.527940 15.592892 0.767715
-0.543071 15.593375 0.767715
-0.558203 15.593858 0.767715
-0.573334 15.594341 0.767715
0.637176 15.555706 0.752576
0.622044 15.556188 0.752576
0.606913 15.556671 0.752576
0.591782 15.557154 0.752576
0.576650 15.557637 0.752576
0.561519 15.558120 0.752576
0.546388 15.558603 0.752576
0.531256 15.559086 0.752576
0.516125 15.559569 0.752576
0.500993 15.560052 0.752576
0.485862 15.560535 0.752576
0.470731 15.561018 0.752576
0.455599 15.561501 0.752576
0.440468 15.561984 0.752576
0.425337 15.562467 0.752576
0.410205 15.562950 0.752576
0.395074 15.563433 0.752576
0.379942 15.563916 0.752576
0.364811 15.564398 0.752576
0.349680 15.564881 0.752576
0.334548 15.565364 0.752576
0.138002 20.007363 0.446348
0.130073 20.037944 0.444254
0.122278 20.068008 0.442196
0.115349 20.076654 0.441614
0.108509 20.083576 0.441151
0.101696 20.090472 0.440690
0.094908 20.097342 0.440231
0.088147 20.104186 0.439773
0.081411 20.111003 0.439317
0.074700 20.117795 0.438863
0.068056 20.122693 0.438540
0.061493 20.124465 0.438432
0.054936 20.126235 0.438324
0.048384 20.128004 0.438216
0.041838 20.129772 0.438109
0.035299 20.131538 0.438001
0.028765 20.133302 0.437894
0.022237 20.135065 0.437787
0.015715 20.136826 0.437679
0.009199 20.138586 0.437572
0.002688 20.140344 0.437465
-0.003814 20.140019 0.437502
-0.010319 20.138258 0.437638
-0.016831 20.136495 0.437774
-0.023351 20.134730 0.437910
-0.029878 20.132963 0.438047
-0.036413 20.131194 0.438183
-0.042955 20.129423 0.438320
-0.049505 20.127650 0.438457
-0.056063 20.125874 0.438594
-0.062628 20.124097 0.438731
-0.069200 20.122318 0.438868
-0.075860 20.116462 0.439287
-0.082563 20.109676 0.439770
-0.089293 20.102862 0.440256
-0.096050 20.096021 0.440743
-0.102835 20.089153 0.441232
-0.109647 20.082256 0.441723
-0.116487 20.075331 0.442216
-0.123547 20.062545 0.443114
-0.131245 20.032808 0.445184
-0.139076 20.002561 0.447290
-0.316101 15.586131 0.752576
-0.331232 15.586614 0.752576
-0.346364 15.587097 0.752576
-0.361495 15.587580 0.752576
-0.376626 15.588063 0.752576
-0.391758 15.588546 0.752576
-0.406889 15.589028 0.752576
-0.422020 15.589511 0.752576
-0.437152 15.589994 0.752576
-0.452283 15.590477 0.752576
-0.467415 15.590960 0.752576
-0.482546 15.591443 0.752576
-0.497677 15.591926 0.752576
-0.512809 15.592409 0.752576
-0.527940 15.592892 0.752576
-0.543071 15.593375 0.752576
-0.558203 15.593858 0.752576
-0.573334 15.594341 0.752576
0.637176 15.555706 0.737437
0.622044 15.556188 0.737437
0.606913 15.556671 0.737437
0.591782 15.557154 0.737437
0.576650 15.557637 0.737437
0.561519 15.558120 0.737437
0.546388 15.558603 0.737437
0.531256 15.559086 0.737437
0.516125 15.559569 0.737437
0.500993 15.560052 0.737437
0.485862 15.560535 0.737437
0.470731 15.561018 0.737437
0.455599 15.561501 0.737437
0.440468 15.561984 0.737437
0.425337 15.562467 0.737437
0.410205 15.562950 0.737437
0.395074 15.563433 0.737437
0.379942 15.563916 0.737437
0.364811 15.564398 0.737437
0.349680 15.564881 0.737437
0.334548 15.565364 0.737437
0.137840 20.011342 0.439332
0.129921 20.041854 0.437300
0.122170 20.070931 0.435364
0.115306 20.077876 0.434912
0.108469 20.084794 0.434463
0.101658 20.091686 0.434014
0.094873 20.098550 0.433568
0.088113 20.105389 0.433123
0.081380 20.112202 0.432680
0.074672 20.118990 0.432239
0.068038 20.123547 0.431947
0.061476 20.125318 0.431842
0.054920 20.127088 0.431737
0.048370 20.128856 0.431633
0.041826 20.130623 0.431528
0.035288 20.132388 0.431424
0.028756 20.134152 0.431319
0.022229 20.135914 0.431215
0.015709 20.137674 0.431111
0.009194 20.139433 0.431007
0.002686 20.141190 0.430903
-0.003815 20.140864 0.430938
-0.010318 20.139105 0.431070
-0.016829 20.137343 0.431203
-0.023347 20.135578 0.431335
-0.029873 20.133812 0.431468
-0.036406 20.132044 0.431600
-0.042947 20.130274 0.431733
-0.049495 20.128502 0.431866
-0.056051 20.126727 0.432000
-0.062614 20.124951 0.432133
-0.069185 20.123172 0.432266
-0.075837 20.117653 0.432651
-0.082537 20.110871 0.433121
-0.089265 20.104063 0.433592
-0.096020 20.097227 0.434066
-0.102802 20.090363 0.434541
-0.109612 20.083471 0.435019
-0.116450 20.076551 0.435498
-0.123423 20.066339 0.436199
-0.131111 20.036665 0.438208
-0.138932 20.006484 0.440251
-0.316101 15.586131 0.737437
-0.331232 15.586614 0.737437
-0.346364 15.587097 0.737437
-0.361495 15.587580 0.737437
-0.376626 15.588063 0.737437
-0.391758 15.588546 0.737437
-0.406889 15.589028 0.737437
-0.422020 15.589511 0.737437
-0.437152 15.589994 0.737437
-0.452283 15.590477 0.737437
-0.467415 15.590960 0.737437
-0.482546 15.591443 0.737437
-0.497677 15.591926 0.737437
-0.512809 15.592409 0.737437
-0.527940 15.592892 0.737437
-0.543071 15.593375 0.737437
-0.558203 15.593858 0.737437
-0.573334 15.594341 0.737437
0.637176 15.555706 0.722298
0.622044 15.556188 0.722298
0.606913 15.556671 0.722298
0.591782 15.557154 0.722298
0.576650 15.557637 0.722298
0.561519 15.558120 0.722298
0.546388 15.558603 0.722298
0.531256 15.559086 0.722298
0.516125 15.559569 0.722298
0.500993 15.560052 0.722298
0.485862 15.560535 0.722298
0.470731 15.561018 0.722298
0.455599 15.561501 0.722298
0.440468 15.561984 0.722298
0.425337 15.562467 0.722298
0.410205 15.562950 0.722298
0.395074 15.563433 0.722298
0.379942 15.563916 0.722298
0.364811 15.564398 0.722298
0.349680 15.564881 0.722298
0.334548 15.565364 0.722298
0.137677 20.015310 0.432331
0.129769 20.045755 0.430361
0.122124 20.072158 0.428654
0.115263 20.079098 0.428216
0.108428 20.086011 0.427779
0.101620 20.092898 0.427343
0.094837 20.099758 0.426910
0.088080 20.106592 0.426478
0.081349 20.113401 0.426048
0.074643 20.120183 0.425619
0.068019 20.124401 0.425358
0.061459 20.126171 0.425256
0.054904 20.127940 0.425154
0.048356 20.129708 0.425052
0.041814 20.131474 0.424951
0.035277 20.133238 0.424849
0.028747 20.135001 0.424748
0.022222 20.136762 0.424646
0.015703 20.138521 0.424545
0.009190 20.140279 0.424444
0.002683 20.142036 0.424343
-0.003816 20.141709 0.424378
-0.010317 20.139951 0.424506
-0.016827 20.138189 0.424635
-0.023343 20.136426 0.424763
-0.029867 20.134661 0.424892
-0.036399 20.132894 0.425021
-0.042938 20.131124 0.425150
-0.049485 20.129353 0.425279
-0.056039 20.127579 0.425409
-0.062601 20.125804 0.425538
-0.069170 20.124026 0.425668
-0.075813 20.118843 0.426020
-0.082511 20.112066 0.426476
-0.089237 20.105263 0.426934
-0.095989 20.098431 0.427394
-0.102769 20.091572 0.427856
-0.109577 20.084685 0.428319
-0.116412 20.077770 0.428785
-0.123298 20.070125 0.429298
-0.130978 20.040513 0.431246
-0.138789 20.010398 0.433228
-0.316101 15.586131 0.722298
-0.331232 15.586614 0.722298
-0.346364 15.587097 0.722298
-0.361495 15.587580 0.722298
-0.376626 15.588063 0.722298
-0.391758 15.588546 0.722298
-0.406889 15.589028 0.722298
-0.422020 15.589511 0.722298
-0.437152 15.589994 0.722298
-0.452283 15.590477 0.722298
-0.467415 15.590960 0.722298
-0.482546 15.591443 0.722298
-0.497677 15.591926 0.722298
-0.512809 15.592409 0.722298
-0.527940 15.592892 0.722298
-0.543071 15.593375 0.722298
-0.558203 15.593858 0.722298
-0.573334 15.594341 0.722298
0.637176 15.555706 0.707159
0.622044 15.556188 0.707159
0.606913 15.556671 0.707159
0.591782 15.557154 0.707159
0.576650 15.557637 0.707159
0.561519 15.558120 0.707159
0.546388 15.558603 0.707159
0.531256 15.559086 0.707159
0.516125 15.559569 0.707159
0.500993 15.560052 0.707159
0.485862 15.560535 0.707159
0.470731 15.561018 0.707159
0.455599 15.561501 0.707159
0.440468 15.561984 0.707159
0.425337 15.562467 0.707159
0.410205 15.562950 0.707159
0.395074 15.563433 0.707159
0.379942 15.563916 0.707159
0.364811 15.564398 0.707159
0.349680 15.564881 0.707159
0.334548 15.565364 0.707159
0.137516 20.019270 0.425346
0.129617 20.049647 0.423438
0.122079 20.073383 0.421949
0.115220 20.080318 0.421523
0.108388 20.087227 0.421099
0.101582 20.094109 0.420677
0.094801 20.100964 0.420256
0.088047 20.107794 0.419837
0.081318 20.114598 0.419420
0.074615 20.121376 0.419004
0.068000 20.125254 0.418772
0.061442 20.127024 0.418673
0.054889 20.128792 0.418574
0.048342 20.130559 0.418475
0.041801 20.132324 0.418377
0.035267 20.134087 0.418278
0.028738 20.135849 0.418180
0.022214 20.137609 0.418081
0.015697 20.139368 0.417983
0.009186 20.141125 0.417885
0.002680 20.142881 0.417787
-0.003817 20.142553 0.417821
-0.010317 20.140796 0.417945
-0.016824 20.139036 0.418070
-0.023340 20.137273 0.418195
-0.029862 20.135509 0.418320
-0.036392 20.133742 0.418445
-0.042930 20.131974 0.418570
-0.049474 20.130204 0.418696
-0.056027 20.128431 0.418821
-0.062587 20.126657 0.418947
-0.069155 20.124880 0.419073
-0.075790 20.120033 0.419393
-0.082486 20.113260 0.419836
-0.089209 20.106461 0.420280
-0.095959 20.099635 0.420726
-0.102736 20.092781 0.421174
-0.109541 20.085898 0.421624
-0.116374 20.078988 0.422076
-0.123235 20.072050 0.422529
-0.130844 20.044352 0.424300
-0.138646 20.014303 0.426220
-0.316101 15.586131 0.707159
-0.331232 15.586614 0.707159
-0.346364 15.587097 0.707159
-0.361495 15.587580 0.707159
-0.376626 15.588063 0.707159
-0.391758 15.588546 0.707159
-0.406889 15.589028 0.707159
-0.422020 15.589511 0.707159
-0.437152 15.589994 0.707159
-0.452283 15.590477 0.707159
-0.467415 15.590960 0.707159
-0.482546 15.591443 0.707159
-0.497677 15.591926 0.707159
-0.512809 15.592409 0.707159
-0.527940 15.592892 0.707159
-0.543071 15.593375 0.707159
-0.558203 15.593858 0.707159
-0.573334 15.594341 0.707159
0.637176 15.555706 0.692020
0.622044 15.556188 0.692020
0.606913 15.556671 0.692020
0.591782 15.557154 0.692020
0.576650 15.557637 0.692020
0.561519 15.558120 0.692020
0.546388 15.558603 0.692020
0.531256 15.559086 0.692020
0.516125 15.559569 0.692020
0.500993 15.560052 0.692020
0.485862 15.560535 0.692020
0.470731 15.561018 0.692020
0.455599 15.561501 0.692020
0.440468 15.561984 0.692020
0.425337 15.562467 0.692020
0.410205 15.562950 0.692020
0.395074 15.563433 0.692020
0.379942 15.563916 0.692020
0.364811 15.564398 0.692020
0.349680 15.564881 0.692020
0.334548 15.565364 0.692020
0.137354 20.023220 0.418377
0.129466 20.053531 0.416529
0.122033 20.074608 0.415248
0.115177 20.081539 0.414836
0.108347 20.088442 0.414425
0.101544 20.095319 0.414015
0.094766 20.102170 0.413608
0.088014 20.108995 0.413201
0.081287 20.115794 0.412797
0.074586 20.122568 0.412393
0.067981 20.126107 0.412189
0.061424 20.127876 0.412093
0.054873 20.129644 0.411997
0.048328 20.131409 0.411901
0.041789 20.133174 0.411806
0.035256 20.134936 0.411710
0.028729 20.136697 0.411615
0.022207 20.138457 0.411519
0.015691 20.140215 0.411424
0.009182 20.141971 0.411329
0.002678 20.143726 0.411234
-0.003818 20.143398 0.411267
-0.010316 20.141641 0.411387
-0.016822 20.139881 0.411508
-0.023336 20.138120 0.411629
-0.029857 20.136357 0.411751
-0.036385 20.134591 0.411872
-0.042921 20.132824 0.411993
-0.049464 20.131054 0.412115
-0.056015 20.129283 0.412237
-0.062574 20.127509 0.412359
-0.069139 20.125733 0.412481
-0.075767 20.121222 0.412771
-0.082460 20.114453 0.413200
-0.089181 20.107659 0.413631
-0.095928 20.100838 0.414064
-0.102703 20.093988 0.414498
-0.109506 20.087111 0.414934
-0.116336 20.080206 0.415372
-0.123195 20.073272 0.415812
-0.130711 20.048183 0.417369
-0.138503 20.018200 0.419227
-0.316101 15.586131 0.692020
-0.331232 15.586614 0.692020
-0.346364 15.587097 0.692020
-0.361495 15.587580 0.692020
-0.376626 15.588063 0.692020
-0.391758 15.588546 0.692020
-0.406889 15.589028 0.692020
-0.422020 15.589511 0.692020
-0.437152 15.589994 0.692020
-0.452283 15.590477 0.692020
-0.467415 15.590960 0.692020
-0.482546 15.591443 0.692020
-0.497677 15.591926 0.692020
-0.512809 15.592409 0.692020
-0.527940 15.592892 0.692020
-0.543071 15.593375 0.692020
-0.558203 15.593858 0.692020
-0.573334 15.594341 0.692020
0.637176 15.555706 0.676881
0.622044 15.556188 0.676881
0.606913 15.556671 0.676881
0.591782 15.557154 0.676881
0.576650 15.557637 0.676881
0.561519 15.558120 0.676881
0.546388 15.558603 0.676881
0.531256 15.559086 0.676881
0.516125 15.559569 0.676881
0.500993 15.560052 0.676881
0.485862 15.560535 0.676881
0.470731 15.561018 0.676881
0.455599 15.561501 0.676881
0.440468 15.561984 0.676881
0.425337 15.562467 0.676881
0.410205 15.562950 0.676881
0.395074 15.563433 0.676881
0.379942 15.563916 0.676881
0.364811 15.564398 0.676881
0.349680 15.564881 0.676881
0.334548 15.565364 0.676881
0.137193 20.027163 0.411423
0.129315 20.057406 0.409636
0.121988 20.075832 0.408552
0.115134 20.082758 0.408153
0.108307 20.089656 0.407755
0.101506 20.096529 0.407358
0.094730 20.103375 0.406963
0.087981 20.110195 0.406570
0.081257 20.116990 0.406178
0.074558 20.123759 0.405787
0.067963 20.126960 0.405609
0.061407 20.128728 0.405516
0.054858 20.130495 0.405423
0.048315 20.132260 0.405331
0.041777 20.134023 0.405238
0.035245 20.135785 0.405145
0.028720 20.137545 0.405053
0.022200 20.139304 0.404961
0.015686 20.141061 0.404868
0.009177 20.142816 0.404776
0.002675 20.144570 0.404684
-0.003819 20.144241 0.404716
-0.010316 20.142485 0.404833
-0.016820 20.140727 0.404950
-0.023332 20.138966 0.405067
-0.029851 20.137204 0.405185
-0.036378 20.135439 0.405302
-0.042912 20.133673 0.405420
-0.049454 20.131904 0.405538
-0.056003 20.130134 0.405656
-0.062560 20.128361 0.405774
-0.069124 20.126586 0.405892
-0.075743 20.122410 0.406153
-0.082434 20.115646 0.406569
-0.089153 20.108856 0.406986
-0.095898 20.102040 0.407405
-0.102671 20.095195 0.407826
-0.109471 20.088323 0.408248
-0.116299 20.081422 0.408673
-0.123155 20.074494 0.409098
-0.130578 20.052006 0.410452
-0.138360 20.022088 0.412250
-0.316101 15.586131 0.676881
-0.331232 15.586614 0.676881
-0.346364 15.587097 0.676881
-0.361495 15.587580 0.676881
-0.376626 15.588063 0.676881
-0.391758 15.588546 0.676881
-0.406889 15.589028 0.676881
-0.422020 15.589511 0.676881
-0.437152 15.589994 0.676881
-0.452283 15.590477 0.676881
-0.467415 15.590960 0.676881
-0.482546 15.591443 0.676881
-0.497677 15.591926 0.676881
-0.512809 15.592409 0.676881
-0.527940 15.592892 0.676881
-0.543071 15.593375 0.676881
-0.558203 15.593858 0.676881
-0.573334 15.594341 0.676881
0.637176 15.555706 0.661742
0.622044 15.556188 0.661742
0.606913 15.556671 0.661742
0.591782 15.557154 0.661742
0.576650 15.557637 0.661742
0.561519 15.558120 0.661742
0.546388 15.558603 0.661742
0.531256 15.559086 0.661742
0.516125 15.559569 0.661742
0.500993 15.560052 0.661742
0.485862 15.560535 0.661742
0.470731 15.561018 0.661742
0.455599 15.561501 0.661742
0.440468 15.561984 0.661742
0.425337 15.562467 0.661742
0.410205 15.562950 0.661742
0.395074 15.563433 0.661742
0.379942 15.563916 0.661742
0.364811 15.564398 0.661742
0.349680 15.564881 0.661742
0.145037 20.000387 0.406242
0.137033 20.031096 0.404485
0.129164 20.061273 0.402758
0.121943 20.077055 0.401861
0.115092 20.083976 0.401475
0.108267 20.090870 0.401090
0.101468 20.097738 0.400706
0.094695 20.104579 0.400324
0.087947 20.111395 0.399943
0.081226 20.118185 0.399564
0.074530 20.124949 0.399186
0.067944 20.127812 0.399033
0.061390 20.129579 0.398943
0.054843 20.131345 0.398853
0.048301 20.133109 0.398763
0.041765 20.134872 0.398674
0.035235 20.136633 0.398584
0.028711 20.138392 0.398495
0.022192 20.140150 0.398405
0.015680 20.141906 0.398316
0.009173 20.143661 0.398227
0.002673 20.145414 0.398137
-0.003820 20.145085 0.398168
-0.010315 20.143330 0.398282
-0.016818 20.141572 0.398395
-0.023328 20.139812 0.398508
-0.029846 20.138051 0.398622
-0.036371 20.136287 0.398736
-0.042904 20.134522 0.398850
-0.049444 20.132754 0.398964
-0.055991 20.130984 0.399078
-0.062547 20.129212 0.399192
-0.069109 20.127439 0.399307
-0.075720 20.123597 0.399540
-0.082409 20.116838 0.399943
-0.089125 20.110053 0.400346
-0.095868 20.103241 0.400752
-0.102638 20.096401 0.401159
-0.109436 20.089533 0.401567
-0.116261 20.082638 0.401978
-0.123114 20.075714 0.402390
-0.130446 20.055821 0.403551
-0.138218 20.025968 0.405287
-0.316101 15.586131 0.661742
-0.331232 15.586614 0.661742
-0.346364 15.587097 0.661742
-0.361495 15.587580 0.661742
-0.376626 15.588063 0.661742
-0.391758 15.588546 0.661742
-0.406889 15.589028 0.661742
-0.422020 15.589511 0.661742
-0.437152 15.589994 0.661742
-0.452283 15.590477 0.661742
-0.467415 15.590960 0.661742
-0.482546 15.591443 0.661742
-0.497677 15.591926 0.661742
-0.512809 15.592409 0.661742
-0.527940 15.592892 0.661742
-0.543071 15.593375 0.661742
-0.558203 15.593858 0.661742
-0.573334 15.594341 0.661742
0.637176 15.555706 0.646603
0.622044 15.556188 0.646603
0.606913 15.556671 0.646603
0.591782 15.557154 0.646603
0.576650 15.557637 0.646603
0.561519 15.558120 0.646603
0.546388 15.558603 0.646603
0.531256 15.559086 0.646603
0.516125 15.559569 0.646603
0.500993 15.560052 0.646603
0.485862 15.560535 0.646603
0.470731 15.561018 0.646603
0.455599 15.561501 0.646603
0.440468 15.561984 0.646603
0.425337 15.562467 0.646603
0.410205 15.562950 0.646603
0.395074 15.563433 0.646603
0.379942 15.563916 0.646603
0.364811 15.564398 0.646603
0.349680 15.564881 0.646603
0.144866 20.004388 0.399257
0.136872 20.035020 0.397562
0.129014 20.065132 0.395896
0.121897 20.078277 0.395175
0.115049 20.085193 0.394801
0.108226 20.092082 0.394429
0.101430 20.098946 0.394058
0.094659 20.105783 0.393689
0.087914 20.112594 0.393321
0.081195 20.119379 0.392954
0.074501 20.126138 0.392589
0.067925 20.128664 0.392459
0.061373 20.130430 0.392373
0.054827 20.132195 0.392286
0.048287 20.133959 0.392199
0.041752 20.135721 0.392112
0.035224 20.137481 0.392026
0.028702 20.139239 0.391939
0.022185 20.140996 0.391853
0.015674 20.142752 0.391766
0.009169 20.144506 0.391680
0.002670 20.146258 0.391594
-0.003821 20.145927 0.391624
-0.010315 20.144173 0.391733
-0.016816 20.142416 0.391843
-0.023324 20.140658 0.391953
-0.029840 20.138897 0.392063
-0.036364 20.137135 0.392173
-0.042895 20.135370 0.392283
-0.049434 20.133603 0.392393
-0.055980 20.131834 0.392503
-0.062533 20.130064 0.392614
-0.069094 20.128291 0.392724
-0.075697 20.124783 0.392932
-0.082383 20.118029 0.393321
-0.089097 20.111248 0.393711
-0.095837 20.104441 0.394103
-0.102605 20.097606 0.394496
-0.109400 20.090743 0.394891
-0.116223 20.083853 0.395288
-0.123074 20.076934 0.395686
-0.130313 20.059627 0.396665
-0.138076 20.029839 0.398340
-0.316101 15.586131 0.646603
-0.331232 15.586614 0.646603
-0.346364 15.587097 0.646603
-0.361495 15.587580 0.646603
-0.376626 15.588063 0.646603
-0.391758 15.588546 0.646603
-0.406889 15.589028 0.646603
-0.422020 15.589511 0.646603
-0.437152 15.589994 0.646603
-0.452283 15.590477 0.646603
-0.467415 15.590960 0.646603
-0.482546 15.591443 0.646603
-0.497677 15.591926 0.646603
-0.512809 15.592409 0.646603
-0.527940 15.592892 0.646603
-0.543071 15.593375 0.646603
-0.558203 15.593858 0.646603
-0.573334 15.594341 0.646603
0.637176 15.555706 0.631464
0.622044 15.556188 0.631464
0.606913 15.556671 0.631464
0.591782 15.557154 0.631464
0.576650 15.557637 0.631464
0.561519 15.558120 0.631464
0.546388 15.558603 0.631464
0.531256 15.559086 0.631464
0.516125 15.559569 0.631464
0.500993 15.560052 0.631464
0.485862 15.560535 0.631464
0.470731 15.561018 0.631464
0.455599 15.561501 0.631464
0.440468 15.561984 0.631464
0.425337 15.562467 0.631464
0.410205 15.562950 0.631464
0.395074 15.563433 0.631464
0.379942 15.563916 0.631464
0.364811 15.564398 0.631464
0.349680 15.564881 0.631464
0.144695 20.008376 0.392288
0.136712 20.038936 0.390654
0.128864 20.068982 0.389048
0.121852 20.079498 0.388493
0.115006 20.086409 0.388132
0.108186 20.093294 0.387773
0.101392 20.100153 0.387415
0.094624 20.106985 0.387058
0.087881 20.113791 0.386703
0.081164 20.120572 0.386349
0.074473 20.127327 0.385996
0.067906 20.129515 0.385890
0.061356 20.131281 0.385806
0.054812 20.133045 0.385722
0.048273 20.134808 0.385638
0.041740 20.136568 0.385554
0.035213 20.138328 0.385471
0.028693 20.140086 0.385387
0.022177 20.141842 0.385304
0.015668 20.143597 0.385220
0.009165 20.145349 0.385137
0.002667 20.147101 0.385054
-0.003822 20.146770 0.385083
-0.010314 20.145017 0.385189
-0.016814 20.143261 0.385294
-0.023321 20.141503 0.385400
-0.029835 20.139743 0.385506
-0.036357 20.137981 0.385613
-0.042886 20.136218 0.385719
-0.049423 20.134452 0.385825
-0.055968 20.132684 0.385932
-0.062520 20.130914 0.386039
-0.069079 20.129142 0.386145
-0.075673 20.125969 0.386328
-0.082358 20.119219 0.386703
-0.089069 20.112443 0.387080
-0.095807 20.105640 0.387458
-0.102572 20.098810 0.387838
-0.109365 20.091952 0.388219
-0.116186 20.085067 0.388602
-0.123034 20.078153 0.388987
-0.130181 20.063425 0.389793
-0.137935 20.033702 0.391409
-0.145821 20.003469 0.393052
-0.331232 15.586614 0.631464
-0.346364 15.587097 0.631464
-0.361495 15.587580 0.631464
-0.376626 15.588063 0.631464
-0.391758 15.588546 0.631464
-0.406889 15.589028 0.631464
-0.422020 15.589511 0.631464
-0.437152 15.589994 0.631464
-0.452283 15.590477 0.631464
-0.467415 15.590960 0.631464
-0.482546 15.591443 0.631464
-0.497677 15.591926 0.631464
-0.512809 15.592409 0.631464
-0.527940 15.592892 0.631464
-0.543071 15.593375 0.631464
-0.558203 15.593858 0.631464
-0.573334 15.594341 0.631464
0.637176 15.555706 0.616325
0.622044 15.556188 0.616325
0.606913 15.556671 0.616325
0.591782 15.557154 0.616325
0.576650 15.557637 0.616325
0.561519 15.558120 0.616325
0.546388 15.558603 0.616325
0.531256 15.559086 0.616325
0.516125 15.559569 0.616325
0.500993 15.560052 0.616325
0.485862 15.560535 0.616325
0.470731 15.561018 0.616325
0.455599 15.561501 0.616325
0.440468 15.561984 0.616325
0.425337 15.562467 0.616325
0.410205 15.562950 0.616325
0.395074 15.563433 0.616325
0.379942 15.563916 0.616325
0.364811 15.564398 0.616325
0.349680 15.564881 0.616325
0.144526 20.012351 0.385334
0.136553 20.042844 0.383761
0.128714 20.072823 0.382215
0.121807 20.080719 0.381816
0.114963 20.087625 0.381468
0.108146 20.094505 0.381121
0.101354 20.101359 0.380776
0.094588 20.108187 0.380432
0.087848 20.114988 0.380090
0.081134 20.121764 0.379748
0.074445 20.128515 0.379408
0.067888 20.130366 0.379323
0.061339 20.132131 0.379242
0.054796 20.133894 0.379161
0.048259 20.135656 0.379080
0.041728 20.137416 0.379000
0.035203 20.139175 0.378919
0.028683 20.140932 0.378838
0.022170 20.142687 0.378758
0.015662 20.144441 0.378677
0.009161 20.146193 0.378597
0.002665 20.147944 0.378517
-0.003823 20.147612 0.378545
-0.010313 20.145860 0.378647
-0.016811 20.144105 0.378749
-0.023317 20.142348 0.378851
-0.029830 20.140589 0.378953
-0.036350 20.138828 0.379056
-0.042878 20.137065 0.379158
-0.049413 20.135300 0.379261
-0.055956 20.133533 0.379364
-0.062506 20.131765 0.379467
-0.069064 20.129993 0.379570
-0.075650 20.127154 0.379728
-0.082332 20.120408 0.380090
-0.089041 20.113637 0.380454
-0.095777 20.106839 0.380818
-0.102540 20.100014 0.381185
-0.109330 20.093161 0.381552
-0.116148 20.086280 0.381922
-0.122994 20.079371 0.382292
-0.130050 20.067215 0.382936
-0.137793 20.037557 0.384492
-0.145670 20.007389 0.386074
-0.331232 15.586614 0.616325
-0.346364 15.587097 0.616325
-0.361495 15.587580 0.616325
-0.376626 15.588063 0.616325
-0.391758 15.588546 0.616325
-0.406889 15.589028 0.616325
-0.422020 15.589511 0.616325
-0.437152 15.589994 0.616325
-0.452283 15.590477 0.616325
-0.467415 15.590960 0.616325
-0.482546 15.591443 0.616325
-0.497677 15.591926 0.616325
-0.512809 15.592409 0.616325
-0.527940 15.592892 0.616325
-0.543071 15.593375 0.616325
-0.558203 15.593858 0.616325
-0.573334 15.594341 0.616325
0.637176 15.555706 0.601186
0.622044 15.556188 0.601186
0.606913 15.556671 0.601186
0.591782 15.557154 0.601186
0.576650 15.557637 0.601186
0.561519 15.558120 0.601186
0.546388 15.558603 0.601186
0.531256 15.559086 0.601186
0.516125 15.559569 0.601186
0.500993 15.560052 0.601186
0.485862 15.560535 0.601186
0.470731 15.561018 0.601186
0.455599 15.561501 0.601186
0.440468 15.561984 0.601186
0.425337 15.562467 0.601186
0.410205 15.562950 0.601186
0.395074 15.563433 0.601186
0.379942 15.563916 0.601186
0.364811 15.564398 0.601186
0.349680 15.564881 0.601186
0.144356 20.016317 0.378396
0.136394 20.046742 0.376884
0.128629 20.075010 0.375480
0.121762 20.081938 0.375143
0.114920 20.088840 0.374808
0.108105 20.095715 0.374475
0.101316 20.102564 0.374142
0.094553 20.109387 0.373811
0.087815 20.116185 0.373481
0.081103 20.122956 0.373152
0.074422 20.129451 0.372837
0.067869 20.131217 0.372759
0.061322 20.132981 0.372682
0.054781 20.134743 0.372604
0.048245 20.136504 0.372526
0.041716 20.138263 0.372448
0.035192 20.140021 0.372370
0.028674 20.141778 0.372293
0.022163 20.143532 0.372215
0.015657 20.145285 0.372138
0.009156 20.147036 0.372060
0.002662 20.148786 0.371983
-0.003824 20.148453 0.372010
-0.010313 20.146702 0.372108
-0.016809 20.144948 0.372207
-0.023313 20.143192 0.372305
-0.029824 20.141434 0.372404
-0.036343 20.139674 0.372502
-0.042869 20.137912 0.372601
-0.049403 20.136148 0.372700
-0.055944 20.134382 0.372799
-0.062493 20.132614 0.372898
-0.069049 20.130844 0.372997
-0.075627 20.128338 0.373133
-0.082306 20.121596 0.373482
-0.089013 20.114830 0.373832
-0.095746 20.108037 0.374183
-0.102507 20.101216 0.374536
-0.109295 20.094368 0.374890
-0.116111 20.087492 0.375245
-0.122954 20.080588 0.375602
-0.129918 20.070999 0.376094
-0.137652 20.041403 0.377590
-0.145519 20.011301 0.379111
-0.331232 15.586614 0.601186
-0.346364 15.587097 0.601186
-0.361495 15.587580 0.601186
-0.376626 15.588063 0.601186
-0.391758 15.588546 0.601186
-0.406889 15.589028 0.601186
-0.422020 15.589511 0.601186
-0.437152 15.589994 0.601186
-0.452283 15.590477 0.601186
-0.467415 15.590960 0.601186
-0.482546 15.591443 0.601186
-0.497677 15.591926 0.601186
-0.512809 15.592409 0.601186
-0.527940 15.592892 0.601186
-0.543071 15.593375 0.601186
-0.558203 15.593858 0.601186
-0.573334 15.594341 0.601186
0.637176 15.555706 0.586046
0.622044 15.556188 0.586046
0.606913 15.556671 0.586046
0.591782 15.557154 0.586046
0.576650 15.557637 0.586046
0.561519 15.558120 0.586046
0.546388 15.558603 0.586046
0.531256 15.559086 0.586046
0.516125 15.559569 0.586046
0.500993 15.560052 0.586046
0.485862 15.560535 0.586046
0.470731 15.561018 0.586046
0.455599 15.561501 0.586046
0.440468 15.561984 0.586046
0.425337 15.562467 0.586046
0.410205 15.562950 0.586046
0.395074 15.563433 0.586046
0.379942 15.563916 0.586046
0.364811 15.564398 0.586046
0.349680 15.564881 0.586046
0.144187 20.020273 0.371474
0.136235 20.050632 0.370022
0.128581 20.076233 0.368799
0.121716 20.083157 0.368475
0.114878 20.090054 0.368153
0.108065 20.096925 0.367832
0.101278 20.103769 0.367513
0.094517 20.110587 0.367194
0.087782 20.117380 0.366877
0.081072 20.124147 0.366561
0.074402 20.130302 0.366274
0.067850 20.132067 0.366199
0.061305 20.133830 0.366124
0.054765 20.135592 0.366049
0.048231 20.137352 0.365975
0.041704 20.139110 0.365900
0.035182 20.140867 0.365825
0.028665 20.142623 0.365750
0.022155 20.144376 0.365676
0.015651 20.146129 0.365601
0.009152 20.147879 0.365527
0.002660 20.149628 0.365453
-0.003825 20.149294 0.365479
-0.010312 20.147544 0.365573
-0.016807 20.145791 0.365668
-0.023309 20.144036 0.365762
-0.029819 20.142279 0.365857
-0.036336 20.140520 0.365952
-0.042861 20.138759 0.366047
-0.049393 20.136996 0.366142
-0.055932 20.135231 0.366237
-0.062479 20.133464 0.366333
-0.069034 20.131694 0.366428
-0.075604 20.129521 0.366543
-0.082281 20.122783 0.366878
-0.088985 20.116023 0.367215
-0.095716 20.109234 0.367552
-0.102474 20.102418 0.367891
-0.109260 20.095575 0.368232
-0.116073 20.088703 0.368574
-0.122914 20.081804 0.368917
-0.129787 20.074775 0.369267
-0.137512 20.045241 0.370703
-0.145369 20.015205 0.372164
-0.331232 15.586614 0.586046
-0.346364 15.587097 0.586046
-0.361495 15.587580 0.586046
-0.376626 15.588063 0.586046
-0.391758 15.588546 0.586046
-0.406889 15.589028 0.586046
-0.422020 15.589511 0.586046
-0.437152 15.589994 0.586046
-0.452283 15.590477 0.586046
-0.467415 15.590960 0.586046
-0.482546 15.591443 0.586046
-0.497677 15.591926 0.586046
-0.512809 15.592409 0.586046
-0.527940 15.592892 0.586046
-0.543071 15.593375 0.586046
-0.558203 15.593858 0.586046
-0.573334 15.594341 0.586046
0.637176 15.555706 0.570907
0.622044 15.556188 0.570907
0.606913 15.556671 0.570907
0.591782 15.557154 0.570907
0.576650 15.557637 0.570907
0.561519 15.558120 0.570907
0.546388 15.558603 0.570907
0.531256 15.559086 0.570907
0.516125 15.559569 0.570907
0.500993 15.560052 0.570907
0.485862 15.560535 0.570907
0.470731 15.561018 0.570907
0.455599 15.561501 0.570907
0.440468 15.561984 0.570907
0.425337 15.562467 0.570907
0.410205 15.562950 0.570907
0.395074 15.563433 0.570907
0.379942 15.563916 0.570907
0.364811 15.564398 0.570907
0.349680 15.564881 0.570907
0.144018 20.024222 0.364567
0.136076 20.054514 0.363175
0.128534 20.077456 0.362123
0.121671 20.084375 0.361812
0.114835 20.091267 0.361503
0.108025 20.098133 0.361195
0.101240 20.104973 0.360888
0.094482 20.111787 0.360582
0.087749 20.118574 0.360277
0.081042 20.125337 0.359974
0.074382 20.131153 0.359714
0.067832 20.132917 0.359642
0.061288 20.134679 0.359570
0.054750 20.136440 0.359498
0.048218 20.138199 0.359427
0.041691 20.139957 0.359355
0.035171 20.141713 0.359283
0.028656 20.143467 0.359211
0.022148 20.145220 0.359140
0.015645 20.146972 0.359068
0.009148 20.148722 0.358997
0.002657 20.150470 0.358925
-0.003826 20.150135 0.358950
-0.010312 20.148386 0.359041
-0.016805 20.146633 0.359132
-0.023306 20.144879 0.359223
-0.029814 20.143124 0.359314
-0.036329 20.141365 0.359405
-0.042852 20.139605 0.359496
-0.049383 20.137843 0.359587
-0.055920 20.136079 0.359679
-0.062466 20.134313 0.359770
-0.069019 20.132544 0.359862
-0.075581 20.130703 0.359957
-0.082255 20.123970 0.360279
-0.088957 20.117214 0.360602
-0.095686 20.110430 0.360926
-0.102442 20.103619 0.361252
-0.109225 20.096780 0.361579
-0.116036 20.089914 0.361907
-0.122874 20.083019 0.362237
-0.129741 20.076097 0.362568
-0.137371 20.049070 0.363831
-0.145218 20.019100 0.365232
-0.331232 15.586614 0.570907
-0.346364 15.587097 0.570907
-0.361495 15.587580 0.570907
-0.376626 15.588063 0.570907
-0.391758 15.588546 0.570907
-0.406889 15.589028 0.570907
-0.422020 15.589511 0.570907
-0.437152 15.589994 0.570907
-0.452283 15.590477 0.570907
-0.467415 15.590960 0.570907
-0.482546 15.591443 0.570907
-0.497677 15.591926 0.570907
-0.512809 15.592409 0.570907
-0.527940 15.592892 0.570907
-0.543071 15.593375 0.570907
-0.558203 15.593858 0.570907
-0.573334 15.594341 0.570907
0.637176 15.555706 0.555768
0.622044 15.556188 0.555768
0.606913 15.556671 0.555768
0.591782 15.557154 0.555768
0.576650 15.557637 0.555768
0.561519 15.558120 0.555768
0.546388 15.558603 0.555768
0.531256 15.559086 0.555768
0.516125 15.559569 0.555768
0.500993 15.560052 0.555768
0.485862 15.560535 0.555768
0.470731 15.561018 0.555768
0.455599 15.561501 0.555768
0.440468 15.561984 0.555768
0.425337 15.562467 0.555768
0.410205 15.562950 0.555768
0.395074 15.563433 0.555768
0.379942 15.563916 0.555768
0.364811 15.564398 0.555768
0.349680 15.564881 0.555768
0.143850 20.028161 0.357675
0.135918 20.058387 0.356342
0.128486 20.078678 0.355451
0.121626 20.085592 0.355153
0.114792 20.092479 0.354857
0.107984 20.099341 0.354562
0.101203 20.106176 0.354268
0.094447 20.112985 0.353974
0.087716 20.119768 0.353683
0.081011 20.126526 0.353392
0.074361 20.132003 0.353158
0.067813 20.133766 0.353089
0.061271 20.135527 0.353020
0.054734 20.137288 0.352951
0.048204 20.139046 0.352882
0.041679 20.140803 0.352813
0.035160 20.142558 0.352744
0.028648 20.144312 0.352675
0.022140 20.146064 0.352607
0.015639 20.147814 0.352538
0.009144 20.149563 0.352470
0.002654 20.151311 0.352401
-0.003827 20.150976 0.352425
-0.010311 20.149227 0.352512
-0.016803 20.147475 0.352599
-0.023302 20.145723 0.352686
-0.029808 20.143967 0.352774
-0.036322 20.142210 0.352861
-0.042844 20.140451 0.352948
-0.049372 20.138690 0.353036
-0.055909 20.136926 0.353124
-0.062452 20.135161 0.353211
-0.069004 20.133394 0.353299
-0.075563 20.131625 0.353387
-0.082230 20.125156 0.353684
-0.088929 20.118404 0.353994
-0.095655 20.111625 0.354305
-0.102409 20.104819 0.354617
-0.109190 20.097985 0.354930
-0.115998 20.091124 0.355245
-0.122834 20.084234 0.355561
-0.129698 20.077316 0.355878
-0.137231 20.052891 0.356974
-0.145069 20.022986 0.358315
-0.331232 15.586614 0.555768
-0.346364 15.587097 0.555768
-0.361495 15.587580 0.555768
-0.376626 15.588063 0.555768
-0.391758 15.588546 0.555768
-0.406889 15.589028 0.555768
-0.422020 15.589511 0.555768
-0.437152 15.589994 0.555768
-0.452283 15.590477 0.555768
-0.467415 15.590960 0.555768
-0.482546 15.591443 0.555768
-0.497677 15.591926 0.555768
-0.512809 15.592409 0.555768
-0.527940 15.592892 0.555768
-0.543071 15.593375 0.555768
-0.558203 15.593858 0.555768
-0.573334 15.594341 0.555768
0.637176 15.555706 0.540629
0.622044 15.556188 0.540629
0.606913 15.556671 0.540629
0.591782 15.557154 0.540629
0.576650 15.557637 0.540629
0.561519 15.558120 0.540629
0.546388 15.558603 0.540629
0.531256 15.559086 0.540629
0.516125 15.559569 0.540629
0.500993 15.560052 0.540629
0.485862 15.560535 0.540629
0.470731 15.561018 0.540629
0.455599 15.561501 0.540629
0.440468 15.561984 0.540629
0.425337 15.562467 0.540629
0.410205 15.562950 0.540629
0.395074 15.563433 0.540629
0.379942 15.563916 0.540629
0.364811 15.564398 0.540629
0.151740 20.001407 0.352093
0.143682 20.032092 0.350798
0.135760 20.062251 0.349525
0.128439 20.079899 0.348784
0.121581 20.086808 0.348500
0.114750 20.093691 0.348216
0.107944 20.100547 0.347933
0.101165 20.107378 0.347652
0.094411 20.114182 0.347371
0.087683 20.120961 0.347092
0.080980 20.127714 0.346814
0.074341 20.132852 0.346604
0.067794 20.134615 0.346538
0.061254 20.136376 0.346472
0.054719 20.138135 0.346406
0.048190 20.139892 0.346340
0.041667 20.141648 0.346274
0.035150 20.143403 0.346208
0.028639 20.145156 0.346143
0.022133 20.146907 0.346077
0.015633 20.148657 0.346011
0.009140 20.150405 0.345946
0.002652 20.152152 0.345880
-0.003828 20.151816 0.345903
-0.010310 20.150068 0.345987
-0.016801 20.148317 0.346070
-0.023298 20.146565 0.346153
-0.029803 20.144811 0.346237
-0.036315 20.143055 0.346320
-0.042835 20.141296 0.346404
-0.049362 20.139536 0.346488
-0.055897 20.137774 0.346572
-0.062439 20.136009 0.346656
-0.068989 20.134243 0.346740
-0.075546 20.132475 0.346824
-0.082204 20.126341 0.347094
-0.088901 20.119594 0.347390
-0.095625 20.112820 0.347688
-0.102376 20.106019 0.347986
-0.109155 20.099189 0.348286
-0.115961 20.092332 0.348587
-0.122795 20.085448 0.348889
-0.129656 20.078535 0.349193
-0.137091 20.056704 0.350132
-0.144919 20.026865 0.351413
-0.331232 15.586614 0.540629
-0.346364 15.587097 0.540629
-0.361495 15.587580 0.540629
-0.376626 15.588063 0.540629
-0.391758 15.588546 0.540629
-0.406889 15.589028 0.540629
-0.422020 15.589511 0.540629
-0.437152 15.589994 0.540629
-0.452283 15.590477 0.540629
-0.467415 15.590960 0.540629
-0.482546 15.591443 0.540629
-0.497677 15.591926 0.540629
-0.512809 15.592409 0.540629
-0.527940 15.592892 0.540629
-0.543071 15.593375 0.540629
-0.558203 15.593858 0.540629
-0.573334 15.594341 0.540629
0.637176 15.555706 0.525490
0.622044 15.556188 0.525490
0.606913 15.556671 0.525490
0.591782 15.557154 0.525490
0.576650 15.557637 0.525490
0.561519 15.558120 0.525490
0.546388 15.558603 0.525490
0.531256 15.559086 0.525490
0.516125 15.559569 0.525490
0.500993 15.560052 0.525490
0.485862 15.560535 0.525490
0.470731 15.561018 0.525490
0.455599 15.561501 0.525490
0.440468 15.561984 0.525490
0.425337 15.562467 0.525490
0.410205 15.562950 0.525490
0.395074 15.563433 0.525490
0.379942 15.563916 0.525490
0.364811 15.564398 0.525490
0.151562 20.005405 0.345171
0.143514 20.036014 0.343937
0.135603 20.066107 0.342723
0.128391 20.081119 0.342122
0.121536 20.088024 0.341850
0.114707 20.094902 0.341579
0.107904 20.101753 0.341310
0.101127 20.108579 0.341041
0.094376 20.115379 0.340773
0.087650 20.122153 0.340506
0.080950 20.128901 0.340241
0.074321 20.133702 0.340054
0.067776 20.135463 0.339991
0.061237 20.137223 0.339928
0.054704 20.138981 0.339865
0.048176 20.140738 0.339802
0.041655 20.142494 0.339739
0.035139 20.144247 0.339676
0.028630 20.145999 0.339613
0.022126 20.147750 0.339550
0.015628 20.149499 0.339488
0.009136 20.151246 0.339425
0.002649 20.152992 0.339362
-0.003829 20.152655 0.339385
-0.010310 20.150908 0.339464
-0.016798 20.149159 0.339544
-0.023294 20.147407 0.339623
-0.029797 20.145654 0.339703
-0.036308 20.143899 0.339783
-0.042826 20.142141 0.339863
-0.049352 20.140382 0.339943
-0.055885 20.138620 0.340023
-0.062426 20.136857 0.340103
-0.068974 20.135092 0.340183
-0.075529 20.133324 0.340264
-0.082179 20.127525 0.340508
-0.088874 20.120783 0.340791
-0.095595 20.114014 0.341075
-0.102344 20.107217 0.341360
-0.109120 20.100392 0.341647
-0.115923 20.093540 0.341934
-0.122755 20.086661 0.342223
-0.129614 20.079753 0.342512
-0.136952 20.060509 0.343305
-0.144770 20.030734 0.344525
-0.152722 20.000448 0.345767
-0.346364 15.587097 0.525490
-0.361495 15.587580 0.525490
-0.376626 15.588063 0.525490
-0.391758 15.588546 0.525490
-0.406889 15.589028 0.525490
-0.422020 15.589511 0.525490
-0.437152 15.589994 0.525490
-0.452283 15.590477 0.525490
-0.467415 15.590960 0.525490
-0.482546 15.591443 0.525490
-0.497677 15.591926 0.525490
-0.512809 15.592409 0.525490
-0.527940 15.592892 0.525490
-0.543071 15.593375 0.525490
-0.558203 15.593858 0.525490
-0.573334 15.594341 0.525490
0.637176 15.555706 0.510351
0.622044 15.556188 0.510351
0.606913 15.556671 0.510351
0.591782 15.557154 0.510351
0.576650 15.557637 0.510351
0.561519 15.558120 0.510351
0.546388 15.558603 0.510351
0.531256 15.559086 0.510351
0.516125 15.559569 0.510351
0.500993 15.560052 0.510351
0.485862 15.560535 0.510351
0.470731 15.561018 0.510351
0.455599 15.561501 0.510351
0.440468 15.561984 0.510351
0.425337 15.562467 0.510351
0.410205 15.562950 0.510351
0.395074 15.563433 0.510351
0.379942 15.563916 0.510351
0.364811 15.564398 0.510351
0.151384 20.009386 0.338265
0.143347 20.039928 0.337090
0.135445 20.069955 0.335936
0.128344 20.082338 0.335464
0.121491 20.089238 0.335205
0.114664 20.096111 0.334947
0.107864 20.102958 0.334690
0.101089 20.109779 0.334434
0.094341 20.116575 0.334179
0.087617 20.123344 0.333925
0.080919 20.130088 0.333672
0.074300 20.134551 0.333507
0.067757 20.136311 0.333447
0.061220 20.138070 0.333387
0.054688 20.139828 0.333327
0.048162 20.141584 0.333267
0.041643 20.143338 0.333207
0.035129 20.145091 0.333147
0.028621 20.146842 0.333087
0.022118 20.148592 0.333027
0.015622 20.150340 0.332967
0.009131 20.152087 0.332908
0.002647 20.153832 0.332848
-0.003830 20.153494 0.332869
-0.010309 20.151748 0.332945
-0.016796 20.150000 0.333021
-0.023290 20.148249 0.333097
-0.029792 20.146497 0.333172
-0.036301 20.144742 0.333249
-0.042818 20.142986 0.333325
-0.049342 20.141227 0.333401
-0.055873 20.139467 0.333477
-0.062412 20.137704 0.333554
-0.068959 20.135940 0.333630
-0.075513 20.134173 0.333707
-0.082154 20.128709 0.333927
-0.088846 20.121971 0.334197
-0.095565 20.115207 0.334467
-0.102311 20.108415 0.334739
-0.109085 20.101595 0.335012
-0.115886 20.094748 0.335286
-0.122715 20.087873 0.335561
-0.129571 20.080970 0.335837
-0.136813 20.064305 0.336492
-0.144621 20.034595 0.337653
-0.152563 20.004375 0.338835
-0.346364 15.587097 0.510351
-0.361495 15.587580 0.510351
-0.376626 15.588063 0.510351
-0.391758 15.588546 0.510351
-0.406889 15.589028 0.510351
-0.422020 15.589511 0.510351
-0.437152 15.589994 0.510351
-0.452283 15.590477 0.510351
-0.467415 15.590960 0.510351
-0.482546 15.591443 0.510351
-0.497677 15.591926 0.510351
-0.512809 15.592409 0.510351
-0.527940 15.592892 0.510351
-0.543071 15.593375 0.510351
-0.558203 15.593858 0.510351
-0.573334 15.594341 0.510351
0.637176 15.555706 0.495212
0.622044 15.556188 0.495212
0.606913 15.556671 0.495212
0.591782 15.557154 0.495212
0.576650 15.557637 0.495212
0.561519 15.558120 0.495212
0.546388 15.558603 0.495212
0.531256 15.559086 0.495212
0.516125 15.559569 0.495212
0.500993 15.560052 0.495212
0.485862 15.560535 0.495212
0.470731 15.561018 0.495212
0.455599 15.561501 0.495212
0.440468 15.561984 0.495212
0.425337 15.562467 0.495212
0.410205 15.562950 0.495212
0.395074 15.563433 0.495212
0.379942 15.563916 0.495212
0.364811 15.564398 0.495212
0.151207 20.013359 0.331374
0.143180 20.043833 0.330259
0.135289 20.073794 0.329163
0.128296 20.083557 0.328812
0.121446 20.090452 0.328565
0.114622 20.097320 0.328320
0.107824 20.104163 0.328076
0.101052 20.110979 0.327832
0.094305 20.117770 0.327590
0.087584 20.124535 0.327348
0.080889 20.131274 0.327107
0.074280 20.135399 0.326963
0.067738 20.137159 0.326906
0.061203 20.138917 0.326849
0.054673 20.140674 0.326792
0.048149 20.142429 0.326735
0.041630 20.144183 0.326678
0.035118 20.145935 0.326621
0.028612 20.147685 0.326564
0.022111 20.149434 0.326507
0.015616 20.151182 0.326450
0.009127 20.152927 0.326393
0.002644 20.154671 0.326337
-0.003831 20.154333 0.326357
-0.010309 20.152588 0.326429
-0.016794 20.150840 0.326501
-0.023287 20.149091 0.326573
-0.029787 20.147339 0.326645
-0.036294 20.145586 0.326718
-0.042809 20.143830 0.326790
-0.049332 20.142072 0.326862
-0.055861 20.140313 0.326935
-0.062399 20.138551 0.327008
-0.068944 20.136788 0.327080
-0.075496 20.135022 0.327153
-0.082128 20.129891 0.327350
-0.088818 20.123159 0.327607
-0.095535 20.116399 0.327864
-0.102279 20.109611 0.328122
-0.109050 20.102797 0.328381
-0.115849 20.095954 0.328642
-0.122675 20.089084 0.328903
-0.129529 20.082186 0.329166
-0.136674 20.068094 0.329694
-0.144473 20.038448 0.330796
-0.152405 20.008294 0.331918
-0.346364 15.587097 0.495212
-0.361495 15.587580 0.495212
-0.376626 15.588063 0.495212
-0.391758 15.588546 0.495212
-0.406889 15.589028 0.495212
-0.422020 15.589511 0.495212
-0.437152 15.589994 0.495212
-0.452283 15.590477 0.495212
-0.467415 15.590960 0.495212
-0.482546 15.591443 0.495212
-0.497677 15.591926 0.495212
-0.512809 15.592409 0.495212
-0.527940 15.592892 0.495212
-0.543071 15.593375 0.495212
-0.558203 15.593858 0.495212
-0.573334 15.594341 0.495212
0.637176 15.555706 0.480073
0.622044 15.556188 0.480073
0.606913 15.556671 0.480073
0.591782 15.557154 0.480073
0.576650 15.557637 0.480073
0.561519 15.558120 0.480073
0.546388 15.558603 0.480073
0.531256 15.559086 0.480073
0.516125 15.559569 0.480073
0.500993 15.560052 0.480073
0.485862 15.560535 0.480073
0.470731 15.561018 0.480073
0.455599 15.561501 0.480073
0.440468 15.561984 0.480073
0.425337 15.562467 0.480073
0.410205 15.562950 0.480073
0.395074 15.563433 0.480073
0.379942 15.563916 0.480073
0.364811 15.564398 0.480073
0.151030 20.017322 0.324498
0.143014 20.047729 0.323443
0.135132 20.077625 0.322406
0.128249 20.084774 0.322163
0.121401 20.091664 0.321930
0.114579 20.098528 0.321697
0.107784 20.105366 0.321466
0.101014 20.112178 0.321235
0.094270 20.118964 0.321005
0.087551 20.125724 0.320776
0.080858 20.132459 0.320548
0.074260 20.136247 0.320423
0.067720 20.138006 0.320368
0.061186 20.139764 0.320314
0.054657 20.141519 0.320260
0.048135 20.143274 0.320206
0.041618 20.145027 0.320152
0.035108 20.146778 0.320098
0.028603 20.148528 0.320044
0.022104 20.150276 0.319990
0.015610 20.152022 0.319936
0.009123 20.153767 0.319882
0.002641 20.155511 0.319828
-0.003832 20.155171 0.319848
-0.010308 20.153427 0.319916
-0.016792 20.151680 0.319984
-0.023283 20.149932 0.320053
-0.029781 20.148181 0.320121
-0.036287 20.146428 0.320190
-0.042801 20.144673 0.320258
-0.049321 20.142917 0.320327
-0.055850 20.141158 0.320396
-0.062385 20.139398 0.320465
-0.068929 20.137635 0.320534
-0.075479 20.135870 0.320603
-0.082103 20.131073 0.320778
-0.088790 20.124345 0.321021
-0.095505 20.117590 0.321265
-0.102246 20.110807 0.321510
-0.109015 20.103997 0.321756
-0.115811 20.097160 0.322002
-0.122635 20.090294 0.322250
-0.129487 20.083401 0.322499
-0.136535 20.071874 0.322910
-0.144324 20.042293 0.323954
-0.152247 20.012205 0.325016
-0.346364 15.587097 0.480073
-0.361495 15.587580 0.480073
-0.376626 15.588063 0.480073
-0.391758 15.588546 0.480073
-0.406889 15.589028 0.480073
-0.422020 15.589511 0.480073
-0.437152 15.589994 0.480073
-0.452283 15.590477 0.480073
-0.467415 15.590960 0.480073
-0.482546 15.591443 0.480073
-0.497677 15.591926 0.480073
-0.512809 15.592409 0.480073
-0.527940 15.592892 0.480073
-0.543071 15.593375 0.480073
-0.558203 15.593858 0.480073
-0.573334 15.594341 0.480073
0.637176 15.555706 0.464934
0.622044 15.556188 0.464934
0.606913 15.556671 0.464934
0.591782 15.557154 0.464934
0.576650 15.557637 0.464934
0.561519 15.558120 0.464934
0.546388 15.558603 0.464934
0.531256 15.559086 0.464934
0.516125 15.559569 0.464934
0.500993 15.560052 0.464934
0.485862 15.560535 0.464934
0.470731 15.561018 0.464934
0.455599 15.561501 0.464934
0.440468 15.561984 0.464934
0.425337 15.562467 0.464934
0.410205 15.562950 0.464934
0.395074 15.563433 0.464934
0.379942 15.563916 0.464934
0.364811 15.564398 0.464934
0.150854 20.021277 0.317638
0.142848 20.051617 0.316642
0.135073 20.079079 0.315741
0.128201 20.085991 0.315520
0.121356 20.092876 0.315299
0.114537 20.099735 0.315079
0.107744 20.106569 0.314860
0.100976 20.113376 0.314642
0.094235 20.120157 0.314425
0.087519 20.126913 0.314208
0.080828 20.133643 0.313992
0.074240 20.137094 0.313885
0.067701 20.138853 0.313834
0.061169 20.140609 0.313783
0.054642 20.142364 0.313731
0.048121 20.144118 0.313680
0.041606 20.145870 0.313629
0.035097 20.147621 0.313578
0.028594 20.149369 0.313527
0.022096 20.151117 0.313476
0.015605 20.152862 0.313425
0.009119 20.154607 0.313374
0.002639 20.156349 0.313323
-0.003833 20.156009 0.313342
-0.010308 20.154265 0.313406
-0.016790 20.152520 0.313471
-0.023279 20.150772 0.313535
-0.029776 20.149022 0.313600
-0.036280 20.147271 0.313665
-0.042792 20.145517 0.313730
-0.049311 20.143761 0.313795
-0.055838 20.142004 0.313860
-0.062372 20.140244 0.313925
-0.068914 20.138482 0.313990
-0.075463 20.136718 0.314056
-0.082077 20.132254 0.314211
-0.088762 20.125531 0.314440
-0.095475 20.118780 0.314671
-0.102214 20.112002 0.314902
-0.108980 20.105197 0.315134
-0.115774 20.098365 0.315368
-0.122596 20.091504 0.315602
-0.129445 20.084616 0.315837
-0.136397 20.075647 0.316142
-0.144176 20.046129 0.317127
-0.152089 20.016107 0.318129
-0.346364 15.587097 0.464934
-0.361495 15.587580 0.464934
-0.376626 15.588063 0.464934
-0.391758 15.588546 0.464934
-0.406889 15.589028 0.464934
-0.422020 15.589511 0.464934
-0.437152 15.589994 0.464934
-0.452283 15.590477 0.464934
-0.467415 15.590960 0.464934
-0.482546 15.591443 0.464934
-0.497677 15.591926 0.464934
-0.512809 15.592409 0.464934
-0.527940 15.592892 0.464934
-0.543071 15.593375 0.464934
-0.558203 15.593858 0.464934
-0.573334 15.594341 0.464934
0.637176 15.555706 0.449795
0.622044 15.556188 0.449795
0.606913 15.556671 0.449795
0.591782 15.557154 0.449795
0.576650 15.557637 0.449795
0.561519 15.558120 0.449795
0.546388 15.558603 0.449795
0.531256 15.559086 0.449795
0.516125 15.559569 0.449795
0.500993 15.560052 0.449795
0.485862 15.560535 0.449795
0.470731 15.561018 0.449795
0.455599 15.561501 0.449795
0.440468 15.561984 0.449795
0.425337 15.562467 0.449795
0.410205 15.562950 0.449795
0.395074 15.563433 0.449795
0.379942 15.563916 0.449795
0.364811 15.564398 0.449795
0.150678 20.025223 0.310793
0.142682 20.055496 0.309856
0.135023 20.080299 0.309089
0.128154 20.087207 0.308881
0.121311 20.094087 0.308673
0.114495 20.100942 0.308466
0.107704 20.107771 0.308259
0.100939 20.114573 0.308054
0.094200 20.121350 0.307849
0.087486 20.128101 0.307645
0.080797 20.134826 0.307442
0.074220 20.137942 0.307351
0.067683 20.139699 0.307303
0.061152 20.141455 0.307254
0.054627 20.143209 0.307206
0.048107 20.144962 0.307158
0.041594 20.146713 0.307110
0.035086 20.148463 0.307062
0.028585 20.150211 0.307014
0.022089 20.151957 0.306966
0.015599 20.153702 0.306918
0.009115 20.155446 0.306870
0.002636 20.157188 0.306822
-0.003834 20.156847 0.306839
-0.010307 20.155104 0.306900
-0.016788 20.153359 0.306960
-0.023275 20.151612 0.307021
-0.029771 20.149864 0.307083
-0.036273 20.148113 0.307144
-0.042784 20.146360 0.307205
-0.049301 20.144605 0.307266
-0.055826 20.142848 0.307327
-0.062359 20.141089 0.307389
-0.068899 20.139328 0.307450
-0.075446 20.137566 0.307512
-0.082052 20.133435 0.307647
-0.088735 20.126716 0.307864
-0.095444 20.119970 0.308081
-0.102181 20.113197 0.308299
-0.108945 20.106396 0.308518
-0.115737 20.099568 0.308738
-0.122556 20.092713 0.308959
-0.129403 20.085829 0.309180
-0.136277 20.078917 0.309403
-0.144029 20.049957 0.310314
-0.151931 20.020000 0.311257
-0.346364 15.587097 0.449795
-0.361495 15.587580 0.449795
-0.376626 15.588063 0.449795
-0.391758 15.588546 0.449795
-0.406889 15.589028 0.449795
-0.422020 15.589511 0.449795
-0.437152 15.589994 0.449795
-0.452283 15.590477 0.449795
-0.467415 15.590960 0.449795
-0.482546 15.591443 0.449795
-0.497677 15.591926 0.449795
-0.512809 15.592409 0.449795
-0.527940 15.592892 0.449795
-0.543071 15.593375 0.449795
-0.558203 15.593858 0.449795
-0.573334 15.594341 0.449795
0.637176 15.555706 0.434656
0.622044 15.556188 0.434656
0.606913 15.556671 0.434656
0.591782 15.557154 0.434656
0.576650 15.557637 0.434656
0.561519 15.558120 0.434656
0.546388 15.558603 0.434656
0.531256 15.559086 0.434656
0.516125 15.559569 0.434656
0.500993 15.560052 0.434656
0.485862 15.560535 0.434656
0.470731 15.561018 0.434656
0.455599 15.561501 0.434656
0.440468 15.561984 0.434656
0.425337 15.562467 0.434656
0.410205 15.562950 0.434656
0.395074 15.563433 0.434656
0.379942 15.563916 0.434656
0.364811 15.564398 0.434656
0.150502 20.029160 0.303963
0.142517 20.059366 0.303085
0.134973 20.081519 0.302442
0.128107 20.088421 0.302246
0.121266 20.095298 0.302051
0.114452 20.102147 0.301857
0.107664 20.108971 0.301663
0.100901 20.115769 0.301470
0.094164 20.122541 0.301278
0.087453 20.129288 0.301086
0.080767 20.136009 0.300895
0.074199 20.138788 0.300820
0.067664 20.140545 0.300775
0.061135 20.142300 0.300729
0.054611 20.144054 0.300684
0.048094 20.145806 0.300639
0.041582 20.147556 0.300594
0.035076 20.149305 0.300548
0.028576 20.151052 0.300503
0.022081 20.152798 0.300458
0.015593 20.154542 0.300413
0.009110 20.156284 0.300368
0.002634 20.158025 0.300323
-0.003835 20.157684 0.300339
-0.010306 20.155942 0.300396
-0.016785 20.154198 0.300453
-0.023272 20.152452 0.300511
-0.029765 20.150704 0.300568
-0.036266 20.148954 0.300625
-0.042775 20.147202 0.300683
-0.049291 20.145449 0.300740
-0.055814 20.143693 0.300798
-0.062345 20.141935 0.300856
-0.068884 20.140175 0.300913
-0.075429 20.138413 0.300971
-0.082027 20.134614 0.301089
-0.088707 20.127900 0.301292
-0.095414 20.121159 0.301496
-0.102149 20.114391 0.301700
-0.108910 20.107595 0.301906
-0.115700 20.100772 0.302112
-0.122516 20.093920 0.302320
-0.129360 20.087042 0.302528
-0.136233 20.080135 0.302737
-0.143882 20.053776 0.303516
-0.151774 20.023885 0.304400
-0.346364 15.587097 0.434656
-0.361495 15.587580 0.434656
-0.376626 15.588063 0.434656
-0.391758 15.588546 0.434656
-0.406889 15.589028 0.434656
-0.422020 15.589511 0.434656
-0.437152 15.589994 0.434656
-0.452283 15.590477 0.434656
-0.467415 15.590960 0.434656
-0.482546 15.591443 0.434656
-0.497677 15.591926 0.434656
-0.512809 15.592409 0.434656
-0.527940 15.592892 0.434656
-0.543071 15.593375 0.434656
-0.558203 15.593858 0.434656
-0.573334 15.594341 0.434656
0.637176 15.555706 0.419517
0.622044 15.556188 0.419517
0.606913 15.556671 0.419517
0.591782 15.557154 0.419517
0.576650 15.557637 0.419517
0.561519 15.558120 0.419517
0.546388 15.558603 0.419517
0.531256 15.559086 0.419517
0.516125 15.559569 0.419517
0.500993 15.560052 0.419517
0.485862 15.560535 0.419517
0.470731 15.561018 0.419517
0.455599 15.561501 0.419517
0.440468 15.561984 0.419517
0.425337 15.562467 0.419517
0.410205 15.562950 0.419517
0.395074 15.563433 0.419517
0.379942 15.563916 0.419517
0.158439 20.002427 0.297982
0.150327 20.033088 0.297148
0.142352 20.063228 0.296328
0.134923 20.082738 0.295800
0.128059 20.089636 0.295616
0.121221 20.096507 0.295434
0.114410 20.103352 0.295252
0.107624 20.110171 0.295071
0.100864 20.116965 0.294891
0.094129 20.123732 0.294711
0.087420 20.130474 0.294532
0.080736 20.137191 0.294354
0.074179 20.139635 0.294292
0.067645 20.141391 0.294250
0.061118 20.143145 0.294208
0.054596 20.144898 0.294165
0.048080 20.146649 0.294123
0.041570 20.148398 0.294081
0.035065 20.150146 0.294038
0.028567 20.151893 0.293996
0.022074 20.153638 0.293954
0.015587 20.155381 0.293912
0.009106 20.157123 0.293870
0.002631 20.158863 0.293828
-0.003836 20.158520 0.293843
-0.010306 20.156779 0.293896
-0.016783 20.155037 0.293950
-0.023268 20.153292 0.294003
-0.029760 20.151544 0.294057
-0.036260 20.149795 0.294110
-0.042766 20.148044 0.294164
-0.049281 20.146291 0.294218
-0.055803 20.144536 0.294272
-0.062332 20.142780 0.294326
-0.068869 20.141020 0.294380
-0.075413 20.139259 0.294434
-0.082001 20.135793 0.294534
-0.088679 20.129083 0.294724
-0.095384 20.122347 0.294915
-0.102116 20.115583 0.295106
-0.108876 20.108792 0.295298
-0.115662 20.101974 0.295491
-0.122476 20.095128 0.295685
-0.129318 20.088254 0.295880
-0.136188 20.081352 0.296075
-0.143735 20.057588 0.296733
-0.151617 20.027761 0.297558
-0.346364 15.587097 0.419517
-0.361495 15.587580 0.419517
-0.376626 15.588063 0.419517
-0.391758 15.588546 0.419517
-0.406889 15.589028 0.419517
-0.422020 15.589511 0.419517
-0.437152 15.589994 0.419517
-0.452283 15.590477 0.419517
-0.467415 15.590960 0.419517
-0.482546 15.591443 0.419517
-0.497677 15.591926 0.419517
-0.512809 15.592409 0.419517
-0.527940 15.592892 0.419517
-0.543071 15.593375 0.419517
-0.558203 15.593858 0.419517
-0.573334 15.594341 0.419517
0.637176 15.555706 0.404378
0.622044 15.556188 0.404378
0.606913 15.556671 0.404378
0.591782 15.557154 0.404378
0.576650 15.557637 0.404378
0.561519 15.558120 0.404378
0.546388 15.558603 0.404378
0.531256 15.559086 0.404378
0.516125 15.559569 0.404378
0.500993 15.560052 0.404378
0.485862 15.560535 0.404378
0.470731 15.561018 0.404378
0.455599 15.561501 0.404378
0.440468 15.561984 0.404378
0.425337 15.562467 0.404378
0.410205 15.562950 0.404378
0.395074 15.563433 0.404378
0.379942 15.563916 0.404378
0.158253 20.006418 0.291123
0.150152 20.037008 0.290348
0.142187 20.067082 0.289587
0.134874 20.083956 0.289162
0.128012 20.090849 0.288991
0.121177 20.097716 0.288822
0.114367 20.104556 0.288652
0.107584 20.111371 0.288484
0.100826 20.118159 0.288316
0.094094 20.124922 0.288149
0.087387 20.131660 0.287982
0.080706 20.138372 0.287816
0.074159 20.140480 0.287768
0.067627 20.142236 0.287728
0.061101 20.143989 0.287689
0.054580 20.145741 0.287650
0.048066 20.147491 0.287610
0.041557 20.149240 0.287571
0.035055 20.150987 0.287531
0.028558 20.152733 0.287492
0.022067 20.154477 0.287453
0.015582 20.156220 0.287414
0.009102 20.157960 0.287375
0.002628 20.159700 0.287335
-0.003837 20.159357 0.287349
-0.010305 20.157617 0.287399
-0.016781 20.155874 0.287449
-0.023264 20.154130 0.287499
-0.029755 20.152384 0.287549
-0.036253 20.150636 0.287599
-0.042758 20.148886 0.287649
-0.049271 20.147134 0.287699
-0.055791 20.145380 0.287749
-0.062319 20.143624 0.287799
-0.068854 20.141866 0.287849
-0.075396 20.140106 0.287899
-0.081976 20.136971 0.287985
-0.088652 20.130266 0.288161
-0.095354 20.123534 0.288339
-0.102084 20.116775 0.288517
-0.108841 20.109989 0.288696
-0.115625 20.103175 0.288875
-0.122437 20.096334 0.289055
-0.129276 20.089465 0.289236
-0.136143 20.082568 0.289418
-0.143588 20.061390 0.289965
-0.151461 20.031629 0.290731
-0.159469 20.001356 0.291511
-0.361495 15.587580 0.404378
-0.376626 15.588063 0.404378
-0.391758 15.588546 0.404378
-0.406889 15.589028 0.404378
-0.422020 15.589511 0.404378
-0.437152 15.589994 0.404378
-0.452283 15.590477 0.404378
-0.467415 15.590960 0.404378
-0.482546 15.591443 0.404378
-0.497677 15.591926 0.404378
-0.512809 15.592409 0.404378
-0.527940 15.592892 0.404378
-0.543071 15.593375 0.404378
-0.558203 15.593858 0.404378
-0.573334 15.594341 0.404378
0.637176 15.555706 0.389238
0.622044 15.556188 0.389238
0.606913 15.556671 0.389238
0.591782 15.557154 0.389238
0.576650 15.557637 0.389238
0.561519 15.558120 0.389238
0.546388 15.558603 0.389238
0.531256 15.559086 0.389238
0.516125 15.559569 0.389238
0.500993 15.560052 0.389238
0.485862 15.560535 0.389238
0.470731 15.561018 0.389238
0.455599 15.561501 0.389238
0.440468 15.561984 0.389238
0.425337 15.562467 0.389238
0.410205 15.562950 0.389238
0.395074 15.563433 0.389238
0.379942 15.563916 0.389238
0.158068 20.010396 0.284279
0.149977 20.040919 0.283563
0.142023 20.070927 0.282860
0.134824 20.085173 0.282528
0.127965 20.092061 0.282371
0.121132 20.098923 0.282214
0.114325 20.105759 0.282057
0.107544 20.112569 0.281901
0.100789 20.119353 0.281746
0.094059 20.126112 0.281591
0.087355 20.132844 0.281437
0.080676 20.139552 0.281284
0.074139 20.141326 0.281247
0.067608 20.143080 0.281210
0.061084 20.144833 0.281174
0.054565 20.146584 0.281137
0.048052 20.148334 0.281101
0.041545 20.150082 0.281064
0.035044 20.151828 0.281028
0.028549 20.153573 0.280991
0.022059 20.155316 0.280955
0.015576 20.157058 0.280919
0.009098 20.158798 0.280883
0.002626 20.160537 0.280846
-0.003838 20.160193 0.280859
-0.010305 20.158453 0.280905
-0.016779 20.156712 0.280951
-0.023260 20.154969 0.280998
-0.029749 20.153224 0.281044
-0.036246 20.151477 0.281090
-0.042749 20.149727 0.281136
-0.049261 20.147976 0.281182
-0.055779 20.146223 0.281229
-0.062305 20.144468 0.281275
-0.068839 20.142710 0.281322
-0.075380 20.140951 0.281368
-0.081951 20.138149 0.281439
-0.088624 20.131447 0.281603
-0.095324 20.124720 0.281767
-0.102052 20.117966 0.281932
-0.108806 20.111184 0.282097
-0.115588 20.104376 0.282263
-0.122397 20.097539 0.282430
-0.129234 20.090675 0.282598
-0.136099 20.083783 0.282766
-0.143442 20.065185 0.283211
-0.151305 20.035488 0.283919
-0.159303 20.005282 0.284639
-0.361495 15.587580 0.389238
-0.376626 15.588063 0.389238
-0.391758 15.588546 0.389238
-0.406889 15.589028 0.389238
-0.422020 15.589511 0.389238
-0.437152 15.589994 0.389238
-0.452283 15.590477 0.389238
-0.467415 15.590960 0.389238
-0.482546 15.591443 0.389238
-0.497677 15.591926 0.389238
-0.512809 15.592409 0.389238
-0.527940 15.592892 0.389238
-0.543071 15.593375 0.389238
-0.558203 15.593858 0.389238
-0.573334 15.594341 0.389238
0.637176 15.555706 0.374099
0.622044 15.556188 0.374099
0.606913 15.556671 0.374099
0.591782 15.557154 0.374099
0.576650 15.557637 0.374099
0.561519 15.558120 0.374099
0.546388 15.558603 0.374099
0.531256 15.559086 0.374099
0.516125 15.559569 0.374099
0.500993 15.560052 0.374099
0.485862 15.560535 0.374099
0.470731 15.561018 0.374099
0.455599 15.561501 0.374099
0.440468 15.561984 0.374099
0.425337 15.562467 0.374099
0.410205 15.562950 0.374099
0.395074 15.563433 0.374099
0.379942 15.563916 0.374099
0.157884 20.014366 0.277450
0.149803 20.044821 0.276793
0.141859 20.074764 0.276148
0.134774 20.086389 0.275900
0.127918 20.093273 0.275755
0.121087 20.100130 0.275610
0.114283 20.106962 0.275466
0.107504 20.113767 0.275323
0.100751 20.120546 0.275180
0.094024 20.127300 0.275038
0.087322 20.134029 0.274896
0.080653 20.140416 0.274762
0.074119 20.142171 0.274728
0.067590 20.143925 0.274695
0.061067 20.145676 0.274661
0.054550 20.147427 0.274628
0.048039 20.149175 0.274594
0.041533 20.150923 0.274561
0.035034 20.152668 0.274527
0.028540 20.154412 0.274494
0.022052 20.156155 0.274460
0.015570 20.157895 0.274427
0.009094 20.159635 0.274394
0.002623 20.161373 0.274360
-0.003839 20.161028 0.274372
-0.010304 20.159290 0.274415
-0.016777 20.157549 0.274457
-0.023257 20.155807 0.274499
-0.029744 20.154063 0.274542
-0.036239 20.152317 0.274584
-0.042741 20.150568 0.274627
-0.049250 20.148818 0.274670
-0.055767 20.147066 0.274712
-0.062292 20.145311 0.274755
-0.068824 20.143555 0.274798
-0.075363 20.141797 0.274840
-0.081925 20.139325 0.274899
-0.088596 20.132628 0.275049
-0.095294 20.125906 0.275200
-0.102019 20.119156 0.275351
-0.108771 20.112380 0.275503
-0.115551 20.105575 0.275656
-0.122358 20.098744 0.275809
-0.129192 20.091884 0.275963
-0.136054 20.084997 0.276118
-0.143296 20.068972 0.276472
-0.151149 20.039339 0.277122
-0.159137 20.009199 0.277783
-0.361495 15.587580 0.374099
-0.376626 15.588063 0.374099
-0.391758 15.588546 0.374099
-0.406889 15.589028 0.374099
-0.422020 15.589511 0.374099
-0.437152 15.589994 0.374099
-0.452283 15.590477 0.374099
-0.467415 15.590960 0.374099
-0.482546 15.591443 0.374099
-0.497677 15.591926 0.374099
-0.512809 15.592409 0.374099
-0.527940 15.592892 0.374099
-0.543071 15.593375 0.374099
-0.558203 15.593858 0.374099
-0.573334 15.594341 0.374099
0.637176 15.555706 0.358960
0.622044 15.556188 0.358960
0.606913 15.556671 0.358960
0.591782 15.557154 0.358960
0.576650 15.557637 0.358960
0.561519 15.558120 0.358960
0.546388 15.558603 0.358960
0.531256 15.559086 0.358960
0.516125 15.559569 0.358960
0.500993 15.560052 0.358960
0.485862 15.560535 0.358960
0.470731 15.561018 0.358960
0.455599 15.561501 0.358960
0.440468 15.561984 0.358960
0.425337 15.562467 0.358960
0.410205 15.562950 0.358960
0.395074 15.563433 0.358960
0.379942 15.563916 0.358960
0.157700 20.018327 0.270637
0.149630 20.048715 0.270039
0.141695 20.078593 0.269450
0.134725 20.087605 0.269276
0.127870 20.094484 0.269143
0.121042 20.101336 0.269012
0.114240 20.108163 0.268880
0.107464 20.114963 0.268750
0.100714 20.121739 0.268619
0.093989 20.128488 0.268490
0.087289 20.135211 0.268360
0.080631 20.141262 0.268244
0.074098 20.143016 0.268214
0.067571 20.144768 0.268183
0.061050 20.146519 0.268152
0.054534 20.148269 0.268122
0.048025 20.150017 0.268091
0.041521 20.151763 0.268061
0.035023 20.153508 0.268030
0.028531 20.155251 0.267999
0.022045 20.156993 0.267969
0.015564 20.158733 0.267939
0.009090 20.160472 0.267908
0.002621 20.162208 0.267878
-0.003840 20.161863 0.267889
-0.010304 20.160126 0.267927
-0.016775 20.158386 0.267966
-0.023253 20.156645 0.268005
-0.029739 20.154901 0.268043
-0.036232 20.153156 0.268082
-0.042732 20.151409 0.268121
-0.049240 20.149659 0.268160
-0.055756 20.147908 0.268199
-0.062279 20.146154 0.268238
-0.068809 20.144399 0.268277
-0.075347 20.142642 0.268316
-0.081900 20.140501 0.268362
-0.088569 20.133808 0.268500
-0.095264 20.127090 0.268637
-0.101987 20.120346 0.268775
-0.108737 20.113574 0.268914
-0.115514 20.106774 0.269054
-0.122318 20.099948 0.269193
-0.129150 20.093093 0.269334
-0.136010 20.086211 0.269475
-0.143150 20.072750 0.269747
-0.150994 20.043182 0.270339
-0.158972 20.013108 0.270941
-0.361495 15.587580 0.358960
-0.376626 15.588063 0.358960
-0.391758 15.588546 0.358960
-0.406889 15.589028 0.358960
-0.422020 15.589511 0.358960
-0.437152 15.589994 0.358960
-0.452283 15.590477 0.358960
-0.467415 15.590960 0.358960
-0.482546 15.591443 0.358960
-0.497677 15.591926 0.358960
-0.512809 15.592409 0.358960
-0.527940 15.592892 0.358960
-0.543071 15.593375 0.358960
-0.558203 15.593858 0.358960
-0.573334 15.594341 0.358960
0.637176 15.555706 0.343821
0.622044 15.556188 0.343821
0.606913 15.556671 0.343821
0.591782 15.557154 0.343821
0.576650 15.557637 0.343821
0.561519 15.558120 0.343821
0.546388 15.558603 0.343821
0.531256 15.559086 0.343821
0.516125 15.559569 0.343821
0.500993 15.560052 0.343821
0.485862 15.560535 0.343821
0.470731 15.561018 0.343821
0.455599 15.561501 0.343821
0.440468 15.561984 0.343821
0.425337 15.562467 0.343821
0.410205 15.562950 0.343821
0.395074 15.563433 0.343821
0.379942 15.563916 0.343821
0.157516 20.022279 0.263839
0.149456 20.052600 0.263298
0.141553 20.081919 0.262776
0.134675 20.088819 0.262656
0.127823 20.095693 0.262537
0.120998 20.102542 0.262417
0.114198 20.109363 0.262299
0.107424 20.116159 0.262181
0.100676 20.122930 0.262063
0.093954 20.129674 0.261945
0.087256 20.136394 0.261828
0.080610 20.142107 0.261730
0.074078 20.143860 0.261702
0.067553 20.145612 0.261674
0.061033 20.147362 0.261646
0.054519 20.149111 0.261619
0.048011 20.150858 0.261591
0.041509 20.152604 0.261563
0.035013 20.154348 0.261536
0.028522 20.156090 0.261508
0.022037 20.157831 0.261481
0.015559 20.159570 0.261453
0.009085 20.161308 0.261426
0.002618 20.163044 0.261398
-0.003841 20.162698 0.261408
-0.010303 20.160961 0.261443
-0.016772 20.159222 0.261478
-0.023249 20.157482 0.261513
-0.029733 20.155739 0.261548
-0.036225 20.153995 0.261583
-0.042724 20.152248 0.261618
-0.049230 20.150500 0.261653
-0.055744 20.148750 0.261688
-0.062265 20.146997 0.261724
-0.068794 20.145243 0.261759
-0.075330 20.143486 0.261794
-0.081875 20.141676 0.261831
-0.088541 20.134988 0.261955
-0.095234 20.128274 0.262079
-0.101955 20.121534 0.262204
-0.108702 20.114767 0.262329
-0.115477 20.107972 0.262455
-0.122279 20.101150 0.262582
-0.129108 20.094300 0.262709
-0.135966 20.087423 0.262836
-0.143005 20.076521 0.263036
-0.150839 20.047016 0.263571
-0.158807 20.017008 0.264115
-0.361495 15.587580 0.343821
-0.376626 15.588063 0.343821
-0.391758 15.588546 0.343821
-0.406889 15.589028 0.343821
-0.422020 15.589511 0.343821
-0.437152 15.589994 0.343821
-0.452283 15.590477 0.343821
-0.467415 15.590960 0.343821
-0.482546 15.591443 0.343821
-0.497677 15.591926 0.343821
-0.512809 15.592409 0.343821
-0.527940 15.592892 0.343821
-0.543071 15.593375 0.343821
-0.558203 15.593858 0.343821
-0.573334 15.594341 0.343821
0.637176 15.555706 0.328682
0.622044 15.556188 0.328682
0.606913 15.556671 0.328682
0.591782 15.557154 0.328682
0.576650 15.557637 0.328682
0.561519 15.558120 0.328682
0.546388 15.558603 0.328682
0.531256 15.559086 0.328682
0.516125 15.559569 0.328682
0.500993 15.560052 0.328682
0.485862 15.560535 0.328682
0.470731 15.561018 0.328682
0.455599 15.561501 0.328682
0.440468 15.561984 0.328682
0.425337 15.562467 0.328682
0.410205 15.562950 0.328682
0.395074 15.563433 0.328682
0.379942 15.563916 0.328682
0.157332 20.026223 0.257056
0.149283 20.056477 0.256573
0.141501 20.083137 0.256149
0.134625 20.090033 0.256041
0.127776 20.096903 0.255934
0.120953 20.103746 0.255828
0.114156 20.110563 0.255722
0.107385 20.117355 0.255616
0.100639 20.124120 0.255511
0.093919 20.130860 0.255406
0.087224 20.137575 0.255301
0.080588 20.142951 0.255218
0.074058 20.144704 0.255193
0.067534 20.146455 0.255169
0.061016 20.148204 0.255144
0.054504 20.149952 0.255119
0.047997 20.151699 0.255094
0.041497 20.153443 0.255070
0.035002 20.155187 0.255045
0.028513 20.156928 0.255020
0.022030 20.158668 0.254996
0.015553 20.160407 0.254971
0.009081 20.162144 0.254946
0.002616 20.163879 0.254922
-0.003842 20.163532 0.254931
-0.010302 20.161796 0.254962
-0.016770 20.160058 0.254993
-0.023245 20.158319 0.255024
-0.029728 20.156577 0.255056
-0.036218 20.154834 0.255087
-0.042715 20.153088 0.255119
-0.049220 20.151341 0.255150
-0.055732 20.149591 0.255181
-0.062252 20.147840 0.255213
-0.068779 20.146086 0.255244
-0.075313 20.144330 0.255276
-0.081855 20.142573 0.255308
-0.088514 20.136166 0.255414
-0.095205 20.129457 0.255525
-0.101922 20.122722 0.255637
-0.108667 20.115959 0.255749
-0.115439 20.109170 0.255862
-0.122239 20.102352 0.255975
-0.129066 20.095507 0.256089
-0.135921 20.088635 0.256203
-0.142860 20.080284 0.256340
-0.150684 20.050843 0.256818
-0.158642 20.020899 0.257303
-0.361495 15.587580 0.328682
-0.376626 15.588063 0.328682
-0.391758 15.588546 0.328682
-0.406889 15.589028 0.328682
-0.422020 15.589511 0.328682
-0.437152 15.589994 0.328682
-0.452283 15.590477 0.328682
-0.467415 15.590960 0.328682
-0.482546 15.591443 0.328682
-0.497677 15.591926 0.328682
-0.512809 15.592409 0.328682
-0.527940 15.592892 0.328682
-0.543071 15.593375 0.328682
-0.558203 15.593858 0.328682
-0.573334 15.594341 0.328682
0.637176 15.555706 0.313543
0.622044 15.556188 0.313543
0.606913 15.556671 0.313543
0.591782 15.557154 0.313543
0.576650 15.557637 0.313543
0.561519 15.558120 0.313543
0.546388 15.558603 0.313543
0.531256 15.559086 0.313543
0.516125 15.559569 0.313543
0.500993 15.560052 0.313543
0.485862 15.560535 0.313543
0.470731 15.561018 0.313543
0.455599 15.561501 0.313543
0.440468 15.561984 0.313543
0.425337 15.562467 0.313543
0.410205 15.562950 0.313543
0.395074 15.563433 0.313543
0.379942 15.563916 0.313543
0.157150 20.030157 0.250287
0.149111 20.060345 0.249863
0.141449 20.084355 0.249526
0.134576 20.091246 0.249431
0.127729 20.098111 0.249337
0.120908 20.104950 0.249243
0.114114 20.111762 0.249149
0.107345 20.118549 0.249056
0.100602 20.125310 0.248963
0.093884 20.132045 0.248871
0.087191 20.138756 0.248778
0.080566 20.143796 0.248710
0.074038 20.145547 0.248688
0.067516 20.147298 0.248666
0.060999 20.149046 0.248644
0.054489 20.150793 0.248623
0.047984 20.152539 0.248601
0.041485 20.154283 0.248579
0.034992 20.156025 0.248557
0.028504 20.157766 0.248535
0.022023 20.159505 0.248514
0.015547 20.161243 0.248492
0.009077 20.162979 0.248470
0.002613 20.164714 0.248449
-0.003843 20.164366 0.248456
-0.010302 20.162631 0.248484
-0.016768 20.160894 0.248512
-0.023242 20.159155 0.248539
-0.029723 20.157415 0.248567
-0.036211 20.155672 0.248594
-0.042707 20.153927 0.248622
-0.049210 20.152181 0.248650
-0.055721 20.150432 0.248678
-0.062239 20.148682 0.248705
-0.068764 20.146929 0.248733
-0.075297 20.145174 0.248761
-0.081837 20.143418 0.248789
-0.088486 20.137343 0.248878
-0.095175 20.130640 0.248976
-0.101890 20.123909 0.249075
-0.108633 20.117151 0.249174
-0.115402 20.110366 0.249273
-0.122200 20.103554 0.249373
-0.129024 20.096713 0.249473
-0.135877 20.089845 0.249573
-0.142757 20.082950 0.249674
-0.150530 20.054661 0.250079
-0.158477 20.024782 0.250507
-0.361495 15.587580 0.313543
-0.376626 15.588063 0.313543
-0.391758 15.588546 0.313543
-0.406889 15.589028 0.313543
-0.422020 15.589511 0.313543
-0.437152 15.589994 0.313543
-0.452283 15.590477 0.313543
-0.467415 15.590960 0.313543
-0.482546 15.591443 0.313543
-0.497677 15.591926 0.313543
-0.512809 15.592409 0.313543
-0.527940 15.592892 0.313543
-0.543071 15.593375 0.313543
-0.558203 15.593858 0.313543
-0.573334 15.594341 0.313543
0.637176 15.555706 0.298404
0.622044 15.556188 0.298404
0.606913 15.556671 0.298404
0.591782 15.557154 0.298404
0.576650 15.557637 0.298404
0.561519 15.558120 0.298404
0.546388 15.558603 0.298404
0.531256 15.559086 0.298404
0.516125 15.559569 0.298404
0.500993 15.560052 0.298404
0.485862 15.560535 0.298404
0.470731 15.561018 0.298404
0.455599 15.561501 0.298404
0.440468 15.561984 0.298404
0.425337 15.562467 0.298404
0.410205 15.562950 0.298404
0.395074 15.563433 0.298404
0.165133 20.003444 0.243908
0.156967 20.034083 0.243534
0.148938 20.064205 0.243167
0.141397 20.085572 0.242907
0.134526 20.092458 0.242825
0.127682 20.099318 0.242744
0.120864 20.106152 0.242662
0.114072 20.112960 0.242581
0.107305 20.119742 0.242501
0.100564 20.126499 0.242420
0.093849 20.133230 0.242340
0.087159 20.139935 0.242260
0.080545 20.144639 0.242205
0.074018 20.146390 0.242186
0.067497 20.148140 0.242167
0.060982 20.149888 0.242148
0.054473 20.151634 0.242129
0.047970 20.153378 0.242110
0.041473 20.155122 0.242091
0.034981 20.156863 0.242073
0.028495 20.158603 0.242054
0.022015 20.160342 0.242035
0.015541 20.162078 0.242016
0.009073 20.163814 0.241997
0.002610 20.165548 0.241978
-0.003844 20.165199 0.241985
-0.010301 20.163465 0.242009
-0.016766 20.161729 0.242033
-0.023238 20.159991 0.242057
-0.029717 20.158252 0.242081
-0.036204 20.156510 0.242105
-0.042698 20.154766 0.242129
-0.049200 20.153021 0.242153
-0.055709 20.151273 0.242177
-0.062225 20.149523 0.242201
-0.068749 20.147771 0.242225
-0.075280 20.146018 0.242249
-0.081819 20.144262 0.242273
-0.088459 20.138520 0.242347
-0.095145 20.131821 0.242431
-0.101858 20.125095 0.242517
-0.108598 20.118342 0.242602
-0.115365 20.111562 0.242689
-0.122160 20.104754 0.242775
-0.128982 20.097919 0.242862
-0.135832 20.091055 0.242949
-0.142710 20.084164 0.243036
-0.150376 20.058470 0.243355
-0.158313 20.028657 0.243725
-0.361495 15.587580 0.298404
-0.376626 15.588063 0.298404
-0.391758 15.588546 0.298404
-0.406889 15.589028 0.298404
-0.422020 15.589511 0.298404
-0.437152 15.589994 0.298404
-0.452283 15.590477 0.298404
-0.467415 15.590960 0.298404
-0.482546 15.591443 0.298404
-0.497677 15.591926 0.298404
-0.512809 15.592409 0.298404
-0.527940 15.592892 0.298404
-0.543071 15.593375 0.298404
-0.558203 15.593858 0.298404
-0.573334 15.594341 0.298404
0.637176 15.555706 0.283265
0.622044 15.556188 0.283265
0.606913 15.556671 0.283265
0.591782 15.557154 0.283265
0.576650 15.557637 0.283265
0.561519 15.558120 0.283265
0.546388 15.558603 0.283265
0.531256 15.559086 0.283265
0.516125 15.559569 0.283265
0.500993 15.560052 0.283265
0.485862 15.560535 0.283265
0.470731 15.561018 0.283265
0.455599 15.561501 0.283265
0.440468 15.561984 0.283265
0.425337 15.562467 0.283265
0.410205 15.562950 0.283265
0.395074 15.563433 0.283265
0.164940 20.007429 0.237111
0.156785 20.038000 0.236796
0.148767 20.068056 0.236486
0.141345 20.086788 0.236294
0.134477 20.093669 0.236224
0.127635 20.100525 0.236155
0.120819 20.107354 0.236086
0.114029 20.114157 0.236018
0.107265 20.120935 0.235950
0.100527 20.127687 0.235882
0.093814 20.134413 0.235814
0.087126 20.141114 0.235746
0.080523 20.145483 0.235703
0.073998 20.147233 0.235687
0.067479 20.148982 0.235671
0.060965 20.150729 0.235655
0.054458 20.152474 0.235639
0.047956 20.154218 0.235623
0.041461 20.155960 0.235607
0.034971 20.157701 0.235591
0.028486 20.159440 0.235575
0.022008 20.161178 0.235559
0.015536 20.162914 0.235543
0.009069 20.164649 0.235527
0.002608 20.166382 0.235512
-0.003845 20.166032 0.235517
-0.010301 20.164299 0.235538
-0.016764 20.162564 0.235558
-0.023234 20.160827 0.235578
-0.029712 20.159088 0.235598
-0.036197 20.157347 0.235618
-0.042690 20.155604 0.235639
-0.049190 20.153860 0.235659
-0.055697 20.152113 0.235679
-0.062212 20.150364 0.235700
-0.068734 20.148613 0.235720
-0.075264 20.146861 0.235741
-0.081801 20.145106 0.235761
-0.088431 20.139696 0.235819
-0.095115 20.133002 0.235891
-0.101826 20.126281 0.235963
-0.108563 20.119532 0.236036
-0.115328 20.112757 0.236109
-0.122121 20.105954 0.236182
-0.128941 20.099123 0.236255
-0.135788 20.092265 0.236329
-0.142663 20.085378 0.236402
-0.150222 20.062271 0.236645
-0.158150 20.032523 0.236957
-0.166214 20.002264 0.237275
-0.376626 15.588063 0.283265
-0.391758 15.588546 0.283265
-0.406889 15.589028 0.283265
-0.422020 15.589511 0.283265
-0.437152 15.589994 0.283265
-0.452283 15.590477 0.283265
-0.467415 15.590960 0.283265
-0.482546 15.591443 0.283265
-0.497677 15.591926 0.283265
-0.512809 15.592409 0.283265
-0.527940 15.592892 0.283265
-0.543071 15.593375 0.283265
-0.558203 15.593858 0.283265
-0.573334 15.594341 0.283265
0.637176 15.555706 0.268126
0.622044 15.556188 0.268126
0.606913 15.556671 0.268126
0.591782 15.557154 0.268126
0.576650 15.557637 0.268126
0.561519 15.558120 0.268126
0.546388 15.558603 0.268126
0.531256 15.559086 0.268126
0.516125 15.559569 0.268126
0.500993 15.560052 0.268126
0.485862 15.560535 0.268126
0.470731 15.561018 0.268126
0.455599 15.561501 0.268126
0.440468 15.561984 0.268126
0.425337 15.562467 0.268126
0.410205 15.562950 0.268126
0.395074 15.563433 0.268126
0.164748 20.011405 0.230330
0.156603 20.041909 0.230073
0.148595 20.071899 0.229819
0.141293 20.088003 0.229684
0.134427 20.094880 0.229628
0.127588 20.101731 0.229571
0.120775 20.108555 0.229515
0.113987 20.115354 0.229459
0.107226 20.122127 0.229403
0.100490 20.128874 0.229348
0.093779 20.135596 0.229292
0.087093 20.142293 0.229237
0.080501 20.146326 0.229204
0.073978 20.148075 0.229191
0.067460 20.149823 0.229178
0.060948 20.151569 0.229165
0.054443 20.153314 0.229152
0.047943 20.155057 0.229139
0.041448 20.156799 0.229126
0.034960 20.158538 0.229113
0.028478 20.160277 0.229100
0.022001 20.162014 0.229087
0.015530 20.163749 0.229074
0.009065 20.165483 0.229061
0.002605 20.167215 0.229048
-0.003846 20.166865 0.229053
-0.010300 20.165132 0.229069
-0.016762 20.163398 0.229086
-0.023230 20.161662 0.229102
-0.029707 20.159925 0.229119
-0.036190 20.158184 0.229135
-0.042681 20.156442 0.229152
-0.049180 20.154699 0.229168
-0.055685 20.152953 0.229185
-0.062199 20.151205 0.229202
-0.068719 20.149455 0.229218
-0.075247 20.147703 0.229235
-0.081783 20.145949 0.229252
-0.088404 20.140872 0.229297
-0.095085 20.134182 0.229356
-0.101793 20.127465 0.229415
-0.108529 20.120721 0.229474
-0.115291 20.113951 0.229533
-0.122081 20.107152 0.229593
-0.128899 20.100326 0.229653
-0.135744 20.093473 0.229713
-0.142617 20.086591 0.229774
-0.150068 20.066065 0.229950
-0.157986 20.036381 0.230205
-0.166040 20.006188 0.230464
-0.376626 15.588063 0.268126
-0.391758 15.588546 0.268126
-0.406889 15.589028 0.268126
-0.422020 15.589511 0.268126
-0.437152 15.589994 0.268126
-0.452283 15.590477 0.268126
-0.467415 15.590960 0.268126
-0.482546 15.591443 0.268126
-0.497677 15.591926 0.268126
-0.512809 15.592409 0.268126
-0.527940 15.592892 0.268126
-0.543071 15.593375 0.268126
-0.558203 15.593858 0.268126
-0.573334 15.594341 0.268126
0.637176 15.555706 0.252987
0.622044 15.556188 0.252987
0.606913 15.556671 0.252987
0.591782 15.557154 0.252987
0.576650 15.557637 0.252987
0.561519 15.558120 0.252987
0.546388 15.558603 0.252987
0.531256 15.559086 0.252987
0.516125 15.559569 0.252987
0.500993 15.560052 0.252987
0.485862 15.560535 0.252987
0.470731 15.561018 0.252987
0.455599 15.561501 0.252987
0.440468 15.561984 0.252987
0.425337 15.562467 0.252987
0.410205 15.562950 0.252987
0.395074 15.563433 0.252987
0.164556 20.015373 0.223564
0.156422 20.045809 0.223364
0.148424 20.075734 0.223168
0.141241 20.089217 0.223080
0.134378 20.096089 0.223036
0.127541 20.102935 0.222992
0.120730 20.109755 0.222948
0.113945 20.116549 0.222905
0.107186 20.123318 0.222861
0.100452 20.130061 0.222818
0.093744 20.136778 0.222775
0.087061 20.143470 0.222732
0.080479 20.147168 0.222709
0.073958 20.148917 0.222699
0.067442 20.150664 0.222689
0.060932 20.152409 0.222678
0.054427 20.154153 0.222668
0.047929 20.155896 0.222658
0.041436 20.157636 0.222648
0.034950 20.159375 0.222638
0.028469 20.161113 0.222628
0.021993 20.162849 0.222618
0.015524 20.164584 0.222607
0.009060 20.166317 0.222597
0.002603 20.168048 0.222587
-0.003847 20.167697 0.222591
-0.010299 20.165965 0.222604
-0.016759 20.164232 0.222617
-0.023227 20.162497 0.222629
-0.029701 20.160760 0.222642
-0.036183 20.159021 0.222655
-0.042673 20.157280 0.222668
-0.049170 20.155537 0.222681
-0.055674 20.153792 0.222694
-0.062185 20.152045 0.222707
-0.068704 20.150296 0.222720
-0.075231 20.148545 0.222733
-0.081765 20.146792 0.222746
-0.088376 20.142046 0.222779
-0.095055 20.135361 0.222824
-0.101761 20.128649 0.222870
-0.108494 20.121910 0.222916
-0.115254 20.115144 0.222962
-0.122042 20.108350 0.223009
-0.128857 20.101529 0.223055
-0.135700 20.094680 0.223102
-0.142570 20.087804 0.223149
-0.149915 20.069850 0.223270
-0.157823 20.040230 0.223467
-0.165867 20.010103 0.223668
-0.376626 15.588063 0.252987
-0.391758 15.588546 0.252987
-0.406889 15.589028 0.252987
-0.422020 15.589511 0.252987
-0.437152 15.589994 0.252987
-0.452283 15.590477 0.252987
-0.467415 15.590960 0.252987
-0.482546 15.591443 0.252987
-0.497677 15.591926 0.252987
-0.512809 15.592409 0.252987
-0.527940 15.592892 0.252987
-0.543071 15.593375 0.252987
-0.558203 15.593858 0.252987
-0.573334 15.594341 0.252987
0.637176 15.555706 0.237848
0.622044 15.556188 0.237848
0.606913 15.556671 0.237848
0.591782 15.557154 0.237848
0.576650 15.557637 0.237848
0.561519 15.558120 0.237848
0.546388 15.558603 0.237848
0.531256 15.559086 0.237848
0.516125 15.559569 0.237848
0.500993 15.560052 0.237848
0.485862 15.560535 0.237848
0.470731 15.561018 0.237848
0.455599 15.561501 0.237848
0.440468 15.561984 0.237848
0.425337 15.562467 0.237848
0.410205 15.562950 0.237848
0.395074 15.563433 0.237848
0.164365 20.019331 0.216813
0.156241 20.049701 0.216670
0.148253 20.079559 0.216530
0.141189 20.090430 0.216480
0.134329 20.097298 0.216448
0.127494 20.104139 0.216417
0.120686 20.110955 0.216386
0.113903 20.117744 0.216355
0.107146 20.124508 0.216324
0.100415 20.131246 0.216293
0.093709 20.137959 0.216262
0.087028 20.144647 0.216232
0.080458 20.148011 0.216217
0.073938 20.149758 0.216209
0.067423 20.151505 0.216202
0.060915 20.153249 0.216195
0.054412 20.154992 0.216188
0.047915 20.156734 0.216180
0.041424 20.158473 0.216173
0.034939 20.160212 0.216166
0.028460 20.161949 0.216159
0.021986 20.163684 0.216151
0.015518 20.165418 0.216144
0.009056 20.167150 0.216137
0.002600 20.168881 0.216130
-0.003848 20.168528 0.216132
-0.010299 20.166798 0.216142
-0.016757 20.165066 0.216151
-0.023223 20.163332 0.216160
-0.029696 20.161596 0.216169
-0.036176 20.159857 0.216178
-0.042664 20.158117 0.216188
-0.049159 20.156375 0.216197
-0.055662 20.154631 0.216206
-0.062172 20.152885 0.216215
-0.068689 20.151137 0.216224
-0.075214 20.149387 0.216234
-0.081747 20.147634 0.216243
-0.088349 20.143219 0.216265
-0.095025 20.136539 0.216297
-0.101729 20.129832 0.216330
-0.108460 20.123097 0.216363
-0.115217 20.116336 0.216396
-0.122003 20.109547 0.216429
-0.128815 20.102731 0.216462
-0.135655 20.095887 0.216496
-0.142523 20.089015 0.216529
-0.149763 20.073627 0.216603
-0.157661 20.044072 0.216744
-0.165694 20.014010 0.216888
-0.376626 15.588063 0.237848
-0.391758 15.588546 0.237848
-0.406889 15.589028 0.237848
-0.422020 15.589511 0.237848
-0.437152 15.589994 0.237848
-0.452283 15.590477 0.237848
-0.467415 15.590960 0.237848
-0.482546 15.591443 0.237848
-0.497677 15.591926 0.237848
-0.512809 15.592409 0.237848
-0.527940 15.592892 0.237848
-0.543071 15.593375 0.237848
-0.558203 15.593858 0.237848
-0.573334 15.594341 0.237848
0.637176 15.555706 0.222709
0.622044 15.556188 0.222709
0.606913 15.556671 0.222709
0.591782 15.557154 0.222709
0.576650 15.557637 0.222709
0.561519 15.558120 0.222709
0.546388 15.558603 0.222709
0.531256 15.559086 0.222709
0.516125 15.559569 0.222709
0.500993 15.560052 0.222709
0.485862 15.560535 0.222709
0.470731 15.561018 0.222709
0.455599 15.561501 0.222709
0.440468 15.561984 0.222709
0.425337 15.562467 0.222709
0.410205 15.562950 0.222709
0.395074 15.563433 0.222709
0.164173 20.023281 0.210076
0.156060 20.053583 0.209991
0.148083 20.083377 0.209907
0.141137 20.091643 0.209884
0.134279 20.098506 0.209866
0.127447 20.105342 0.209847
0.120641 20.112153 0.209828
0.113861 20.118938 0.209810
0.107107 20.125697 0.209791
0.100378 20.132431 0.209772
0.093674 20.139139 0.209754
0.086996 20.145822 0.209736
0.080436 20.148852 0.209728
0.073917 20.150599 0.209723
0.067405 20.152345 0.209719
0.060898 20.154088 0.209715
0.054397 20.155831 0.209710
0.047902 20.157571 0.209706
0.041412 20.159310 0.209702
0.034929 20.161048 0.209697
0.028451 20.162784 0.209693
0.021979 20.164519 0.209689
0.015513 20.166251 0.209684
0.009052 20.167983 0.209680
0.002598 20.169712 0.209676
-0.003849 20.169360 0.209677
-0.010298 20.167630 0.209683
-0.016755 20.165899 0.209688
-0.023219 20.164166 0.209694
-0.029691 20.162430 0.209699
-0.036170 20.160693 0.209705
-0.042656 20.158954 0.209710
-0.049149 20.157213 0.209716
-0.055650 20.155469 0.209721
-0.062159 20.153724 0.209727
-0.068675 20.151977 0.209732
-0.075198 20.150228 0.209738
-0.081729 20.148477 0.209743
-0.088321 20.144392 0.209756
-0.094996 20.137716 0.209775
-0.101697 20.131014 0.209795
-0.108425 20.124284 0.209814
-0.115181 20.117527 0.209834
-0.121963 20.110744 0.209854
-0.128773 20.103932 0.209874
-0.135611 20.097093 0.209894
-0.142477 20.090226 0.209914
-0.149610 20.077395 0.209951
-0.157498 20.047904 0.210036
-0.165522 20.017909 0.210121
-0.376626 15.588063 0.222709
-0.391758 15.588546 0.222709
-0.406889 15.589028 0.222709
-0.422020 15.589511 0.222709
-0.437152 15.589994 0.222709
-0.452283 15.590477 0.222709
-0.467415 15.590960 0.222709
-0.482546 15.591443 0.222709
-0.497677 15.591926 0.222709
-0.512809 15.592409 0.222709
-0.527940 15.592892 0.222709
-0.543071 15.593375 0.222709
-0.558203 15.593858 0.222709
-0.573334 15.594341 0.222709
0.637176 15.555706 0.207570
0.622044 15.556188 0.207570
0.606913 15.556671 0.207570
0.591782 15.557154 0.207570
0.576650 15.557637 0.207570
0.561519 15.558120 0.207570
0.546388 15.558603 0.207570
0.531256 15.559086 0.207570
0.516125 15.559569 0.207570
0.500993 15.560052 0.207570
0.485862 15.560535 0.207570
0.470731 15.561018 0.207570
0.455599 15.561501 0.207570
0.440468 15.561984 0.207570
0.425337 15.562467 0.207570
0.410205 15.562950 0.207570
0.395074 15.563433 0.207570
0.163983 20.027222 0.203355
0.155880 20.057458 0.203327
0.147967 20.085971 0.203300
0.141086 20.092855 0.203294
0.134230 20.099713 0.203287
0.127401 20.106545 0.203281
0.120597 20.113351 0.203275
0.113819 20.120131 0.203269
0.107067 20.126886 0.203263
0.100341 20.133615 0.203256
0.093639 20.140319 0.203250
0.086963 20.146997 0.203244
0.080414 20.149694 0.203242
0.073897 20.151440 0.203240
0.067386 20.153184 0.203239
0.060881 20.154927 0.203237
0.054382 20.156669 0.203236
0.047888 20.158409 0.203234
0.041400 20.160147 0.203233
0.034918 20.161884 0.203232
0.028442 20.163619 0.203230
0.021972 20.165353 0.203229
0.015507 20.167085 0.203227
0.009048 20.168815 0.203226
0.002595 20.170544 0.203224
-0.003850 20.170191 0.203225
-0.010298 20.168462 0.203227
-0.016753 20.166732 0.203229
-0.023216 20.164999 0.203230
-0.029685 20.163265 0.203232
-0.036163 20.161529 0.203234
-0.042647 20.159790 0.203236
-0.049139 20.158050 0.203238
-0.055639 20.156307 0.203240
-0.062145 20.154563 0.203241
-0.068660 20.152817 0.203243
-0.075181 20.151069 0.203245
-0.081710 20.149319 0.203247
-0.088294 20.145564 0.203251
-0.094966 20.138893 0.203257
-0.101665 20.132195 0.203264
-0.108391 20.125470 0.203270
-0.115144 20.118718 0.203277
-0.121924 20.111939 0.203284
-0.128732 20.105132 0.203290
-0.135567 20.098298 0.203297
-0.142430 20.091436 0.203304
-0.149458 20.081156 0.203314
-0.157337 20.051728 0.203342
-0.165350 20.021798 0.203370
-0.376626 15.588063 0.207570
-0.391758 15.588546 0.207570
-0.406889 15.589028 0.207570
-0.422020 15.589511 0.207570
-0.437152 15.589994 0.207570
-0.452283 15.590477 0.207570
-0.467415 15.590960 0.207570
-0.482546 15.591443 0.207570
-0.497677 15.591926 0.207570
-0.512809 15.592409 0.207570
-0.527940 15.592892 0.207570
-0.543071 15.593375 0.207570
-0.558203 15.593858 0.207570
-0.573334 15.594341 0.207570
0.637176 15.555706 0.192430
0.622044 15.556188 0.192430
0.606913 15.556671 0.192430
0.591782 15.557154 0.192430
0.576650 15.557637 0.192430
0.561519 15.558120 0.192430
0.546388 15.558603 0.192430
0.531256 15.559086 0.192430
0.516125 15.559569 0.192430
0.500993 15.560052 0.192430
0.485862 15.560535 0.192430
0.470731 15.561018 0.192430
0.455599 15.561501 0.192430
0.440468 15.561984 0.192430
0.425337 15.562467 0.192430
0.410205 15.562950 0.192430
0.172024 20.000464 0.196620
0.163792 20.031154 0.196649
0.155700 20.061323 0.196677
0.147913 20.087186 0.196701
0.141034 20.094066 0.196707
0.134181 20.100919 0.196714
0.127354 20.107747 0.196720
0.120553 20.114548 0.196726
0.113777 20.121323 0.196732
0.107028 20.128074 0.196739
0.100303 20.134798 0.196745
0.093605 20.141498 0.196751
0.086931 20.148171 0.196757
0.080393 20.150535 0.196759
0.073877 20.152280 0.196760
0.067368 20.154024 0.196762
0.060864 20.155766 0.196763
0.054366 20.157506 0.196765
0.047874 20.159246 0.196766
0.041388 20.160983 0.196768
0.034908 20.162719 0.196769
0.028433 20.164453 0.196771
0.021964 20.166187 0.196772
0.015501 20.167918 0.196774
0.009044 20.169648 0.196775
0.002592 20.171376 0.196776
-0.003851 20.171021 0.196776
-0.010297 20.169294 0.196774
-0.016751 20.167564 0.196772
-0.023212 20.165832 0.196770
-0.029680 20.164099 0.196769
-0.036156 20.162364 0.196767
-0.042639 20.160626 0.196765
-0.049129 20.158887 0.196763
-0.055627 20.157145 0.196761
-0.062132 20.155402 0.196759
-0.068645 20.153657 0.196757
-0.075165 20.151909 0.196756
-0.081692 20.150160 0.196754
-0.088266 20.146735 0.196750
-0.094936 20.140069 0.196744
-0.101633 20.133375 0.196737
-0.108356 20.126655 0.196731
-0.115107 20.119908 0.196724
-0.121885 20.113134 0.196718
-0.128690 20.106331 0.196711
-0.135523 20.099502 0.196704
-0.142383 20.092645 0.196698
-0.149306 20.084909 0.196690
-0.157175 20.055545 0.196662
-0.165178 20.025680 0.196634
-0.376626 15.588063 0.192430
-0.391758 15.588546 0.192430
-0.406889 15.589028 0.192430
-0.422020 15.589511 0.192430
-0.437152 15.589994 0.192430
-0.452283 15.590477 0.192430
-0.467415 15.590960 0.192430
-0.482546 15.591443 0.192430
-0.497677 15.591926 0.192430
-0.512809 15.592409 0.192430
-0.527940 15.592892 0.192430
-0.543071 15.593375 0.192430
-0.558203 15.593858 0.192430
-0.573334 15.594341 0.192430
0.637176 15.555706 0.177291
0.622044 15.556188 0.177291
0.606913 15.556671 0.177291
0.591782 15.557154 0.177291
0.576650 15.557637 0.177291
0.561519 15.558120 0.177291
0.546388 15.558603 0.177291
0.531256 15.559086 0.177291
0.516125 15.559569 0.177291
0.500993 15.560052 0.177291
0.485862 15.560535 0.177291
0.470731 15.561018 0.177291
0.455599 15.561501 0.177291
0.440468 15.561984 0.177291
0.425337 15.562467 0.177291
0.410205 15.562950 0.177291
0.171823 20.004458 0.189871
0.163603 20.035078 0.189957
0.155521 20.065181 0.190042
0.147859 20.088401 0.190107
0.140982 20.095276 0.190126
0.134131 20.102125 0.190145
0.127307 20.108947 0.190163
0.120508 20.115744 0.190182
0.113735 20.122515 0.190201
0.106988 20.129261 0.190219
0.100266 20.135981 0.190238
0.093570 20.142675 0.190256
0.086898 20.149345 0.190274
0.080371 20.151375 0.190279
0.073857 20.153120 0.190284
0.067349 20.154863 0.190288
0.060847 20.156604 0.190293
0.054351 20.158344 0.190297
0.047861 20.160082 0.190301
0.041376 20.161819 0.190306
0.034897 20.163554 0.190310
0.028424 20.165288 0.190314
0.021957 20.167020 0.190319
0.015495 20.168750 0.190323
0.009040 20.170479 0.190327
0.002590 20.172207 0.190332
-0.003852 20.171851 0.190330
-0.010297 20.170125 0.190324
-0.016749 20.168396 0.190319
-0.023208 20.166665 0.190313
-0.029675 20.164933 0.190308
-0.036149 20.163198 0.190302
-0.042630 20.161462 0.190297
-0.049119 20.159723 0.190291
-0.055615 20.157983 0.190286
-0.062119 20.156240 0.190280
-0.068630 20.154496 0.190275
-0.075148 20.152749 0.190269
-0.081674 20.151001 0.190264
-0.088239 20.147906 0.190254
-0.094906 20.141244 0.190235
-0.101601 20.134555 0.190215
-0.108322 20.127840 0.190196
-0.115070 20.121097 0.190176
-0.121845 20.114327 0.190156
-0.128648 20.107530 0.190136
-0.135479 20.100705 0.190116
-0.142337 20.093853 0.190096
-0.149223 20.086973 0.190076
-0.157014 20.059353 0.189997
-0.165007 20.029553 0.189912
-0.376626 15.588063 0.177291
-0.391758 15.588546 0.177291
-0.406889 15.589028 0.177291
-0.422020 15.589511 0.177291
-0.437152 15.589994 0.177291
-0.452283 15.590477 0.177291
-0.467415 15.590960 0.177291
-0.482546 15.591443 0.177291
-0.497677 15.591926 0.177291
-0.512809 15.592409 0.177291
-0.527940 15.592892 0.177291
-0.543071 15.593375 0.177291
-0.558203 15.593858 0.177291
-0.573334 15.594341 0.177291
0.637176 15.555706 0.162152
0.622044 15.556188 0.162152
0.606913 15.556671 0.162152
0.591782 15.557154 0.162152
0.576650 15.557637 0.162152
0.561519 15.558120 0.162152
0.546388 15.558603 0.162152
0.531256 15.559086 0.162152
0.516125 15.559569 0.162152
0.500993 15.560052 0.162152
0.485862 15.560535 0.162152
0.470731 15.561018 0.162152
0.455599 15.561501 0.162152
0.440468 15.561984 0.162152
0.425337 15.562467 0.162152
0.410205 15.562950 0.162152
0.171623 20.008440 0.183137
0.163413 20.038992 0.183280
0.155342 20.069029 0.183421
0.147805 20.089615 0.183517
0.140930 20.096485 0.183549
0.134082 20.103329 0.183580
0.127260 20.110147 0.183611
0.120464 20.116939 0.183642
0.113693 20.123706 0.183673
0.106949 20.130447 0.183704
0.100229 20.137162 0.183735
0.093535 20.143852 0.183766
0.086867 20.150470 0.183796
0.080349 20.152215 0.183803
0.073837 20.153959 0.183810
0.067331 20.155701 0.183818
0.060830 20.157442 0.183825
0.054336 20.159181 0.183832
0.047847 20.160918 0.183839
0.041364 20.162654 0.183847
0.034887 20.164389 0.183854
0.028415 20.166121 0.183861
0.021950 20.167853 0.183868
0.015490 20.169582 0.183875
0.009036 20.171311 0.183883
0.002587 20.173037 0.183890
-0.003853 20.172681 0.183887
-0.010296 20.170955 0.183878
-0.016747 20.169227 0.183869
-0.023204 20.167498 0.183860
-0.029669 20.165766 0.183851
-0.036142 20.164032 0.183841
-0.042622 20.162297 0.183832
-0.049109 20.160559 0.183823
-0.055604 20.158820 0.183814
-0.062106 20.157078 0.183805
-0.068615 20.155334 0.183795
-0.075132 20.153589 0.183786
-0.081656 20.151841 0.183777
-0.088212 20.149075 0.183763
-0.094877 20.142418 0.183730
-0.101569 20.135734 0.183698
-0.108287 20.129023 0.183665
-0.115033 20.122285 0.183632
-0.121806 20.115520 0.183599
-0.128607 20.108728 0.183566
-0.135435 20.101908 0.183533
-0.142290 20.095060 0.183499
-0.149174 20.088185 0.183466
-0.156853 20.063152 0.183346
-0.164836 20.033417 0.183204
-0.172956 20.003171 0.183060
-0.391758 15.588546 0.162152
-0.406889 15.589028 0.162152
-0.422020 15.589511 0.162152
-0.437152 15.589994 0.162152
-0.452283 15.590477 0.162152
-0.467415 15.590960 0.162152
-0.482546 15.591443 0.162152
-0.497677 15.591926 0.162152
-0.512809 15.592409 0.162152
-0.527940 15.592892 0.162152
-0.543071 15.593375 0.162152
-0.558203 15.593858 0.162152
-0.573334 15.594341 0.162152
0.637176 15.555706 0.147013
0.622044 15.556188 0.147013
0.606913 15.556671 0.147013
0.591782 15.557154 0.147013
0.576650 15.557637 0.147013
0.561519 15.558120 0.147013
0.546388 15.558603 0.147013
0.531256 15.559086 0.147013
0.516125 15.559569 0.147013
0.500993 15.560052 0.147013
0.485862 15.560535 0.147013
0.470731 15.561018 0.147013
0.455599 15.561501 0.147013
0.440468 15.561984 0.147013
0.425337 15.562467 0.147013
0.410205 15.562950 0.147013
0.171423 20.012414 0.176418
0.163224 20.042898 0.176618
0.155163 20.072870 0.176815
0.147751 20.090828 0.176932
0.140879 20.097693 0.176976
0.134033 20.104533 0.177020
0.127213 20.111346 0.177064
0.120420 20.118134 0.177107
0.113652 20.124896 0.177151
0.106909 20.131632 0.177194
0.100192 20.138343 0.177237
0.093500 20.145028 0.177280
0.086844 20.151310 0.177320
0.080328 20.153055 0.177330
0.073817 20.154798 0.177340
0.067313 20.156539 0.177350
0.060814 20.158279 0.177360
0.054321 20.160017 0.177371
0.047833 20.161754 0.177381
0.041352 20.163489 0.177391
0.034876 20.165223 0.177401
0.028406 20.166955 0.177411
0.021942 20.168685 0.177421
0.015484 20.170414 0.177431
0.009031 20.172142 0.177441
0.002585 20.173868 0.177451
-0.003854 20.173511 0.177448
-0.010295 20.171785 0.177435
-0.016744 20.170059 0.177422
-0.023201 20.168330 0.177409
-0.029664 20.166599 0.177396
-0.036135 20.164866 0.177383
-0.042613 20.163131 0.177371
-0.049099 20.161395 0.177358
-0.055592 20.159656 0.177345
-0.062092 20.157915 0.177332
-0.068600 20.156173 0.177319
-0.075115 20.154428 0.177306
-0.081638 20.152681 0.177293
-0.088184 20.150244 0.177276
-0.094847 20.143591 0.177230
-0.101537 20.136912 0.177185
-0.108253 20.130206 0.177139
-0.114996 20.123473 0.177093
-0.121767 20.116712 0.177047
-0.128565 20.109925 0.177000
-0.135391 20.103109 0.176954
-0.142244 20.096267 0.176907
-0.149125 20.089396 0.176860
-0.156692 20.066944 0.176710
-0.164665 20.037273 0.176512
-0.172775 20.007094 0.176310
-0.391758 15.588546 0.147013
-0.406889 15.589028 0.147013
-0.422020 15.589511 0.147013
-0.437152 15.589994 0.147013
-0.452283 15.590477 0.147013
-0.467415 15.590960 0.147013
-0.482546 15.591443 0.147013
-0.497677 15.591926 0.147013
-0.512809 15.592409 0.147013
-0.527940 15.592892 0.147013
-0.543071 15.593375 0.147013
-0.558203 15.593858 0.147013
-0.573334 15.594341 0.147013
0.637176 15.555706 0.131874
0.622044 15.556188 0.131874
0.606913 15.556671 0.131874
0.591782 15.557154 0.131874
0.576650 15.557637 0.131874
0.561519 15.558120 0.131874
0.546388 15.558603 0.131874
0.531256 15.559086 0.131874
0.516125 15.559569 0.131874
0.500993 15.560052 0.131874
0.485862 15.560535 0.131874
0.470731 15.561018 0.131874
0.455599 15.561501 0.131874
0.440468 15.561984 0.131874
0.425337 15.562467 0.131874
0.410205 15.562950 0.131874
0.171224 20.016379 0.169714
0.163036 20.046796 0.169971
0.154985 20.076702 0.170223
0.147697 20.092040 0.170352
0.140827 20.098901 0.170408
0.133984 20.105736 0.170465
0.127167 20.112544 0.170521
0.120375 20.119327 0.170577
0.113610 20.126085 0.170632
0.106870 20.132816 0.170688
0.100155 20.139523 0.170743
0.093466 20.146204 0.170798
0.086821 20.152150 0.170847
0.080306 20.153894 0.170860
0.073797 20.155636 0.170873
0.067294 20.157377 0.170886
0.060797 20.159116 0.170899
0.054305 20.160853 0.170912
0.047820 20.162589 0.170925
0.041340 20.164324 0.170938
0.034866 20.166056 0.170951
0.028398 20.167788 0.170964
0.021935 20.169517 0.170977
0.015478 20.171245 0.170990
0.009027 20.172972 0.171003
0.002582 20.174697 0.171016
-0.003855 20.174339 0.171011
-0.010295 20.172615 0.170995
-0.016742 20.170889 0.170978
-0.023197 20.169161 0.170962
-0.029659 20.167432 0.170945
-0.036128 20.165700 0.170929
-0.042605 20.163966 0.170912
-0.049089 20.162230 0.170896
-0.055580 20.160492 0.170879
-0.062079 20.158752 0.170863
-0.068585 20.157011 0.170846
-0.075099 20.155267 0.170829
-0.081620 20.153521 0.170813
-0.088157 20.151412 0.170793
-0.094817 20.144764 0.170735
-0.101505 20.138089 0.170676
-0.108219 20.131388 0.170617
-0.114960 20.124659 0.170558
-0.121728 20.117903 0.170499
-0.128523 20.111121 0.170439
-0.135347 20.104310 0.170379
-0.142197 20.097472 0.170319
-0.149076 20.090606 0.170259
-0.156532 20.070727 0.170088
-0.164495 20.041121 0.169834
-0.172594 20.011007 0.169575
-0.391758 15.588546 0.131874
-0.406889 15.589028 0.131874
-0.422020 15.589511 0.131874
-0.437152 15.589994 0.131874
-0.452283 15.590477 0.131874
-0.467415 15.590960 0.131874
-0.482546 15.591443 0.131874
-0.497677 15.591926 0.131874
-0.512809 15.592409 0.131874
-0.527940 15.592892 0.131874
-0.543071 15.593375 0.131874
-0.558203 15.593858 0.131874
-0.573334 15.594341 0.131874
0.637176 15.555706 0.116735
0.622044 15.556188 0.116735
0.606913 15.556671 0.116735
0.591782 15.557154 0.116735
0.576650 15.557637 0.116735
0.561519 15.558120 0.116735
0.546388 15.558603 0.116735
0.531256 15.559086 0.116735
0.516125 15.559569 0.116735
0.500993 15.560052 0.116735
0.485862 15.560535 0.116735
0.470731 15.561018 0.116735
0.455599 15.561501 0.116735
0.440468 15.561984 0.116735
0.425337 15.562467 0.116735
0.410205 15.562950 0.116735
0.171025 20.020335 0.163025
0.162847 20.050685 0.163338
0.154807 20.080526 0.163646
0.147642 20.093252 0.163776
0.140776 20.100108 0.163845
0.133935 20.106938 0.163914
0.127120 20.113742 0.163982
0.120331 20.120520 0.164050
0.113568 20.127273 0.164118
0.106830 20.134000 0.164186
0.100118 20.140702 0.164254
0.093431 20.147379 0.164321
0.086798 20.152990 0.164377
0.080285 20.154733 0.164393
0.073777 20.156474 0.164409
0.067276 20.158214 0.164425
0.060780 20.159952 0.164441
0.054290 20.161689 0.164457
0.047806 20.163424 0.164473
0.041328 20.165158 0.164489
0.034855 20.166890 0.164504
0.028389 20.168620 0.164520
0.021928 20.170349 0.164536
0.015473 20.172076 0.164552
0.009023 20.173802 0.164568
0.002580 20.175526 0.164584
-0.003856 20.175168 0.164578
-0.010294 20.173445 0.164558
-0.016740 20.171719 0.164538
-0.023193 20.169992 0.164517
-0.029654 20.168263 0.164497
-0.036121 20.166532 0.164477
-0.042596 20.164799 0.164457
-0.049079 20.163065 0.164437
-0.055569 20.161328 0.164417
-0.062066 20.159589 0.164396
-0.068571 20.157848 0.164376
-0.075083 20.156105 0.164356
-0.081602 20.154360 0.164335
-0.088130 20.152580 0.164315
-0.094788 20.145936 0.164243
-0.101473 20.139266 0.164172
-0.108184 20.132569 0.164100
-0.114923 20.125845 0.164028
-0.121689 20.119094 0.163955
-0.128482 20.112316 0.163882
-0.135303 20.105510 0.163809
-0.142151 20.098677 0.163736
-0.149027 20.091816 0.163662
-0.156372 20.074502 0.163480
-0.164325 20.044960 0.163170
-0.172414 20.014913 0.162855
-0.391758 15.588546 0.116735
-0.406889 15.589028 0.116735
-0.422020 15.589511 0.116735
-0.437152 15.589994 0.116735
-0.452283 15.590477 0.116735
-0.467415 15.590960 0.116735
-0.482546 15.591443 0.116735
-0.497677 15.591926 0.116735
-0.512809 15.592409 0.116735
-0.527940 15.592892 0.116735
-0.543071 15.593375 0.116735
-0.558203 15.593858 0.116735
-0.573334 15.594341 0.116735
0.637176 15.555706 0.101596
0.622044 15.556188 0.101596
0.606913 15.556671 0.101596
0.591782 15.557154 0.101596
0.576650 15.557637 0.101596
0.561519 15.558120 0.101596
0.546388 15.558603 0.101596
0.531256 15.559086 0.101596
0.516125 15.559569 0.101596
0.500993 15.560052 0.101596
0.485862 15.560535 0.101596
0.470731 15.561018 0.101596
0.455599 15.561501 0.101596
0.440468 15.561984 0.101596
0.425337 15.562467 0.101596
0.410205 15.562950 0.101596
0.170826 20.024282 0.156351
0.162660 20.054566 0.156720
0.154630 20.084341 0.157083
0.147588 20.094462 0.157204
0.140724 20.101314 0.157286
0.133886 20.108139 0.157367
0.127074 20.114938 0.157448
0.120287 20.121712 0.157529
0.113526 20.128460 0.157609
0.106791 20.135183 0.157689
0.100081 20.141880 0.157769
0.093396 20.148553 0.157848
0.086775 20.153830 0.157910
0.080263 20.155572 0.157929
0.073757 20.157312 0.157948
0.067257 20.159051 0.157967
0.060763 20.160788 0.157986
0.054275 20.162524 0.158005
0.047793 20.164258 0.158023
0.041316 20.165991 0.158042
0.034845 20.167722 0.158061
0.028380 20.169452 0.158080
0.021920 20.171180 0.158098
0.015467 20.172907 0.158117
0.009019 20.174632 0.158136
0.002577 20.176356 0.158154
-0.003857 20.175996 0.158147
-0.010294 20.174274 0.158124
-0.016738 20.172549 0.158100
-0.023189 20.170823 0.158076
-0.029648 20.169095 0.158052
-0.036114 20.167365 0.158029
-0.042588 20.165633 0.158005
-0.049069 20.163899 0.157981
-0.055557 20.162163 0.157957
-0.062053 20.160425 0.157933
-0.068556 20.158685 0.157909
-0.075066 20.156943 0.157885
-0.081584 20.155199 0.157861
-0.088109 20.153453 0.157837
-0.094758 20.147107 0.157757
-0.101441 20.140441 0.157672
-0.108150 20.133749 0.157587
-0.114886 20.127030 0.157502
-0.121650 20.120284 0.157416
-0.128440 20.113510 0.157330
-0.135259 20.106710 0.157244
-0.142104 20.099881 0.157157
-0.148978 20.093025 0.157070
-0.156213 20.078270 0.156886
-0.164156 20.048791 0.156521
-0.172234 20.018809 0.156149
-0.391758 15.588546 0.101596
-0.406889 15.589028 0.101596
-0.422020 15.589511 0.101596
-0.437152 15.589994 0.101596
-0.452283 15.590477 0.101596
-0.467415 15.590960 0.101596
-0.482546 15.591443 0.101596
-0.497677 15.591926 0.101596
-0.512809 15.592409 0.101596
-0.527940 15.592892 0.101596
-0.543071 15.593375 0.101596
-0.558203 15.593858 0.101596
-0.573334 15.594341 0.101596
0.637176 15.555706 0.086457
0.622044 15.556188 0.086457
0.606913 15.556671 0.086457
0.591782 15.557154 0.086457
0.576650 15.557637 0.086457
0.561519 15.558120 0.086457
0.546388 15.558603 0.086457
0.531256 15.559086 0.086457
0.516125 15.559569 0.086457
0.500993 15.560052 0.086457
0.485862 15.560535 0.086457
0.470731 15.561018 0.086457
0.455599 15.561501 0.086457
0.440468 15.561984 0.086457
0.425337 15.562467 0.086457
0.410205 15.562950 0.086457
0.170629 20.028220 0.149691
0.162472 20.058438 0.150116
0.154453 20.088148 0.150534
0.147535 20.095672 0.150638
0.140673 20.102519 0.150732
0.133837 20.109339 0.150825
0.127027 20.116134 0.150919
0.120243 20.122903 0.151012
0.113484 20.129647 0.151104
0.106752 20.136365 0.151196
0.100044 20.143058 0.151288
0.093362 20.149726 0.151380
0.086751 20.154668 0.151447
0.080241 20.156410 0.151469
0.073737 20.158149 0.151491
0.067239 20.159887 0.151512
0.060746 20.161624 0.151534
0.054260 20.163359 0.151556
0.047779 20.165093 0.151577
0.041304 20.166824 0.151599
0.034834 20.168555 0.151621
0.028371 20.170284 0.151642
0.021913 20.172011 0.151664
0.015461 20.173737 0.151685
0.009015 20.175461 0.151707
0.002574 20.177184 0.151728
-0.003858 20.176824 0.151720
-0.010293 20.175102 0.151693
-0.016736 20.173379 0.151666
-0.023186 20.171654 0.151638
-0.029643 20.169926 0.151611
-0.036108 20.168197 0.151583
-0.042580 20.166466 0.151556
-0.049059 20.164733 0.151528
-0.055545 20.162998 0.151501
-0.062039 20.161261 0.151473
-0.068541 20.159522 0.151446
-0.075050 20.157781 0.151418
-0.081566 20.156038 0.151390
-0.088090 20.154293 0.151363
-0.094729 20.148277 0.151274
-0.101409 20.141616 0.151177
-0.108116 20.134929 0.151079
-0.114850 20.128214 0.150980
-0.121611 20.121473 0.150882
-0.128399 20.114704 0.150783
-0.135215 20.107908 0.150683
-0.142058 20.101084 0.150583
-0.148929 20.094233 0.150483
-0.156054 20.082029 0.150307
-0.163987 20.052614 0.149886
-0.172055 20.022697 0.149458
-0.391758 15.588546 0.086457
-0.406889 15.589028 0.086457
-0.422020 15.589511 0.086457
-0.437152 15.589994 0.086457
-0.452283 15.590477 0.086457
-0.467415 15.590960 0.086457
-0.482546 15.591443 0.086457
-0.497677 15.591926 0.086457
-0.512809 15.592409 0.086457
-0.527940 15.592892 0.086457
-0.543071 15.593375 0.086457
-0.558203 15.593858 0.086457
-0.573334 15.594341 0.086457
0.637176 15.555706 0.071318
0.622044 15.556188 0.071318
0.606913 15.556671 0.071318
0.591782 15.557154 0.071318
0.576650 15.557637 0.071318
0.561519 15.558120 0.071318
0.546388 15.558603 0.071318
0.531256 15.559086 0.071318
0.516125 15.559569 0.071318
0.500993 15.560052 0.071318
0.485862 15.560535 0.071318
0.470731 15.561018 0.071318
0.455599 15.561501 0.071318
0.440468 15.561984 0.071318
0.425337 15.562467 0.071318
0.178716 20.001482 0.142558
0.170431 20.032150 0.143047
0.162285 20.062301 0.143527
0.154366 20.090013 0.143969
0.147481 20.096881 0.144075
0.140621 20.103723 0.144182
0.133788 20.110539 0.144288
0.126980 20.117329 0.144394
0.120199 20.124094 0.144499
0.113443 20.130833 0.144604
0.106712 20.137546 0.144708
0.100007 20.144234 0.144812
0.093327 20.150898 0.144916
0.086728 20.155507 0.144987
0.080220 20.157247 0.145011
0.073717 20.158986 0.145036
0.067221 20.160723 0.145061
0.060730 20.162459 0.145085
0.054245 20.164194 0.145110
0.047765 20.165926 0.145134
0.041292 20.167657 0.145159
0.034824 20.169387 0.145183
0.028362 20.171115 0.145208
0.021906 20.172842 0.145232
0.015456 20.174566 0.145257
0.009011 20.176290 0.145281
0.002572 20.178012 0.145305
-0.003859 20.177651 0.145296
-0.010293 20.175930 0.145265
-0.016734 20.174208 0.145234
-0.023182 20.172484 0.145203
-0.029638 20.170757 0.145172
-0.036101 20.169029 0.145141
-0.042571 20.167299 0.145110
-0.049049 20.165566 0.145079
-0.055534 20.163832 0.145048
-0.062026 20.162096 0.145016
-0.068526 20.160358 0.144985
-0.075033 20.158618 0.144954
-0.081548 20.156876 0.144922
-0.088070 20.155132 0.144891
-0.094699 20.149447 0.144796
-0.101377 20.142790 0.144686
-0.108081 20.136107 0.144575
-0.114813 20.129398 0.144464
-0.121572 20.122661 0.144352
-0.128357 20.115897 0.144240
-0.135171 20.109105 0.144127
-0.142012 20.102286 0.144014
-0.148880 20.095440 0.143900
-0.155895 20.085779 0.143741
-0.163818 20.056429 0.143265
-0.171876 20.026577 0.142781
-0.391758 15.588546 0.071318
-0.406889 15.589028 0.071318
-0.422020 15.589511 0.071318
-0.437152 15.589994 0.071318
-0.452283 15.590477 0.071318
-0.467415 15.590960 0.071318
-0.482546 15.591443 0.071318
-0.497677 15.591926 0.071318
-0.512809 15.592409 0.071318
-0.527940 15.592892 0.071318
-0.543071 15.593375 0.071318
-0.558203 15.593858 0.071318
-0.573334 15.594341 0.071318
0.637176 15.555706 0.056179
0.622044 15.556188 0.056179
0.606913 15.556671 0.056179
0.591782 15.557154 0.056179
0.576650 15.557637 0.056179
0.561519 15.558120 0.056179
0.546388 15.558603 0.056179
0.531256 15.559086 0.056179
0.516125 15.559569 0.056179
0.500993 15.560052 0.056179
0.485862 15.560535 0.056179
0.470731 15.561018 0.056179
0.455599 15.561501 0.056179
0.440468 15.561984 0.056179
0.425337 15.562467 0.056179
0.177540 20.024036 0.136204
0.169409 20.052489 0.136711
0.161412 20.080362 0.137207
0.154095 20.095853 0.137481
0.147228 20.102534 0.137597
0.140387 20.109191 0.137713
0.133572 20.115823 0.137828
0.126782 20.122430 0.137943
0.120016 20.129013 0.138058
0.113276 20.135572 0.138172
0.106560 20.142106 0.138285
0.099869 20.148617 0.138398
0.093203 20.155104 0.138511
0.086653 20.158217 0.138563
0.080152 20.159897 0.138590
0.073655 20.161597 0.138617
0.067164 20.163309 0.138644
0.060678 20.165020 0.138671
0.054198 20.166729 0.138698
0.047724 20.168437 0.138725
0.041256 20.170143 0.138752
0.034793 20.171848 0.138778
0.028336 20.173551 0.138805
0.021885 20.175253 0.138832
0.015439 20.176954 0.138859
0.008999 20.178652 0.138886
0.002565 20.180350 0.138913
-0.003862 20.180014 0.138903
-0.010291 20.178359 0.138870
-0.016727 20.176677 0.138836
-0.023171 20.174985 0.138802
-0.029622 20.173291 0.138767
-0.036080 20.171596 0.138733
-0.042545 20.169898 0.138699
-0.049017 20.168199 0.138665
-0.055497 20.166497 0.138631
-0.061984 20.164794 0.138596
-0.068478 20.163089 0.138562
-0.074979 20.161382 0.138527
-0.081488 20.159673 0.138493
-0.088004 20.157962 0.138459
-0.094588 20.153828 0.138380
-0.101253 20.147356 0.138260
-0.107943 20.140862 0.138140
-0.114660 20.134342 0.138019
-0.121403 20.127797 0.137897
-0.128172 20.121227 0.137775
-0.134968 20.114631 0.137653
-0.141791 20.108008 0.137530
-0.148641 20.101360 0.137407
-0.155518 20.094685 0.137283
-0.162997 20.074981 0.136924
-0.170927 20.047155 0.136420
-0.178976 20.019052 0.135910
-0.406889 15.589028 0.056179
-0.422020 15.589511 0.056179
-0.437152 15.589994 0.056179
-0.452283 15.590477 0.056179
-0.467415 15.590960 0.056179
-0.482546 15.591443 0.056179
-0.497677 15.591926 0.056179
-0.512809 15.592409 0.056179
-0.527940 15.592892 0.056179
-0.543071 15.593375 0.056179
-0.558203 15.593858 0.056179
-0.573334 15.594341 0.056179
0.600696 16.009487 0.050029
0.586420 16.009942 0.050029
0.572144 16.010398 0.050029
0.557868 16.010854 0.050029
0.543593 16.011310 0.050029
0.529317 16.011759 0.050029
0.515042 16.012216 0.050029
0.500766 16.012674 0.050029
0.236102 19.845328 0.125977
0.229056 19.845547 0.125977
0.222011 19.845745 0.125976
0.214967 19.845940 0.125976
0.207922 19.846136 0.125975
0.200878 19.846331 0.125975
0.184197 20.024829 0.129509
0.175985 20.053859 0.130080
0.167920 20.082109 0.130636
0.160467 20.099879 0.130984
0.153597 20.106544 0.131112
0.146753 20.113185 0.131240
0.139934 20.119801 0.131367
0.133140 20.126393 0.131494
0.126371 20.132961 0.131620
0.119627 20.139505 0.131746
0.112908 20.146024 0.131871
0.106214 20.152520 0.131996
0.099543 20.158992 0.132120
0.092961 20.163288 0.132201
0.086467 20.164963 0.132230
0.079978 20.166637 0.132259
0.073495 20.168310 0.132288
0.067017 20.169981 0.132317
0.060545 20.171651 0.132347
0.054078 20.173319 0.132376
0.047617 20.174986 0.132405
0.041162 20.176652 0.132434
0.034712 20.178343 0.132463
0.028267 20.180040 0.132493
0.021828 20.181736 0.132522
0.015395 20.183430 0.132552
0.008967 20.185123 0.132581
0.002545 20.186814 0.132611
-0.003869 20.186469 0.132600
-0.010286 20.184820 0.132563
-0.016711 20.183169 0.132526
-0.023142 20.181517 0.132489
-0.029580 20.179862 0.132452
-0.036025 20.178206 0.132415
-0.042477 20.176548 0.132378
-0.048937 20.174888 0.132341
-0.055403 20.173227 0.132304
-0.061877 20.171538 0.132267
-0.068358 20.169840 0.132229
-0.074847 20.168140 0.132191
-0.081342 20.166439 0.132153
-0.087845 20.164735 0.132115
-0.094356 20.163029 0.132077
-0.100971 20.157708 0.131967
-0.107641 20.151251 0.131835
-0.114337 20.144768 0.131702
-0.121059 20.138260 0.131568
-0.127807 20.131726 0.131434
-0.134582 20.125167 0.131300
-0.141384 20.118582 0.131165
-0.148212 20.111975 0.131029
-0.155067 20.105341 0.130893
-0.161949 20.098682 0.130756
-0.169572 20.076519 0.130311
-0.177569 20.048351 0.129747
-0.185696 20.019723 0.129173
-0.200762 19.859308 0.125978
-0.207807 19.859546 0.125978
-0.214854 19.859762 0.125978
-0.221903 19.859933 0.125977
-0.228952 19.860104 0.125976
-0.236000 19.860312 0.125975
-0.484259 16.044109 0.050028
-0.498535 16.044565 0.050029
-0.512811 16.045021 0.050029
-0.527087 16.045477 0.050029
-0.541362 16.045930 0.050028
0.547783 16.667679 0.050025
0.534748 16.668097 0.050026
0.521713 16.668514 0.050026
0.508679 16.668930 0.050026
0.240814 20.166560 0.125918
0.234175 20.169583 0.125979
0.227746 20.169732 0.125978
0.221316 20.169881 0.125976
0.214886 20.170030 0.125975
0.208456 20.170179 0.125974
0.202026 20.170329 0.125973
0.195596 20.170478 0.125972
0.189165 20.170627 0.125970
0.182734 20.170776 0.125969
0.176303 20.170925 0.125968
0.169871 20.171074 0.125967
0.163437 20.171277 0.125967
0.157001 20.171522 0.125967
0.150564 20.171768 0.125968
0.144128 20.172014 0.125969
0.137693 20.172259 0.125970
0.131257 20.172505 0.125971
0.124821 20.172750 0.125972
0.118386 20.172996 0.125973
0.111950 20.173242 0.125974
0.105515 20.173488 0.125974
0.099081 20.173709 0.125975
0.092647 20.173930 0.125975
0.086213 20.174151 0.125976
0.079779 20.174372 0.125976
0.073335 20.175018 0.125985
0.066870 20.176683 0.126017
0.060410 20.178347 0.126049
0.053957 20.180009 0.126081
0.047508 20.181670 0.126112
0.041066 20.183329 0.126144
0.034628 20.184987 0.126175
0.028197 20.186644 0.126207
0.021771 20.188298 0.126239
0.015350 20.189952 0.126270
0.008935 20.191604 0.126302
0.002525 20.193255 0.126333
-0.003877 20.192899 0.126321
-0.010282 20.191257 0.126281
-0.016694 20.189613 0.126240
-0.023113 20.187967 0.126200
-0.029539 20.186319 0.126160
-0.035972 20.184670 0.126119
-0.042412 20.183018 0.126079
-0.048859 20.181365 0.126039
-0.055313 20.179710 0.125998
-0.061766 20.178556 0.125969
-0.068200 20.178737 0.125968
-0.074635 20.178918 0.125968
-0.081070 20.179098 0.125967
-0.087505 20.179279 0.125966
-0.093940 20.179460 0.125966
-0.100375 20.179641 0.125965
-0.106810 20.179822 0.125965
-0.113245 20.180027 0.125965
-0.119678 20.180283 0.125966
-0.126111 20.180539 0.125967
-0.132543 20.180794 0.125968
-0.138975 20.181050 0.125969
-0.145408 20.181306 0.125970
-0.151840 20.181561 0.125971
-0.158271 20.181817 0.125973
-0.164703 20.182073 0.125974
-0.171136 20.182296 0.125974
-0.177569 20.182505 0.125974
-0.184003 20.182713 0.125974
-0.190437 20.182922 0.125974
-0.196870 20.183130 0.125974
-0.203304 20.183339 0.125974
-0.209737 20.183547 0.125974
-0.216171 20.183756 0.125975
-0.222604 20.183964 0.125975
-0.229442 20.177959 0.125839
-0.236350 20.171264 0.125689
-0.481953 16.700544 0.050025
-0.494988 16.700958 0.050025
0.503334 17.220587 0.050023
0.491341 17.220971 0.050023
0.479349 17.221352 0.050023
0.247028 20.169365 0.119547
0.240123 20.176050 0.119700
0.233244 20.182711 0.119852
0.226391 20.189346 0.120004
0.219564 20.195956 0.120155
0.212762 20.202541 0.120305
0.205987 20.209102 0.120455
0.199236 20.215638 0.120605
0.192511 20.222151 0.120754
0.185811 20.228640 0.120902
0.179136 20.235104 0.121050
0.172487 20.241544 0.121197
0.165966 20.245947 0.121296
0.159683 20.245951 0.121292
0.153399 20.245956 0.121287
0.147115 20.245960 0.121282
0.140829 20.245965 0.121278
0.134543 20.245969 0.121273
0.128256 20.245974 0.121268
0.121968 20.245978 0.121264
0.115680 20.245983 0.121259
0.109391 20.245987 0.121255
0.103101 20.245992 0.121250
0.096810 20.245996 0.121245
0.090519 20.246001 0.121241
0.084227 20.246005 0.121236
0.077934 20.246010 0.121231
0.071640 20.246014 0.121227
0.065346 20.246019 0.121222
0.059051 20.246023 0.121217
0.052755 20.246028 0.121213
0.046458 20.246032 0.121208
0.040161 20.246037 0.121203
0.033863 20.246041 0.121199
0.027564 20.246046 0.121194
0.021265 20.246050 0.121190
0.014964 20.246055 0.121185
0.008663 20.246059 0.121180
0.002362 20.246064 0.121176
-0.003941 20.246069 0.121171
-0.010244 20.246074 0.121166
-0.016548 20.246079 0.121162
-0.022853 20.246083 0.121157
-0.029158 20.246088 0.121152
-0.035465 20.246093 0.121148
-0.041771 20.246098 0.121143
-0.048079 20.246103 0.121138
-0.054388 20.246108 0.121134
-0.060697 20.246112 0.121129
-0.067007 20.246117 0.121124
-0.073317 20.246122 0.121120
-0.079629 20.246127 0.121115
-0.085941 20.246131 0.121111
-0.092254 20.246136 0.121106
-0.098568 20.246141 0.121101
-0.104882 20.246146 0.121097
-0.111197 20.246151 0.121092
-0.117513 20.246156 0.121087
-0.123830 20.246161 0.121083
-0.130147 20.246165 0.121078
-0.136465 20.246170 0.121073
-0.142784 20.246175 0.121069
-0.149104 20.246180 0.121064
-0.155424 20.246185 0.121059
-0.161745 20.246190 0.121055
-0.168072 20.246090 0.121048
-0.174716 20.239669 0.120891
-0.181386 20.233223 0.120733
-0.188082 20.226751 0.120575
-0.194806 20.220253 0.120417
-0.201556 20.213729 0.120257
-0.208333 20.207178 0.120097
-0.215138 20.200602 0.119937
-0.221970 20.193998 0.119775
-0.228830 20.187368 0.119613
-0.235717 20.180710 0.119451
-0.242633 20.174026 0.119288
-0.456031 17.251205 0.050023
0.465468 17.691597 0.050021
0.454364 17.691952 0.050021
0.443261 17.692303 0.050021
0.246602 20.175060 0.113256
0.239691 20.181970 0.113426
0.232808 20.188852 0.113597
0.225951 20.195708 0.113766
0.219121 20.202537 0.113935
0.212318 20.209339 0.114103
0.205542 20.216114 0.114270
0.198791 20.222864 0.114437
0.192067 20.229586 0.114603
0.185369 20.236283 0.114769
0.178697 20.242954 0.114934
0.172051 20.249600 0.115098
0.165680 20.251438 0.115140
0.159407 20.251438 0.115135
0.153134 20.251438 0.115130
0.146860 20.251438 0.115125
0.140585 20.251438 0.115119
0.134309 20.251438 0.115114
0.128033 20.251438 0.115109
0.121756 20.251438 0.115104
0.115478 20.251437 0.115099
0.109199 20.251437 0.115094
0.102919 20.251437 0.115089
0.096639 20.251438 0.115084
0.090358 20.251437 0.115079
0.084077 20.251437 0.115073
0.077794 20.251437 0.115068
0.071511 20.251437 0.115063
0.065227 20.251437 0.115058
0.058942 20.251437 0.115053
0.052657 20.251437 0.115048
0.046370 20.251437 0.115043
0.040083 20.251437 0.115038
0.033795 20.251437 0.115032
0.027507 20.251437 0.115027
0.021218 20.251437 0.115022
0.014927 20.251437 0.115017
0.008637 20.251437 0.115012
0.002345 20.251436 0.115007
-0.003947 20.251437 0.115002
-0.010240 20.251436 0.114997
-0.016534 20.251436 0.114991
-0.022829 20.251436 0.114986
-0.029124 20.251436 0.114981
-0.035420 20.251436 0.114976
-0.041717 20.251436 0.114971
-0.048015 20.251436 0.114966
-0.054313 20.251436 0.114961
-0.060613 20.251436 0.114955
-0.066913 20.251436 0.114950
-0.073213 20.251436 0.114945
-0.079515 20.251436 0.114940
-0.085817 20.251436 0.114935
-0.092120 20.251436 0.114930
-0.098424 20.251436 0.114925
-0.104728 20.251436 0.114920
-0.111034 20.251435 0.114914
-0.117340 20.251436 0.114909
-0.123646 20.251435 0.114904
-0.129954 20.251436 0.114899
-0.136262 20.251435 0.114894
-0.142571 20.251435 0.114889
-0.148881 20.251435 0.114884
-0.155192 20.251435 0.114878
-0.161503 20.251435 0.114873
-0.167815 20.251435 0.114868
-0.174338 20.247231 0.114755
-0.181005 20.240565 0.114580
-0.187700 20.233871 0.114403
-0.194422 20.227149 0.114226
-0.201172 20.220400 0.114048
-0.207951 20.213623 0.113870
-0.214757 20.206817 0.113691
-0.221592 20.199983 0.113510
-0.228455 20.193121 0.113330
-0.235348 20.186229 0.113148
-0.242269 20.179309 0.112966
-0.249219 20.172360 0.112783
0.432825 18.097651 0.050019
0.422487 18.097979 0.050019
0.412149 18.098310 0.050019
0.246602 20.175060 0.106830
0.239691 20.181970 0.107014
0.232808 20.188852 0.107196
0.225951 20.195708 0.107378
0.219121 20.202537 0.107560
0.212318 20.209339 0.107740
0.205542 20.216114 0.107920
0.198791 20.222864 0.108099
0.192067 20.229586 0.108278
0.185369 20.236283 0.108456
0.178697 20.242954 0.108633
0.172051 20.249600 0.108809
0.165680 20.251438 0.108854
0.159407 20.251438 0.108849
0.153134 20.251438 0.108843
0.146860 20.251438 0.108838
0.140585 20.251438 0.108832
0.134309 20.251438 0.108827
0.128033 20.251438 0.108821
0.121756 20.251438 0.108816
0.115478 20.251438 0.108810
0.109199 20.251437 0.108805
0.102919 20.251437 0.108799
0.096639 20.251437 0.108794
0.090358 20.251437 0.108788
0.084077 20.251437 0.108783
0.077794 20.251437 0.108777
0.071511 20.251437 0.108772
0.065227 20.251437 0.108766
0.058942 20.251437 0.108761
0.052657 20.251437 0.108755
0.046370 20.251437 0.108750
0.040083 20.251437 0.108744
0.033795 20.251437 0.108739
0.027507 20.251437 0.108733
0.021218 20.251437 0.108728
0.014927 20.251437 0.108722
0.008637 20.251436 0.108716
0.002345 20.251436 0.108711
-0.003947 20.251436 0.108705
-0.010240 20.251436 0.108700
-0.016534 20.251436 0.108694
-0.022829 20.251436 0.108689
-0.029124 20.251436 0.108683
-0.035420 20.251436 0.108678
-0.041717 20.251436 0.108672
-0.048015 20.251436 0.108667
-0.054313 20.251436 0.108661
-0.060613 20.251436 0.108656
-0.066913 20.251436 0.108650
-0.073213 20.251436 0.108645
-0.079515 20.251436 0.108639
-0.085817 20.251436 0.108634
-0.092120 20.251436 0.108628
-0.098424 20.251436 0.108623
-0.104728 20.251436 0.108617
-0.111034 20.251436 0.108612
-0.117340 20.251436 0.108606
-0.123646 20.251435 0.108601
-0.129954 20.251435 0.108595
-0.136262 20.251435 0.108590
-0.142571 20.251435 0.108584
-0.148881 20.251435 0.108579
-0.155192 20.251435 0.108573
-0.161503 20.251435 0.108568
-0.167815 20.251435 0.108562
-0.174338 20.247231 0.108441
-0.181005 20.240565 0.108252
-0.187700 20.233871 0.108063
-0.194422 20.227150 0.107873
-0.201172 20.220400 0.107682
-0.207951 20.213623 0.107490
-0.214757 20.206817 0.107297
-0.221592 20.199983 0.107104
-0.228455 20.193121 0.106910
-0.235348 20.186229 0.106715
-0.242269 20.179309 0.106519
-0.249219 20.172360 0.106322
0.404393 18.451318 0.050017
0.394722 18.451625 0.050017
0.385051 18.451935 0.050017
0.246602 20.175060 0.100405
0.239691 20.181970 0.100601
0.232808 20.188852 0.100796
0.225951 20.195708 0.100991
0.219121 20.202537 0.101184
0.212318 20.209339 0.101377
0.205542 20.216114 0.101570
0.198791 20.222864 0.101761
0.192067 20.229586 0.101952
0.185369 20.236283 0.102142
0.178697 20.242954 0.102332
0.172051 20.249600 0.102520
0.165680 20.251438 0.102568
0.159407 20.251438 0.102562
0.153134 20.251438 0.102556
0.146860 20.251438 0.102550
0.140585 20.251438 0.102545
0.134309 20.251438 0.102539
0.128033 20.251438 0.102533
0.121756 20.251438 0.102527
0.115478 20.251438 0.102521
0.109199 20.251437 0.102515
0.102919 20.251437 0.102509
0.096639 20.251437 0.102503
0.090358 20.251437 0.102498
0.084077 20.251437 0.102492
0.077794 20.251437 0.102486
0.071511 20.251437 0.102480
0.065227 20.251437 0.102474
0.058942 20.251437 0.102468
0.052657 20.251437 0.102462
0.046370 20.251437 0.102456
0.040083 20.251437 0.102451
0.033795 20.251437 0.102445
0.027507 20.251437 0.102439
0.021218 20.251437 0.102433
0.014927 20.251437 0.102427
0.008637 20.251436 0.102421
0.002345 20.251436 0.102415
-0.003947 20.251436 0.102409
-0.010240 20.251436 0.102403
-0.016534 20.251436 0.102398
-0.022829 20.251436 0.102392
-0.029124 20.251436 0.102386
-0.035420 20.251436 0.102380
-0.041717 20.251436 0.102374
-0.048015 20.251436 0.102368
-0.054313 20.251436 0.102362
-0.060613 20.251436 0.102356
-0.066913 20.251436 0.102350
-0.073213 20.251436 0.102344
-0.079515 20.251436 0.102339
-0.085817 20.251436 0.102333
-0.092120 20.251436 0.102327
-0.098424 20.251436 0.102321
-0.104728 20.251436 0.102315
-0.111034 20.251436 0.102309
-0.117340 20.251436 0.102303
-0.123646 20.251436 0.102297
-0.129954 20.251435 0.102291
-0.136262 20.251435 0.102285
-0.142571 20.251435 0.102280
-0.148881 20.251435 0.102274
-0.155192 20.251435 0.102268
-0.161503 20.251435 0.102262
-0.167815 20.251435 0.102256
-0.174338 20.247231 0.102127
-0.181005 20.240565 0.101925
-0.187700 20.233871 0.101722
-0.194422 20.227150 0.101519
-0.201172 20.220400 0.101315
-0.207951 20.213623 0.101110
-0.214757 20.206817 0.100904
-0.221592 20.199983 0.100697
-0.228455 20.193121 0.100490
-0.235348 20.186229 0.100281
-0.242269 20.179309 0.100072
-0.249219 20.172360 0.099862
0.379408 18.762120 0.050016
0.370322 18.762409 0.050016
0.361237 18.762698 0.050016
0.246602 20.175060 0.093979
0.239691 20.181970 0.094188
0.232808 20.188852 0.094396
0.225951 20.195708 0.094603
0.219121 20.202537 0.094809
0.212318 20.209339 0.095015
0.205542 20.216114 0.095219
0.198791 20.222864 0.095423
0.192067 20.229586 0.095626
0.185369 20.236283 0.095829
0.178697 20.242954 0.096030
0.172051 20.249600 0.096231
0.165680 20.251438 0.096282
0.159407 20.251438 0.096276
0.153134 20.251438 0.096270
0.146860 20.251438 0.096263
0.140585 20.251438 0.096257
0.134309 20.251437 0.096251
0.128033 20.251438 0.096245
0.121756 20.251438 0.096238
0.115478 20.251437 0.096232
0.109199 20.251438 0.096226
0.102919 20.251437 0.096220
0.096639 20.251437 0.096213
0.090358 20.251437 0.096207
0.084077 20.251437 0.096201
0.077794 20.251437 0.096195
0.071511 20.251437 0.096188
0.065227 20.251437 0.096182
0.058942 20.251437 0.096176
0.052657 20.251437 0.096170
0.046370 20.251437 0.096163
0.040083 20.251437 0.096157
0.033795 20.251437 0.096151
0.027507 20.251437 0.096144
0.021218 20.251437 0.096138
0.014927 20.251437 0.096132
0.008637 20.251437 0.096126
0.002345 20.251436 0.096119
-0.003947 20.251437 0.096113
-0.010240 20.251436 0.096107
-0.016534 20.251436 0.096101
-0.022829 20.251436 0.096094
-0.029124 20.251436 0.096088
-0.035420 20.251436 0.096082
-0.041717 20.251436 0.096075
-0.048015 20.251436 0.096069
-0.054313 20.251436 0.096063
-0.060613 20.251436 0.096057
-0.066913 20.251436 0.096050
-0.073213 20.251436 0.096044
-0.079515 20.251436 0.096038
-0.085817 20.251436 0.096032
-0.092120 20.251436 0.096025
-0.098424 20.251436 0.096019
-0.104728 20.251436 0.096013
-0.111034 20.251436 0.096006
-0.117340 20.251436 0.096000
-0.123646 20.251436 0.095994
-0.129954 20.251435 0.095988
-0.136262 20.251435 0.095981
-0.142571 20.251435 0.095975
-0.148881 20.251435 0.095969
-0.155192 20.251435 0.095962
-0.161503 20.251435 0.095956
-0.167815 20.251435 0.095950
-0.174338 20.247231 0.095812
-0.181005 20.240565 0.095597
-0.187700 20.233871 0.095382
-0.194422 20.227149 0.095165
-0.201172 20.220400 0.094948
-0.207951 20.213623 0.094730
-0.214757 20.206817 0.094511
-0.221592 20.199983 0.094291
-0.228455 20.193121 0.094070
-0.235348 20.186229 0.093848
-0.242269 20.179309 0.093625
-0.249219 20.172360 0.093401
0.357276 19.037413 0.050015
0.348710 19.037688 0.050015
0.340144 19.037959 0.050014
0.246602 20.175060 0.087554
0.239691 20.181970 0.087775
0.232808 20.188852 0.087996
0.225951 20.195708 0.088215
0.219121 20.202537 0.088434
0.212318 20.209339 0.088652
0.205542 20.216114 0.088869
0.198791 20.222864 0.089085
0.192067 20.229586 0.089301
0.185369 20.236283 0.089515
0.178697 20.242954 0.089729
0.172051 20.249600 0.089942
0.165680 20.251438 0.089996
0.159407 20.251438 0.089990
0.153134 20.251438 0.089983
0.146860 20.251438 0.089976
0.140585 20.251438 0.089970
0.134309 20.251438 0.089963
0.128033 20.251438 0.089956
0.121756 20.251438 0.089950
0.115478 20.251438 0.089943
0.109199 20.251437 0.089937
0.102919 20.251437 0.089930
0.096639 20.251437 0.089923
0.090358 20.251437 0.089917
0.084077 20.251437 0.089910
0.077794 20.251437 0.089903
0.071511 20.251437 0.089897
0.065227 20.251437 0.089890
0.058942 20.251437 0.089883
0.052657 20.251437 0.089877
0.046370 20.251437 0.089870
0.040083 20.251437 0.089863
0.033795 20.251437 0.089857
0.027507 20.251437 0.089850
0.021218 20.251437 0.089844
0.014927 20.251437 0.089837
0.008637 20.251437 0.089830
0.002345 20.251436 0.089824
-0.003947 20.251436 0.089817
-0.010240 20.251436 0.089810
-0.016534 20.251436 0.089804
-0.022829 20.251437 0.089797
-0.029124 20.251436 0.089790
-0.035420 20.251436 0.089784
-0.041717 20.251436 0.089777
-0.048015 20.251436 0.089770
-0.054313 20.251436 0.089764
-0.060613 20.251436 0.089757
-0.066913 20.251436 0.089750
-0.073213 20.251436 0.089744
-0.079515 20.251436 0.089737
-0.085817 20.251436 0.089730
-0.092120 20.251436 0.089724
-0.098424 20.251436 0.089717
-0.104728 20.251436 0.089710
-0.111034 20.251436 0.089704
-0.117340 20.251436 0.089697
-0.123646 20.251436 0.089690
-0.129954 20.251435 0.089684
-0.136262 20.251435 0.089677
-0.142571 20.251435 0.089670
-0.148881 20.251435 0.089664
-0.155192 20.251435 0.089657
-0.161503 20.251435 0.089650
-0.167815 20.251435 0.089644
-0.174338 20.247231 0.089498
-0.181005 20.240565 0.089270
-0.187700 20.233871 0.089041
-0.194422 20.227149 0.088812
-0.201172 20.220400 0.088581
-0.207951 20.213623 0.088350
-0.214757 20.206817 0.088117
-0.221592 20.199983 0.087884
-0.228455 20.193121 0.087650
-0.235348 20.186229 0.087414
-0.242269 20.179309 0.087178
-0.249219 20.172360 0.086940
0.337538 19.282943 0.050013
0.329435 19.283202 0.050013
0.321332 19.283458 0.050013
0.246602 20.175060 0.081128
0.239691 20.181970 0.081362
0.232808 20.188852 0.081595
0.225951 20.195708 0.081828
0.219121 20.202537 0.082059
0.212318 20.209339 0.082289
0.205542 20.216114 0.082519
0.198791 20.222864 0.082747
0.192067 20.229586 0.082975
0.185369 20.236283 0.083202
0.178697 20.242954 0.083428
0.172051 20.249600 0.083653
0.165680 20.251438 0.083710
0.159407 20.251438 0.083703
0.153134 20.251438 0.083696
0.146860 20.251438 0.083689
0.140585 20.251438 0.083682
0.134309 20.251438 0.083675
0.128033 20.251438 0.083668
0.121756 20.251438 0.083661
0.115478 20.251438 0.083654
0.109199 20.251438 0.083647
0.102919 20.251437 0.083640
0.096639 20.251437 0.083633
0.090358 20.251437 0.083626
0.084077 20.251437 0.083619
0.077794 20.251437 0.083612
0.071511 20.251437 0.083605
0.065227 20.251437 0.083598
0.058942 20.251437 0.083591
0.052657 20.251437 0.083584
0.046370 20.251437 0.083577
0.040083 20.251437 0.083570
0.033795 20.251437 0.083563
0.027507 20.251437 0.083556
0.021218 20.251437 0.083549
0.014927 20.251437 0.083542
0.008637 20.251437 0.083535
0.002345 20.251436 0.083528
-0.003947 20.251436 0.083521
-0.010240 20.251436 0.083514
-0.016534 20.251436 0.083507
-0.022829 20.251436 0.083500
-0.029124 20.251436 0.083493
-0.035420 20.251436 0.083486
-0.041717 20.251436 0.083479
-0.048015 20.251436 0.083472
-0.054313 20.251436 0.083465
-0.060613 20.251436 0.083457
-0.066913 20.251436 0.083450
-0.073213 20.251436 0.083443
-0.079515 20.251436 0.083436
-0.085817 20.251436 0.083429
-0.092120 20.251436 0.083422
-0.098424 20.251436 0.083415
-0.104728 20.251436 0.083408
-0.111034 20.251436 0.083401
-0.117340 20.251436 0.083394
-0.123646 20.251436 0.083387
-0.129954 20.251435 0.083380
-0.136262 20.251435 0.083373
-0.142571 20.251435 0.083366
-0.148881 20.251435 0.083359
-0.155192 20.251435 0.083352
-0.161503 20.251435 0.083345
-0.167815 20.251435 0.083338
-0.174338 20.247231 0.083183
-0.181005 20.240565 0.082943
-0.187700 20.233871 0.082701
-0.194422 20.227149 0.082458
-0.201172 20.220400 0.082215
-0.207951 20.213623 0.081970
-0.214757 20.206817 0.081724
-0.221592 20.199983 0.081477
-0.228455 20.193121 0.081230
-0.235348 20.186229 0.080981
-0.242269 20.179309 0.080731
-0.249219 20.172360 0.080480
0.319823 19.503298 0.050012
0.312135 19.503546 0.050012
0.304448 19.503790 0.050012
0.246602 20.175060 0.074703
0.239691 20.181970 0.074949
0.232808 20.188852 0.075195
0.225951 20.195708 0.075440
0.219121 20.202537 0.075684
0.212318 20.209339 0.075927
0.205542 20.216114 0.076168
0.198791 20.222864 0.076409
0.192067 20.229586 0.076649
0.185369 20.236283 0.076889
0.178697 20.242954 0.077127
0.172051 20.249600 0.077364
0.165680 20.251438 0.077424
0.159407 20.251438 0.077417
0.153134 20.251438 0.077410
0.146860 20.251438 0.077402
0.140585 20.251438 0.077395
0.134309 20.251438 0.077387
0.128033 20.251438 0.077380
0.121756 20.251438 0.077373
0.115478 20.251437 0.077365
0.109199 20.251437 0.077358
0.102919 20.251437 0.077350
0.096639 20.251437 0.077343
0.090358 20.251437 0.077336
0.084077 20.251437 0.077328
0.077794 20.251437 0.077321
0.071511 20.251437 0.077313
0.065227 20.251437 0.077306
0.058942 20.251437 0.077299
0.052657 20.251437 0.077291
0.046370 20.251437 0.077284
0.040083 20.251437 0.077276
0.033795 20.251437 0.077269
0.027507 20.251437 0.077262
0.021218 20.251437 0.077254
0.014927 20.251437 0.077247
0.008637 20.251437 0.077239
0.002345 20.251437 0.077232
-0.003947 20.251436 0.077225
-0.010240 20.251436 0.077217
-0.016534 20.251436 0.077210
-0.022829 20.251436 0.077202
-0.029124 20.251436 0.077195
-0.035420 20.251436 0.077188
-0.041717 20.251436 0.077180
-0.048015 20.251436 0.077173
-0.054313 20.251436 0.077165
-0.060613 20.251436 0.077158
-0.066913 20.251436 0.077150
-0.073213 20.251436 0.077143
-0.079515 20.251436 0.077136
-0.085817 20.251436 0.077128
-0.092120 20.251436 0.077121
-0.098424 20.251436 0.077113
-0.104728 20.251436 0.077106
-0.111034 20.251436 0.077099
-0.117340 20.251436 0.077091
-0.123646 20.251436 0.077084
-0.129954 20.251435 0.077076
-0.136262 20.251435 0.077069
-0.142571 20.251435 0.077061
-0.148881 20.251435 0.077054
-0.155192 20.251435 0.077047
-0.161503 20.251435 0.077039
-0.167815 20.251435 0.077032
-0.174338 20.247231 0.076869
-0.181005 20.240565 0.076615
-0.187700 20.233871 0.076360
-0.194422 20.227150 0.076105
-0.201172 20.220400 0.075848
-0.207951 20.213623 0.075590
-0.214757 20.206817 0.075331
-0.221592 20.199983 0.075071
-0.228455 20.193121 0.074809
-0.235348 20.186229 0.074547
-0.242269 20.179309 0.074284
-0.249219 20.172360 0.074019
0.303837 19.702157 0.050011
0.296524 19.702389 0.050011
0.289211 19.702625 0.050012
0.246602 20.175060 0.068277
0.239691 20.181970 0.068536
0.232808 20.188852 0.068795
0.225951 20.195708 0.069052
0.219121 20.202537 0.069308
0.212318 20.209339 0.069564
0.205542 20.216114 0.069818
0.198791 20.222864 0.070071
0.192067 20.229586 0.070324
0.185369 20.236283 0.070575
0.178697 20.242954 0.070826
0.172051 20.249600 0.071075
0.165680 20.251438 0.071138
0.159407 20.251438 0.071131
0.153134 20.251438 0.071123
0.146860 20.251438 0.071115
0.140585 20.251438 0.071107
0.134309 20.251438 0.071100
0.128033 20.251438 0.071092
0.121756 20.251437 0.071084
0.115478 20.251438 0.071076
0.109199 20.251437 0.071068
0.102919 20.251437 0.071061
0.096639 20.251438 0.071053
0.090358 20.251437 0.071045
0.084077 20.251437 0.071037
0.077794 20.251437 0.071030
0.071511 20.251437 0.071022
0.065227 20.251437 0.071014
0.058942 20.251437 0.071006
0.052657 20.251437 0.070999
0.046370 20.251437 0.070991
0.040083 20.251437 0.070983
0.033795 20.251437 0.070975
0.027507 20.251437 0.070967
0.021218 20.251437 0.070960
0.014927 20.251437 0.070952
0.008637 20.251437 0.070944
0.002345 20.251437 0.070936
-0.003947 20.251436 0.070928
-0.010240 20.251436 0.070921
-0.016534 20.251436 0.070913
-0.022829 20.251436 0.070905
-0.029124 20.251436 0.070897
-0.035420 20.251436 0.070889
-0.041717 20.251436 0.070882
-0.048015 20.251436 0.070874
-0.054313 20.251436 0.070866
-0.060613 20.251436 0.070858
-0.066913 20.251436 0.070850
-0.073213 20.251436 0.070843
-0.079515 20.251436 0.070835
-0.085817 20.251436 0.070827
-0.092120 20.251436 0.070819
-0.098424 20.251436 0.070811
-0.104728 20.251436 0.070804
-0.111034 20.251436 0.070796
-0.117340 20.251436 0.070788
-0.123646 20.251436 0.070780
-0.129954 20.251435 0.070772
-0.136262 20.251435 0.070765
-0.142571 20.251435 0.070757
-0.148881 20.251435 0.070749
-0.155192 20.251435 0.070741
-0.161503 20.251435 0.070733
-0.167815 20.251435 0.070726
-0.174338 20.247231 0.070555
-0.181005 20.240565 0.070288
-0.187700 20.233871 0.070020
-0.194422 20.227150 0.069751
-0.201172 20.220400 0.069481
-0.207951 20.213623 0.069210
-0.214757 20.206817 0.068937
-0.221592 20.199983 0.068664
-0.228455 20.193121 0.068389
-0.235348 20.186229 0.068114
-0.242269 20.179309 0.067837
-0.249219 20.172360 0.067559
0.289337 19.882514 0.050010
0.282365 19.882738 0.050011
0.275392 19.882958 0.050010
0.246602 20.175060 0.061852
0.239691 20.181970 0.062124
0.232808 20.188852 0.062395
0.225951 20.195708 0.062664
0.219121 20.202537 0.062933
0.212318 20.209339 0.063201
0.205542 20.216114 0.063468
0.198791 20.222864 0.063733
0.192067 20.229586 0.063998
0.185369 20.236283 0.064262
0.178697 20.242954 0.064524
0.172051 20.249600 0.064786
0.165680 20.251438 0.064852
0.159407 20.251438 0.064844
0.153134 20.251438 0.064836
0.146860 20.251438 0.064828
0.140585 20.251438 0.064820
0.134309 20.251438 0.064812
0.128033 20.251438 0.064804
0.121756 20.251437 0.064795
0.115478 20.251438 0.064787
0.109199 20.251438 0.064779
0.102919 20.251437 0.064771
0.096639 20.251438 0.064763
0.090358 20.251437 0.064755
0.084077 20.251437 0.064747
0.077794 20.251437 0.064738
0.071511 20.251437 0.064730
0.065227 20.251437 0.064722
0.058942 20.251437 0.064714
0.052657 20.251437 0.064706
0.046370 20.251437 0.064698
0.040083 20.251437 0.064689
0.033795 20.251437 0.064681
0.027507 20.251437 0.064673
0.021218 20.251437 0.064665
0.014927 20.251437 0.064657
0.008637 20.251437 0.064649
0.002345 20.251437 0.064640
-0.003947 20.251436 0.064632
-0.010240 20.251436 0.064624
-0.016534 20.251436 0.064616
-0.022829 20.251436 0.064608
-0.029124 20.251436 0.064600
-0.035420 20.251436 0.064591
-0.041717 20.251436 0.064583
-0.048015 20.251436 0.064575
-0.054313 20.251436 0.064567
-0.060613 20.251436 0.064559
-0.066913 20.251436 0.064551
-0.073213 20.251436 0.064542
-0.079515 20.251436 0.064534
-0.085817 20.251436 0.064526
-0.092120 20.251436 0.064518
-0.098424 20.251436 0.064510
-0.104728 20.251436 0.064501
-0.111034 20.251436 0.064493
-0.117340 20.251436 0.064485
-0.123646 20.251436 0.064477
-0.129954 20.251435 0.064469
-0.136262 20.251435 0.064460
-0.142571 20.251435 0.064452
-0.148881 20.251435 0.064444
-0.155192 20.251435 0.064436
-0.161503 20.251435 0.064428
-0.167815 20.251435 0.064420
-0.174338 20.247231 0.064240
-0.181005 20.240565 0.063960
-0.187700 20.233871 0.063679
-0.194422 20.227150 0.063397
-0.201172 20.220400 0.063114
-0.207951 20.213623 0.062830
-0.214757 20.206817 0.062544
-0.221592 20.199983 0.062257
-0.228455 20.193121 0.061969
-0.235348 20.186229 0.061680
-0.242269 20.179309 0.061390
-0.249219 20.172360 0.061098
0.276127 20.046847 0.050010
0.269464 20.047059 0.050010
0.262801 20.047274 0.050010
0.246602 20.175060 0.055426
0.239691 20.181970 0.055711
0.232808 20.188852 0.055994
0.225951 20.195708 0.056277
0.219121 20.202537 0.056558
0.212318 20.209339 0.056838
0.205542 20.216114 0.057117
0.198791 20.222864 0.057395
0.192067 20.229586 0.057672
0.185369 20.236283 0.057948
0.178697 20.242954 0.058223
0.172051 20.249600 0.058497
0.165680 20.251438 0.058567
0.159407 20.251438 0.058558
0.153134 20.251438 0.058549
0.146860 20.251438 0.058541
0.140585 20.251438 0.058532
0.134309 20.251438 0.058524
0.128033 20.251438 0.058515
0.121756 20.251438 0.058507
0.115478 20.251438 0.058498
0.109199 20.251437 0.058490
0.102919 20.251437 0.058481
0.096639 20.251437 0.058473
0.090358 20.251437 0.058464
0.084077 20.251437 0.058456
0.077794 20.251437 0.058447
0.071511 20.251437 0.058439
0.065227 20.251437 0.058430
0.058942 20.251437 0.058422
0.052657 20.251437 0.058413
0.046370 20.251437 0.058404
0.040083 20.251437 0.058396
0.033795 20.251437 0.058387
0.027507 20.251437 0.058379
0.021218 20.251437 0.058370
0.014927 20.251437 0.058362
0.008637 20.251437 0.058353
0.002345 20.251437 0.058345
-0.003947 20.251436 0.058336
-0.010240 20.251436 0.058328
-0.016534 20.251436 0.058319
-0.022829 20.251436 0.058310
-0.029124 20.251436 0.058302
-0.035420 20.251436 0.058293
-0.041717 20.251436 0.058285
-0.048015 20.251436 0.058276
-0.054313 20.251436 0.058268
-0.060613 20.251436 0.058259
-0.066913 20.251436 0.058251
-0.073213 20.251436 0.058242
-0.079515 20.251436 0.058233
-0.085817 20.251436 0.058225
-0.092120 20.251436 0.058216
-0.098424 20.251436 0.058208
-0.104728 20.251436 0.058199
-0.111034 20.251436 0.058191
-0.117340 20.251436 0.058182
-0.123646 20.251436 0.058173
-0.129954 20.251435 0.058165
-0.136262 20.251435 0.058156
-0.142571 20.251435 0.058148
-0.148881 20.251435 0.058139
-0.155192 20.251435 0.058131
-0.161503 20.251435 0.058122
-0.167815 20.251435 0.058113
-0.174338 20.247231 0.057926
-0.181005 20.240565 0.057633
-0.187700 20.233871 0.057339
-0.194422 20.227150 0.057044
-0.201172 20.220400 0.056747
-0.207951 20.213623 0.056450
-0.214757 20.206817 0.056151
-0.221592 20.199983 0.055851
-0.228455 20.193121 0.055549
-0.235348 20.186229 0.055247
-0.242269 20.179309 0.054943
-0.249219 20.172360 0.054638
0.264040 20.197194 0.050009
0.257660 20.197400 0.050009
0.251281 20.197602 0.050009
0.244902 20.197805 0.050009
0.238522 20.198011 0.050009
0.232143 20.198213 0.050009
0.225764 20.198416 0.050009
0.219121 20.202537 0.050183
0.212318 20.209339 0.050476
0.205542 20.216114 0.050767
0.198791 20.222864 0.051057
0.192067 20.229586 0.051347
0.185369 20.236283 0.051635
0.178697 20.242954 0.051922
0.172051 20.249600 0.052208
0.165680 20.251438 0.052281
0.159407 20.251438 0.052272
0.153134 20.251438 0.052263
0.146860 20.251438 0.052254
0.140585 20.251438 0.052245
0.134309 20.251438 0.052236
0.128033 20.251438 0.052227
0.121756 20.251438 0.052218
0.115478 20.251438 0.052209
0.109199 20.251437 0.052200
0.102919 20.251437 0.052192
0.096639 20.251437 0.052183
0.090358 20.251437 0.052174
0.084077 20.251437 0.052165
0.077794 20.251437 0.052156
0.071511 20.251437 0.052147
0.065227 20.251437 0.052138
0.058942 20.251437 0.052129
0.052657 20.251437 0.052120
0.046370 20.251437 0.052111
0.040083 20.251437 0.052102
0.033795 20.251437 0.052093
0.027507 20.251437 0.052085
0.021218 20.251437 0.052076
0.014927 20.251437 0.052067
0.008637 20.251437 0.052058
0.002345 20.251437 0.052049
-0.003947 20.251436 0.052040
-0.010240 20.251436 0.052031
-0.016534 20.251436 0.052022
-0.022829 20.251436 0.052013
-0.029124 20.251436 0.052004
-0.035420 20.251436 0.051995
-0.041717 20.251436 0.051986
-0.048015 20.251436 0.051977
-0.054313 20.251436 0.051968
-0.060613 20.251436 0.051960
-0.066913 20.251436 0.051951
-0.073213 20.251436 0.051942
-0.079515 20.251436 0.051933
-0.085817 20.251436 0.051924
-0.092120 20.251436 0.051915
-0.098424 20.251436 0.051906
-0.104728 20.251436 0.051897
-0.111034 20.251436 0.051888
-0.117340 20.251436 0.051879
-0.123646 20.251436 0.051870
-0.129954 20.251435 0.051861
-0.136262 20.251435 0.051852
-0.142571 20.251435 0.051843
-0.148881 20.251435 0.051834
-0.155192 20.251435 0.051825
-0.161503 20.251435 0.051816
-0.167815 20.251435 0.051807
-0.174338 20.247231 0.051611
-0.181005 20.240565 0.051305
-0.187700 20.233871 0.050998
-0.194422 20.227150 0.050690
-0.201172 20.220400 0.050381
-0.207951 20.213623 0.050070
-0.214411 20.212462 0.050009
-0.220790 20.212667 0.050009
-0.227170 20.212870 0.050009
-0.233549 20.213072 0.050009
-0.239928 20.213278 0.050009
-0.246308 20.213481 0.050009
0.252940 20.335265 0.050008
0.246821 20.335462 0.050008
0.240702 20.335658 0.050008
0.234583 20.335852 0.050008
0.228464 20.336049 0.050008
0.222345 20.336242 0.050008
0.216226 20.336439 0.050008
0.210107 20.336633 0.050008
0.203988 20.336830 0.050008
0.197869 20.337023 0.050008
0.191750 20.337220 0.050008
0.185631 20.337413 0.050008
0.179512 20.337610 0.050008
0.173393 20.337804 0.050008
0.167274 20.338001 0.050008
0.161155 20.338197 0.050008
0.155036 20.338394 0.050008
0.148917 20.338587 0.050008
0.142798 20.338784 0.050008
0.136679 20.338978 0.050008
0.130560 20.339175 0.050008
0.124441 20.339368 0.050008
0.118322 20.339565 0.050008
0.112203 20.339759 0.050008
0.106084 20.339955 0.050008
0.099965 20.340149 0.050008
0.093846 20.340346 0.050008
0.087727 20.340539 0.050008
0.081608 20.340739 0.050009
0.075489 20.340933 0.050008
0.069370 20.341129 0.050009
0.063251 20.341323 0.050008
0.057132 20.341516 0.050008
0.051013 20.341710 0.050008
0.044894 20.341907 0.050008
0.038775 20.342100 0.050008
0.032656 20.342297 0.050008
0.026537 20.342494 0.050008
0.020418 20.342687 0.050008
0.014299 20.342884 0.050008
0.008180 20.343078 0.050008
0.002061 20.343274 0.050008
-0.004058 20.343471 0.050008
-0.010177 20.343665 0.050008
-0.016296 20.343861 0.050008
-0.022415 20.344055 0.050008
-0.028534 20.344252 0.050008
-0.034653 20.344445 0.050008
-0.040772 20.344642 0.050008
-0.046891 20.344836 0.050008
-0.053010 20.345032 0.050008
-0.059129 20.345226 0.050008
-0.065248 20.345423 0.050008
-0.071367 20.345616 0.050008
-0.077486 20.345813 0.050008
-0.083604 20.346010 0.050008
-0.089723 20.346206 0.050008
-0.095842 20.346400 0.050008
-0.101961 20.346597 0.050008
-0.108080 20.346790 0.050008
-0.114199 20.346987 0.050008
-0.120318 20.347181 0.050008
-0.126437 20.347377 0.050008
-0.132556 20.347571 0.050008
-0.138675 20.347768 0.050008
-0.144794 20.347961 0.050008
-0.150913 20.348155 0.050008
-0.157032 20.348352 0.050008
-0.163151 20.348545 0.050008
-0.169270 20.348742 0.050008
-0.175389 20.348939 0.050008
-0.181508 20.349135 0.050008
-0.187627 20.349329 0.050008
-0.193746 20.349526 0.050008
-0.199865 20.349719 0.050008
-0.205984 20.349916 0.050008
-0.212103 20.350110 0.050008
-0.218222 20.350306 0.050008
-0.224341 20.350500 0.050008
-0.230460 20.350697 0.050008
-0.236579 20.350890 0.050008
0.242710 20.462515 0.050008
0.236831 20.462703 0.050008
0.230952 20.462891 0.050008
0.225073 20.463078 0.050008
0.219194 20.463266 0.050008
0.213315 20.463454 0.050008
0.207436 20.463638 0.050008
0.201557 20.463826 0.050008
0.195678 20.464014 0.050008
0.189799 20.464205 0.050008
0.183920 20.464392 0.050008
0.178041 20.464580 0.050008
0.172162 20.464768 0.050008
0.166283 20.464956 0.050008
0.160404 20.465143 0.050008
0.154525 20.465331 0.050008
0.148645 20.465519 0.050008
0.142766 20.465706 0.050008
0.136887 20.465894 0.050008
0.131008 20.466082 0.050008
0.125129 20.466266 0.050008
0.119250 20.466454 0.050008
0.113371 20.466642 0.050008
0.107492 20.466830 0.050008
0.101613 20.467017 0.050008
0.095734 20.467205 0.050008
0.089855 20.467393 0.050008
0.083976 20.467581 0.050008
0.078097 20.467768 0.050008
0.072218 20.467956 0.050008
0.066339 20.468143 0.050008
0.060460 20.468331 0.050008
0.054581 20.468519 0.050008
0.048702 20.468707 0.050008
0.042823 20.468895 0.050008
0.036944 20.469082 0.050008
0.031065 20.469270 0.050008
0.025185 20.469458 0.050008
0.019306 20.469645 0.050008
0.013427 20.469833 0.050008
0.007548 20.470021 0.050008
0.001669 20.470209 0.050008
-0.004210 20.470396 0.050008
-0.010089 20.470584 0.050008
-0.015968 20.470772 0.050008
-0.021847 20.470960 0.050008
-0.027726 20.471147 0.050008
-0.033605 20.471335 0.050008
-0.039484 20.471522 0.050008
-0.045363 20.471710 0.050008
-0.051242 20.471898 0.050008
-0.057121 20.472086 0.050008
-0.063000 20.472273 0.050008
-0.068879 20.472461 0.050008
-0.074758 20.472649 0.050008
-0.080637 20.472837 0.050008
-0.086517 20.473021 0.050008
-0.092396 20.473209 0.050008
-0.098275 20.473397 0.050008
-0.104154 20.473584 0.050008
-0.110033 20.473772 0.050008
-0.115912 20.473960 0.050008
-0.121791 20.474147 0.050008
-0.127670 20.474335 0.050008
-0.133549 20.474526 0.050008
-0.139428 20.474711 0.050008
-0.145307 20.474899 0.050008
-0.151186 20.475086 0.050008
-0.157065 20.475274 0.050008
-0.162944 20.475461 0.050008
-0.168823 20.475649 0.050008
-0.174702 20.475837 0.050008
-0.180581 20.476025 0.050008
-0.186460 20.476212 0.050008
-0.192339 20.476400 0.050008
-0.198218 20.476588 0.050008
-0.204098 20.476776 0.050008
-0.209977 20.476963 0.050008
-0.215856 20.477151 0.050008
-0.221735 20.477339 0.050008
-0.227614 20.477526 0.050008
