ply
format ascii 1.0
comment Map frame coordinates
element vertex 11583
property float x
property float y
property float z
end_header
-0.625558 24.423820 1.963703
-0.610427 24.423344 1.963703
-0.595295 24.422868 1.963703
-0.580164 24.422392 1.963703
-0.565032 24.421917 1.963703
-0.549900 24.421441 1.963703
-0.534769 24.420965 1.963703
-0.519637 24.420489 1.963703
-0.504506 24.420013 1.963703
-0.489374 24.419538 1.963703
-0.474242 24.419062 1.963703
-0.459111 24.418586 1.963703
-0.443979 24.418110 1.963703
-0.428848 24.417635 1.963703
-0.413716 24.417159 1.963703
-0.398584 24.416683 1.963703
-0.383453 24.416207 1.963703
-0.368321 24.415731 1.963703
-0.353190 24.415256 1.963703
-0.338058 24.414780 1.963703
-0.322926 24.414304 1.963703
-0.307795 24.413828 1.963703
-0.292663 24.413353 1.963703
-0.277532 24.412877 1.963703
-0.262400 24.412401 1.963703
-0.247268 24.411925 1.963703
-0.232137 24.411450 1.963703
-0.217005 24.410974 1.963703
-0.201874 24.410498 1.963703
-0.186742 24.410022 1.963703
-0.171610 24.409546 1.963703
-0.065420 19.981125 0.988618
-0.058287 19.961229 0.984284
-0.051442 19.954116 0.982763
-0.044624 19.947030 0.981249
-0.037832 19.939974 0.979742
-0.031109 19.936710 0.979069
-0.024410 19.934871 0.978710
-0.017717 19.933033 0.978351
-0.011030 19.931196 0.977993
-0.004350 19.929361 0.977635
0.002322 19.928990 0.977600
0.008994 19.930837 0.978053
0.015674 19.932686 0.978506
0.022361 19.934537 0.978961
0.029056 19.936390 0.979415
0.035762 19.938623 0.979954
0.042524 19.945666 0.981553
0.049314 19.952737 0.983158
0.056131 19.959839 0.984770
0.063096 19.974718 0.988097
0.146153 24.399555 1.963703
0.161285 24.399079 1.963703
0.176416 24.398604 1.963703
0.191548 24.398128 1.963703
0.206680 24.397652 1.963703
0.221811 24.397176 1.963703
0.236943 24.396701 1.963703
0.252074 24.396225 1.963703
0.267206 24.395749 1.963703
0.282338 24.395273 1.963703
0.297469 24.394797 1.963703
0.312601 24.394322 1.963703
0.327732 24.393846 1.963703
0.342864 24.393370 1.963703
0.357996 24.392894 1.963703
0.373127 24.392419 1.963703
0.388259 24.391943 1.963703
0.403390 24.391467 1.963703
0.418522 24.390991 1.963703
0.433654 24.390515 1.963703
0.448785 24.390040 1.963703
0.463917 24.389564 1.963703
0.479048 24.389088 1.963703
0.494180 24.388612 1.963703
0.509312 24.388137 1.963703
0.524443 24.387661 1.963703
0.539575 24.387185 1.963703
0.554706 24.386709 1.963703
0.569838 24.386233 1.963703
0.584970 24.385758 1.963703
-0.625558 24.423820 1.948564
-0.610427 24.423344 1.948564
-0.595295 24.422868 1.948564
-0.580164 24.422392 1.948564
-0.565032 24.421917 1.948564
-0.549900 24.421441 1.948564
-0.534769 24.420965 1.948564
-0.519637 24.420489 1.948564
-0.504506 24.420013 1.948564
-0.489374 24.419538 1.948564
-0.474242 24.419062 1.948564
-0.459111 24.418586 1.948564
-0.443979 24.418110 1.948564
-0.428848 24.417635 1.948564
-0.413716 24.417159 1.948564
-0.398584 24.416683 1.948564
-0.383453 24.416207 1.948564
-0.368321 24.415731 1.948564
-0.353190 24.415256 1.948564
-0.338058 24.414780 1.948564
-0.322926 24.414304 1.948564
-0.307795 24.413828 1.948564
-0.292663 24.413353 1.948564
-0.277532 24.412877 1.948564
-0.262400 24.412401 1.948564
-0.247268 24.411925 1.948564
-0.232137 24.411450 1.948564
-0.217005 24.410974 1.948564
-0.201874 24.410498 1.948564
-0.186742 24.410022 1.948564
-0.171610 24.409546 1.948564
-0.065339 19.977151 0.980981
-0.058263 19.959973 0.977277
-0.051421 19.952864 0.975771
-0.044606 19.945783 0.974271
-0.037816 19.938733 0.972777
-0.031099 19.935822 0.972188
-0.024401 19.933983 0.971832
-0.017710 19.932146 0.971477
-0.011025 19.930310 0.971121
-0.004346 19.928475 0.970766
0.002324 19.928106 0.970732
0.008994 19.929952 0.971181
0.015672 19.931800 0.971630
0.022358 19.933650 0.972080
0.029051 19.935502 0.972531
0.035753 19.937388 0.972989
0.042512 19.944425 0.974573
0.049299 19.951492 0.976163
0.056114 19.958588 0.977760
0.063036 19.970834 0.980483
0.146153 24.399555 1.948564
0.161285 24.399079 1.948564
0.176416 24.398604 1.948564
0.191548 24.398128 1.948564
0.206680 24.397652 1.948564
0.221811 24.397176 1.948564
0.236943 24.396701 1.948564
0.252074 24.396225 1.948564
0.267206 24.395749 1.948564
0.282338 24.395273 1.948564
0.297469 24.394797 1.948564
0.312601 24.394322 1.948564
0.327732 24.393846 1.948564
0.342864 24.393370 1.948564
0.357996 24.392894 1.948564
0.373127 24.392419 1.948564
0.388259 24.391943 1.948564
0.403390 24.391467 1.948564
0.418522 24.390991 1.948564
0.433654 24.390515 1.948564
0.448785 24.390040 1.948564
0.463917 24.389564 1.948564
0.479048 24.389088 1.948564
0.494180 24.388612 1.948564
0.509312 24.388137 1.948564
0.524443 24.387661 1.948564
0.539575 24.387185 1.948564
0.554706 24.386709 1.948564
0.569838 24.386233 1.948564
0.584970 24.385758 1.948564
-0.625558 24.423820 1.933424
-0.610427 24.423344 1.933424
-0.595295 24.422868 1.933424
-0.580164 24.422392 1.933424
-0.565032 24.421917 1.933424
-0.549900 24.421441 1.933424
-0.534769 24.420965 1.933424
-0.519637 24.420489 1.933424
-0.504506 24.420013 1.933424
-0.489374 24.419538 1.933424
-0.474242 24.419062 1.933424
-0.459111 24.418586 1.933424
-0.443979 24.418110 1.933424
-0.428848 24.417635 1.933424
-0.413716 24.417159 1.933424
-0.398584 24.416683 1.933424
-0.383453 24.416207 1.933424
-0.368321 24.415731 1.933424
-0.353190 24.415256 1.933424
-0.338058 24.414780 1.933424
-0.322926 24.414304 1.933424
-0.307795 24.413828 1.933424
-0.292663 24.413353 1.933424
-0.277532 24.412877 1.933424
-0.262400 24.412401 1.933424
-0.247268 24.411925 1.933424
-0.232137 24.411450 1.933424
-0.217005 24.410974 1.933424
-0.201874 24.410498 1.933424
-0.186742 24.410022 1.933424
-0.171610 24.409546 1.933424
-0.065257 19.973184 0.973361
-0.058240 19.958717 0.970276
-0.051400 19.951613 0.968784
-0.044587 19.944538 0.967298
-0.037800 19.937492 0.965818
-0.031089 19.934933 0.965310
-0.024393 19.933095 0.964957
-0.017704 19.931258 0.964605
-0.011020 19.929424 0.964253
-0.004343 19.927590 0.963901
0.002325 19.927222 0.963867
0.008994 19.929067 0.964312
0.015670 19.930914 0.964758
0.022354 19.932763 0.965204
0.029046 19.934614 0.965650
0.035746 19.936468 0.966097
0.042500 19.943186 0.967598
0.049285 19.950247 0.969174
0.056098 19.957339 0.970756
0.062977 19.966959 0.972886
0.070250 19.997299 0.979506
0.161285 24.399079 1.933424
0.176416 24.398604 1.933424
0.191548 24.398128 1.933424
0.206680 24.397652 1.933424
0.221811 24.397176 1.933424
0.236943 24.396701 1.933424
0.252074 24.396225 1.933424
0.267206 24.395749 1.933424
0.282338 24.395273 1.933424
0.297469 24.394797 1.933424
0.312601 24.394322 1.933424
0.327732 24.393846 1.933424
0.342864 24.393370 1.933424
0.357996 24.392894 1.933424
0.373127 24.392419 1.933424
0.388259 24.391943 1.933424
0.403390 24.391467 1.933424
0.418522 24.390991 1.933424
0.433654 24.390515 1.933424
0.448785 24.390040 1.933424
0.463917 24.389564 1.933424
0.479048 24.389088 1.933424
0.494180 24.388612 1.933424
0.509312 24.388137 1.933424
0.524443 24.387661 1.933424
0.539575 24.387185 1.933424
0.554706 24.386709 1.933424
0.569838 24.386233 1.933424
0.584970 24.385758 1.933424
-0.625558 24.423820 1.918285
-0.610427 24.423344 1.918285
-0.595295 24.422868 1.918285
-0.580164 24.422392 1.918285
-0.565032 24.421917 1.918285
-0.549900 24.421441 1.918285
-0.534769 24.420965 1.918285
-0.519637 24.420489 1.918285
-0.504506 24.420013 1.918285
-0.489374 24.419538 1.918285
-0.474242 24.419062 1.918285
-0.459111 24.418586 1.918285
-0.443979 24.418110 1.918285
-0.428848 24.417635 1.918285
-0.413716 24.417159 1.918285
-0.398584 24.416683 1.918285
-0.383453 24.416207 1.918285
-0.368321 24.415731 1.918285
-0.353190 24.415256 1.918285
-0.338058 24.414780 1.918285
-0.322926 24.414304 1.918285
-0.307795 24.413828 1.918285
-0.292663 24.413353 1.918285
-0.277532 24.412877 1.918285
-0.262400 24.412401 1.918285
-0.247268 24.411925 1.918285
-0.232137 24.411450 1.918285
-0.217005 24.410974 1.918285
-0.201874 24.410498 1.918285
-0.186742 24.410022 1.918285
-0.171610 24.409546 1.918285
-0.065176 19.969227 0.965758
-0.058216 19.957462 0.963279
-0.051379 19.950363 0.961801
-0.044568 19.943293 0.960330
-0.037784 19.936252 0.958864
-0.031079 19.934045 0.958435
-0.024385 19.932208 0.958086
-0.017697 19.930372 0.957737
-0.011016 19.928538 0.957388
-0.004340 19.926705 0.957040
0.002327 19.926338 0.957006
0.008994 19.928182 0.957447
0.015668 19.930028 0.957888
0.022351 19.931877 0.958330
0.029041 19.933727 0.958773
0.035739 19.935579 0.959216
0.042488 19.941947 0.960628
0.049270 19.949004 0.962189
0.056081 19.956090 0.963756
0.062919 19.963207 0.965330
0.070182 19.993364 0.971853
0.161285 24.399079 1.918285
0.176416 24.398604 1.918285
0.191548 24.398128 1.918285
0.206680 24.397652 1.918285
0.221811 24.397176 1.918285
0.236943 24.396701 1.918285
0.252074 24.396225 1.918285
0.267206 24.395749 1.918285
0.282338 24.395273 1.918285
0.297469 24.394797 1.918285
0.312601 24.394322 1.918285
0.327732 24.393846 1.918285
0.342864 24.393370 1.918285
0.357996 24.392894 1.918285
0.373127 24.392419 1.918285
0.388259 24.391943 1.918285
0.403390 24.391467 1.918285
0.418522 24.390991 1.918285
0.433654 24.390515 1.918285
0.448785 24.390040 1.918285
0.463917 24.389564 1.918285
0.479048 24.389088 1.918285
0.494180 24.388612 1.918285
0.509312 24.388137 1.918285
0.524443 24.387661 1.918285
0.539575 24.387185 1.918285
0.554706 24.386709 1.918285
0.569838 24.386233 1.918285
0.584970 24.385758 1.918285
-0.625558 24.423820 1.903146
-0.610427 24.423344 1.903146
-0.595295 24.422868 1.903146
-0.580164 24.422392 1.903146
-0.565032 24.421917 1.903146
-0.549900 24.421441 1.903146
-0.534769 24.420965 1.903146
-0.519637 24.420489 1.903146
-0.504506 24.420013 1.903146
-0.489374 24.419538 1.903146
-0.474242 24.419062 1.903146
-0.459111 24.418586 1.903146
-0.443979 24.418110 1.903146
-0.428848 24.417635 1.903146
-0.413716 24.417159 1.903146
-0.398584 24.416683 1.903146
-0.383453 24.416207 1.903146
-0.368321 24.415731 1.903146
-0.353190 24.415256 1.903146
-0.338058 24.414780 1.903146
-0.322926 24.414304 1.903146
-0.307795 24.413828 1.903146
-0.292663 24.413353 1.903146
-0.277532 24.412877 1.903146
-0.262400 24.412401 1.903146
-0.247268 24.411925 1.903146
-0.232137 24.411450 1.903146
-0.217005 24.410974 1.903146
-0.201874 24.410498 1.903146
-0.186742 24.410022 1.903146
-0.072517 19.996090 0.964678
-0.065094 19.965278 0.958171
-0.058193 19.956208 0.956288
-0.051358 19.949114 0.954824
-0.044550 19.942049 0.953366
-0.037768 19.935013 0.951914
-0.031069 19.933157 0.951564
-0.024377 19.931321 0.951218
-0.017691 19.929486 0.950872
-0.011011 19.927652 0.950527
-0.004337 19.925821 0.950182
0.002328 19.925455 0.950149
0.008993 19.927298 0.950585
0.015666 19.929143 0.951023
0.022347 19.930991 0.951460
0.029036 19.932840 0.951899
0.035732 19.934691 0.952338
0.042476 19.940709 0.953663
0.049256 19.947761 0.955209
0.056064 19.954842 0.956761
0.062900 19.961954 0.958321
0.070115 19.989438 0.964217
0.161285 24.399079 1.903146
0.176416 24.398604 1.903146
0.191548 24.398128 1.903146
0.206680 24.397652 1.903146
0.221811 24.397176 1.903146
0.236943 24.396701 1.903146
0.252074 24.396225 1.903146
0.267206 24.395749 1.903146
0.282338 24.395273 1.903146
0.297469 24.394797 1.903146
0.312601 24.394322 1.903146
0.327732 24.393846 1.903146
0.342864 24.393370 1.903146
0.357996 24.392894 1.903146
0.373127 24.392419 1.903146
0.388259 24.391943 1.903146
0.403390 24.391467 1.903146
0.418522 24.390991 1.903146
0.433654 24.390515 1.903146
0.448785 24.390040 1.903146
0.463917 24.389564 1.903146
0.479048 24.389088 1.903146
0.494180 24.388612 1.903146
0.509312 24.388137 1.903146
0.524443 24.387661 1.903146
0.539575 24.387185 1.903146
0.554706 24.386709 1.903146
0.569838 24.386233 1.903146
0.584970 24.385758 1.903146
-0.625558 24.423820 1.888007
-0.610427 24.423344 1.888007
-0.595295 24.422868 1.888007
-0.580164 24.422392 1.888007
-0.565032 24.421917 1.888007
-0.549900 24.421441 1.888007
-0.534769 24.420965 1.888007
-0.519637 24.420489 1.888007
-0.504506 24.420013 1.888007
-0.489374 24.419538 1.888007
-0.474242 24.419062 1.888007
-0.459111 24.418586 1.888007
-0.443979 24.418110 1.888007
-0.428848 24.417635 1.888007
-0.413716 24.417159 1.888007
-0.398584 24.416683 1.888007
-0.383453 24.416207 1.888007
-0.368321 24.415731 1.888007
-0.353190 24.415256 1.888007
-0.338058 24.414780 1.888007
-0.322926 24.414304 1.888007
-0.307795 24.413828 1.888007
-0.292663 24.413353 1.888007
-0.277532 24.412877 1.888007
-0.262400 24.412401 1.888007
-0.247268 24.411925 1.888007
-0.232137 24.411450 1.888007
-0.217005 24.410974 1.888007
-0.201874 24.410498 1.888007
-0.186742 24.410022 1.888007
-0.072428 19.992083 0.957037
-0.065029 19.962071 0.950756
-0.058170 19.954955 0.949301
-0.051337 19.947866 0.947851
-0.044531 19.940806 0.946407
-0.037756 19.934107 0.945039
-0.031059 19.932270 0.944696
-0.024369 19.930434 0.944354
-0.017684 19.928601 0.944011
-0.011006 19.926768 0.943669
-0.004334 19.924937 0.943327
0.002330 19.924573 0.943295
0.008993 19.926415 0.943727
0.015665 19.928259 0.944160
0.022344 19.930105 0.944594
0.029030 19.931953 0.945028
0.035725 19.933804 0.945463
0.042464 19.939473 0.946703
0.049242 19.946519 0.948234
0.056047 19.953595 0.949772
0.062881 19.960702 0.951316
0.070047 19.985521 0.956597
0.161285 24.399079 1.888007
0.176416 24.398604 1.888007
0.191548 24.398128 1.888007
0.206680 24.397652 1.888007
0.221811 24.397176 1.888007
0.236943 24.396701 1.888007
0.252074 24.396225 1.888007
0.267206 24.395749 1.888007
0.282338 24.395273 1.888007
0.297469 24.394797 1.888007
0.312601 24.394322 1.888007
0.327732 24.393846 1.888007
0.342864 24.393370 1.888007
0.357996 24.392894 1.888007
0.373127 24.392419 1.888007
0.388259 24.391943 1.888007
0.403390 24.391467 1.888007
0.418522 24.390991 1.888007
0.433654 24.390515 1.888007
0.448785 24.390040 1.888007
0.463917 24.389564 1.888007
0.479048 24.389088 1.888007
0.494180 24.388612 1.888007
0.509312 24.388137 1.888007
0.524443 24.387661 1.888007
0.539575 24.387185 1.888007
0.554706 24.386709 1.888007
0.569838 24.386233 1.888007
0.584970 24.385758 1.888007
-0.625558 24.423820 1.872868
-0.610427 24.423344 1.872868
-0.595295 24.422868 1.872868
-0.580164 24.422392 1.872868
-0.565032 24.421917 1.872868
-0.549900 24.421441 1.872868
-0.534769 24.420965 1.872868
-0.519637 24.420489 1.872868
-0.504506 24.420013 1.872868
-0.489374 24.419538 1.872868
-0.474242 24.419062 1.872868
-0.459111 24.418586 1.872868
-0.443979 24.418110 1.872868
-0.428848 24.417635 1.872868
-0.413716 24.417159 1.872868
-0.398584 24.416683 1.872868
-0.383453 24.416207 1.872868
-0.368321 24.415731 1.872868
-0.353190 24.415256 1.872868
-0.338058 24.414780 1.872868
-0.322926 24.414304 1.872868
-0.307795 24.413828 1.872868
-0.292663 24.413353 1.872868
-0.277532 24.412877 1.872868
-0.262400 24.412401 1.872868
-0.247268 24.411925 1.872868
-0.232137 24.411450 1.872868
-0.217005 24.410974 1.872868
-0.201874 24.410498 1.872868
-0.186742 24.410022 1.872868
-0.072338 19.988085 0.949412
-0.065003 19.960814 0.943760
-0.058146 19.953702 0.942319
-0.051316 19.946618 0.940883
-0.044513 19.939565 0.939454
-0.037744 19.933219 0.938172
-0.031049 19.931383 0.937832
-0.024361 19.929548 0.937493
-0.017678 19.927716 0.937154
-0.011001 19.925884 0.936815
-0.004331 19.924053 0.936476
0.002331 19.923690 0.936444
0.008993 19.925531 0.936872
0.015663 19.927375 0.937302
0.022340 19.929220 0.937731
0.029025 19.931067 0.938161
0.035718 19.932917 0.938592
0.042452 19.938237 0.939748
0.049227 19.945278 0.941264
0.056030 19.952349 0.942787
0.062861 19.959451 0.944316
0.069980 19.981613 0.948995
0.161285 24.399079 1.872868
0.176416 24.398604 1.872868
0.191548 24.398128 1.872868
0.206680 24.397652 1.872868
0.221811 24.397176 1.872868
0.236943 24.396701 1.872868
0.252074 24.396225 1.872868
0.267206 24.395749 1.872868
0.282338 24.395273 1.872868
0.297469 24.394797 1.872868
0.312601 24.394322 1.872868
0.327732 24.393846 1.872868
0.342864 24.393370 1.872868
0.357996 24.392894 1.872868
0.373127 24.392419 1.872868
0.388259 24.391943 1.872868
0.403390 24.391467 1.872868
0.418522 24.390991 1.872868
0.433654 24.390515 1.872868
0.448785 24.390040 1.872868
0.463917 24.389564 1.872868
0.479048 24.389088 1.872868
0.494180 24.388612 1.872868
0.509312 24.388137 1.872868
0.524443 24.387661 1.872868
0.539575 24.387185 1.872868
0.554706 24.386709 1.872868
0.569838 24.386233 1.872868
0.584970 24.385758 1.872868
-0.625558 24.423820 1.857729
-0.610427 24.423344 1.857729
-0.595295 24.422868 1.857729
-0.580164 24.422392 1.857729
-0.565032 24.421917 1.857729
-0.549900 24.421441 1.857729
-0.534769 24.420965 1.857729
-0.519637 24.420489 1.857729
-0.504506 24.420013 1.857729
-0.489374 24.419538 1.857729
-0.474242 24.419062 1.857729
-0.459111 24.418586 1.857729
-0.443979 24.418110 1.857729
-0.428848 24.417635 1.857729
-0.413716 24.417159 1.857729
-0.398584 24.416683 1.857729
-0.383453 24.416207 1.857729
-0.368321 24.415731 1.857729
-0.353190 24.415256 1.857729
-0.338058 24.414780 1.857729
-0.322926 24.414304 1.857729
-0.307795 24.413828 1.857729
-0.292663 24.413353 1.857729
-0.277532 24.412877 1.857729
-0.262400 24.412401 1.857729
-0.247268 24.411925 1.857729
-0.232137 24.411450 1.857729
-0.217005 24.410974 1.857729
-0.201874 24.410498 1.857729
-0.186742 24.410022 1.857729
-0.072248 19.984096 0.941804
-0.064977 19.959558 0.936770
-0.058123 19.952451 0.935342
-0.051295 19.945372 0.933921
-0.044494 19.938323 0.932505
-0.037733 19.932332 0.931308
-0.031040 19.930496 0.930972
-0.024352 19.928663 0.930635
-0.017671 19.926831 0.930299
-0.010996 19.925000 0.929964
-0.004327 19.923171 0.929628
0.002333 19.922809 0.929597
0.008993 19.924649 0.930021
0.015661 19.926491 0.930446
0.022336 19.928335 0.930872
0.029020 19.930182 0.931297
0.035711 19.932030 0.931724
0.042440 19.937002 0.932797
0.049213 19.944038 0.934299
0.056014 19.951104 0.935807
0.062842 19.958201 0.937321
0.069912 19.977714 0.941408
0.161285 24.399079 1.857729
0.176416 24.398604 1.857729
0.191548 24.398128 1.857729
0.206680 24.397652 1.857729
0.221811 24.397176 1.857729
0.236943 24.396701 1.857729
0.252074 24.396225 1.857729
0.267206 24.395749 1.857729
0.282338 24.395273 1.857729
0.297469 24.394797 1.857729
0.312601 24.394322 1.857729
0.327732 24.393846 1.857729
0.342864 24.393370 1.857729
0.357996 24.392894 1.857729
0.373127 24.392419 1.857729
0.388259 24.391943 1.857729
0.403390 24.391467 1.857729
0.418522 24.390991 1.857729
0.433654 24.390515 1.857729
0.448785 24.390040 1.857729
0.463917 24.389564 1.857729
0.479048 24.389088 1.857729
0.494180 24.388612 1.857729
0.509312 24.388137 1.857729
0.524443 24.387661 1.857729
0.539575 24.387185 1.857729
0.554706 24.386709 1.857729
0.569838 24.386233 1.857729
0.584970 24.385758 1.857729
-0.625558 24.423820 1.842590
-0.610427 24.423344 1.842590
-0.595295 24.422868 1.842590
-0.580164 24.422392 1.842590
-0.565032 24.421917 1.842590
-0.549900 24.421441 1.842590
-0.534769 24.420965 1.842590
-0.519637 24.420489 1.842590
-0.504506 24.420013 1.842590
-0.489374 24.419538 1.842590
-0.474242 24.419062 1.842590
-0.459111 24.418586 1.842590
-0.443979 24.418110 1.842590
-0.428848 24.417635 1.842590
-0.413716 24.417159 1.842590
-0.398584 24.416683 1.842590
-0.383453 24.416207 1.842590
-0.368321 24.415731 1.842590
-0.353190 24.415256 1.842590
-0.338058 24.414780 1.842590
-0.322926 24.414304 1.842590
-0.307795 24.413828 1.842590
-0.292663 24.413353 1.842590
-0.277532 24.412877 1.842590
-0.262400 24.412401 1.842590
-0.247268 24.411925 1.842590
-0.232137 24.411450 1.842590
-0.217005 24.410974 1.842590
-0.201874 24.410498 1.842590
-0.186742 24.410022 1.842590
-0.072159 19.980116 0.934214
-0.064951 19.958303 0.929784
-0.058100 19.951201 0.928370
-0.051275 19.944127 0.926963
-0.044476 19.937083 0.925561
-0.037721 19.931445 0.924447
-0.031030 19.929611 0.924114
-0.024344 19.927778 0.923781
-0.017665 19.925946 0.923449
-0.010991 19.924116 0.923116
-0.004324 19.922288 0.922784
0.002334 19.921928 0.922753
0.008993 19.923767 0.923173
0.015659 19.925608 0.923594
0.022333 19.927451 0.924015
0.029015 19.929296 0.924437
0.035704 19.931144 0.924860
0.042428 19.935767 0.925852
0.049199 19.942799 0.927338
0.055997 19.949860 0.928831
0.062823 19.956951 0.930331
0.069845 19.973823 0.933839
0.161285 24.399079 1.842590
0.176416 24.398604 1.842590
0.191548 24.398128 1.842590
0.206680 24.397652 1.842590
0.221811 24.397176 1.842590
0.236943 24.396701 1.842590
0.252074 24.396225 1.842590
0.267206 24.395749 1.842590
0.282338 24.395273 1.842590
0.297469 24.394797 1.842590
0.312601 24.394322 1.842590
0.327732 24.393846 1.842590
0.342864 24.393370 1.842590
0.357996 24.392894 1.842590
0.373127 24.392419 1.842590
0.388259 24.391943 1.842590
0.403390 24.391467 1.842590
0.418522 24.390991 1.842590
0.433654 24.390515 1.842590
0.448785 24.390040 1.842590
0.463917 24.389564 1.842590
0.479048 24.389088 1.842590
0.494180 24.388612 1.842590
0.509312 24.388137 1.842590
0.524443 24.387661 1.842590
0.539575 24.387185 1.842590
0.554706 24.386709 1.842590
0.569838 24.386233 1.842590
0.584970 24.385758 1.842590
-0.625558 24.423820 1.827451
-0.610427 24.423344 1.827451
-0.595295 24.422868 1.827451
-0.580164 24.422392 1.827451
-0.565032 24.421917 1.827451
-0.549900 24.421441 1.827451
-0.534769 24.420965 1.827451
-0.519637 24.420489 1.827451
-0.504506 24.420013 1.827451
-0.489374 24.419538 1.827451
-0.474242 24.419062 1.827451
-0.459111 24.418586 1.827451
-0.443979 24.418110 1.827451
-0.428848 24.417635 1.827451
-0.413716 24.417159 1.827451
-0.398584 24.416683 1.827451
-0.383453 24.416207 1.827451
-0.368321 24.415731 1.827451
-0.353190 24.415256 1.827451
-0.338058 24.414780 1.827451
-0.322926 24.414304 1.827451
-0.307795 24.413828 1.827451
-0.292663 24.413353 1.827451
-0.277532 24.412877 1.827451
-0.262400 24.412401 1.827451
-0.247268 24.411925 1.827451
-0.232137 24.411450 1.827451
-0.217005 24.410974 1.827451
-0.201874 24.410498 1.827451
-0.186742 24.410022 1.827451
-0.072070 19.976144 0.926640
-0.064925 19.957048 0.922803
-0.058076 19.949951 0.921403
-0.051254 19.942883 0.920010
-0.044457 19.935844 0.918622
-0.037710 19.930559 0.917590
-0.031020 19.928725 0.917260
-0.024336 19.926893 0.916931
-0.017658 19.925062 0.916601
-0.010987 19.923234 0.916272
-0.004321 19.921406 0.915943
0.002336 19.921047 0.915912
0.008993 19.922885 0.916329
0.015657 19.924725 0.916746
0.022329 19.926567 0.917163
0.029009 19.928412 0.917580
0.035697 19.930258 0.917999
0.042416 19.934534 0.918911
0.049184 19.941561 0.920383
0.055980 19.948616 0.921861
0.062804 19.955703 0.923346
0.069778 19.969941 0.926285
0.161285 24.399079 1.827451
0.176416 24.398604 1.827451
0.191548 24.398128 1.827451
0.206680 24.397652 1.827451
0.221811 24.397176 1.827451
0.236943 24.396701 1.827451
0.252074 24.396225 1.827451
0.267206 24.395749 1.827451
0.282338 24.395273 1.827451
0.297469 24.394797 1.827451
0.312601 24.394322 1.827451
0.327732 24.393846 1.827451
0.342864 24.393370 1.827451
0.357996 24.392894 1.827451
0.373127 24.392419 1.827451
0.388259 24.391943 1.827451
0.403390 24.391467 1.827451
0.418522 24.390991 1.827451
0.433654 24.390515 1.827451
0.448785 24.390040 1.827451
0.463917 24.389564 1.827451
0.479048 24.389088 1.827451
0.494180 24.388612 1.827451
0.509312 24.388137 1.827451
0.524443 24.387661 1.827451
0.539575 24.387185 1.827451
0.554706 24.386709 1.827451
0.569838 24.386233 1.827451
0.584970 24.385758 1.827451
-0.625558 24.423820 1.812312
-0.610427 24.423344 1.812312
-0.595295 24.422868 1.812312
-0.580164 24.422392 1.812312
-0.565032 24.421917 1.812312
-0.549900 24.421441 1.812312
-0.534769 24.420965 1.812312
-0.519637 24.420489 1.812312
-0.504506 24.420013 1.812312
-0.489374 24.419538 1.812312
-0.474242 24.419062 1.812312
-0.459111 24.418586 1.812312
-0.443979 24.418110 1.812312
-0.428848 24.417635 1.812312
-0.413716 24.417159 1.812312
-0.398584 24.416683 1.812312
-0.383453 24.416207 1.812312
-0.368321 24.415731 1.812312
-0.353190 24.415256 1.812312
-0.338058 24.414780 1.812312
-0.322926 24.414304 1.812312
-0.307795 24.413828 1.812312
-0.292663 24.413353 1.812312
-0.277532 24.412877 1.812312
-0.262400 24.412401 1.812312
-0.247268 24.411925 1.812312
-0.232137 24.411450 1.812312
-0.217005 24.410974 1.812312
-0.201874 24.410498 1.812312
-0.186742 24.410022 1.812312
-0.071981 19.972180 0.919082
-0.064899 19.955794 0.915826
-0.058053 19.948702 0.914441
-0.051233 19.941639 0.913062
-0.044439 19.934605 0.911688
-0.037698 19.929673 0.910737
-0.031010 19.927840 0.910410
-0.024328 19.926009 0.910083
-0.017652 19.924179 0.909757
-0.010982 19.922351 0.909431
-0.004318 19.920524 0.909105
0.002337 19.920166 0.909075
0.008992 19.922004 0.909488
0.015655 19.923843 0.909900
0.022326 19.925684 0.910314
0.029004 19.927528 0.910727
0.035690 19.929373 0.911141
0.042405 19.933302 0.911975
0.049170 19.940323 0.913432
0.055963 19.947374 0.914896
0.062785 19.954455 0.916365
0.069712 19.966067 0.918748
0.077041 19.996395 0.924904
0.176416 24.398604 1.812312
0.191548 24.398128 1.812312
0.206680 24.397652 1.812312
0.221811 24.397176 1.812312
0.236943 24.396701 1.812312
0.252074 24.396225 1.812312
0.267206 24.395749 1.812312
0.282338 24.395273 1.812312
0.297469 24.394797 1.812312
0.312601 24.394322 1.812312
0.327732 24.393846 1.812312
0.342864 24.393370 1.812312
0.357996 24.392894 1.812312
0.373127 24.392419 1.812312
0.388259 24.391943 1.812312
0.403390 24.391467 1.812312
0.418522 24.390991 1.812312
0.433654 24.390515 1.812312
0.448785 24.390040 1.812312
0.463917 24.389564 1.812312
0.479048 24.389088 1.812312
0.494180 24.388612 1.812312
0.509312 24.388137 1.812312
0.524443 24.387661 1.812312
0.539575 24.387185 1.812312
0.554706 24.386709 1.812312
0.569838 24.386233 1.812312
0.584970 24.385758 1.812312
-0.625558 24.423820 1.797173
-0.610427 24.423344 1.797173
-0.595295 24.422868 1.797173
-0.580164 24.422392 1.797173
-0.565032 24.421917 1.797173
-0.549900 24.421441 1.797173
-0.534769 24.420965 1.797173
-0.519637 24.420489 1.797173
-0.504506 24.420013 1.797173
-0.489374 24.419538 1.797173
-0.474242 24.419062 1.797173
-0.459111 24.418586 1.797173
-0.443979 24.418110 1.797173
-0.428848 24.417635 1.797173
-0.413716 24.417159 1.797173
-0.398584 24.416683 1.797173
-0.383453 24.416207 1.797173
-0.368321 24.415731 1.797173
-0.353190 24.415256 1.797173
-0.338058 24.414780 1.797173
-0.322926 24.414304 1.797173
-0.307795 24.413828 1.797173
-0.292663 24.413353 1.797173
-0.277532 24.412877 1.797173
-0.262400 24.412401 1.797173
-0.247268 24.411925 1.797173
-0.232137 24.411450 1.797173
-0.217005 24.410974 1.797173
-0.201874 24.410498 1.797173
-0.079379 19.999086 0.917653
-0.071892 19.968225 0.911542
-0.064874 19.954541 0.908855
-0.058030 19.947455 0.907484
-0.051212 19.940397 0.906118
-0.044421 19.933367 0.904758
-0.037687 19.928787 0.903887
-0.031000 19.926955 0.903563
-0.024320 19.925125 0.903240
-0.017645 19.923296 0.902917
-0.010977 19.921469 0.902594
-0.004315 19.919643 0.902271
0.002339 19.919286 0.902242
0.008992 19.921123 0.902650
0.015653 19.922961 0.903059
0.022322 19.924802 0.903468
0.028999 19.926644 0.903877
0.035684 19.928488 0.904287
0.042393 19.932070 0.905044
0.049156 19.939087 0.906487
0.055947 19.946132 0.907935
0.062766 19.953209 0.909390
0.069645 19.962202 0.911228
0.076966 19.992462 0.917312
0.176416 24.398604 1.797173
0.191548 24.398128 1.797173
0.206680 24.397652 1.797173
0.221811 24.397176 1.797173
0.236943 24.396701 1.797173
0.252074 24.396225 1.797173
0.267206 24.395749 1.797173
0.282338 24.395273 1.797173
0.297469 24.394797 1.797173
0.312601 24.394322 1.797173
0.327732 24.393846 1.797173
0.342864 24.393370 1.797173
0.357996 24.392894 1.797173
0.373127 24.392419 1.797173
0.388259 24.391943 1.797173
0.403390 24.391467 1.797173
0.418522 24.390991 1.797173
0.433654 24.390515 1.797173
0.448785 24.390040 1.797173
0.463917 24.389564 1.797173
0.479048 24.389088 1.797173
0.494180 24.388612 1.797173
0.509312 24.388137 1.797173
0.524443 24.387661 1.797173
0.539575 24.387185 1.797173
0.554706 24.386709 1.797173
0.569838 24.386233 1.797173
0.584970 24.385758 1.797173
-0.625558 24.423820 1.782034
-0.610427 24.423344 1.782034
-0.595295 24.422868 1.782034
-0.580164 24.422392 1.782034
-0.565032 24.421917 1.782034
-0.549900 24.421441 1.782034
-0.534769 24.420965 1.782034
-0.519637 24.420489 1.782034
-0.504506 24.420013 1.782034
-0.489374 24.419538 1.782034
-0.474242 24.419062 1.782034
-0.459111 24.418586 1.782034
-0.443979 24.418110 1.782034
-0.428848 24.417635 1.782034
-0.413716 24.417159 1.782034
-0.398584 24.416683 1.782034
-0.383453 24.416207 1.782034
-0.368321 24.415731 1.782034
-0.353190 24.415256 1.782034
-0.338058 24.414780 1.782034
-0.322926 24.414304 1.782034
-0.307795 24.413828 1.782034
-0.292663 24.413353 1.782034
-0.277532 24.412877 1.782034
-0.262400 24.412401 1.782034
-0.247268 24.411925 1.782034
-0.232137 24.411450 1.782034
-0.217005 24.410974 1.782034
-0.201874 24.410498 1.782034
-0.079281 19.995072 0.910058
-0.071803 19.964278 0.904018
-0.064848 19.953290 0.901889
-0.058006 19.946207 0.900532
-0.051191 19.939155 0.899180
-0.044402 19.932130 0.897834
-0.037675 19.927902 0.897040
-0.030990 19.926071 0.896719
-0.024312 19.924242 0.896399
-0.017639 19.922414 0.896079
-0.010972 19.920587 0.895760
-0.004312 19.918762 0.895441
0.002340 19.918407 0.895412
0.008992 19.920242 0.895816
0.015651 19.922080 0.896220
0.022319 19.923919 0.896625
0.028994 19.925760 0.897031
0.035677 19.927604 0.897437
0.042381 19.930839 0.898118
0.049142 19.937851 0.899546
0.055930 19.944891 0.900980
0.062746 19.951963 0.902420
0.069591 19.959063 0.903866
0.076891 19.988538 0.909737
0.176416 24.398604 1.782034
0.191548 24.398128 1.782034
0.206680 24.397652 1.782034
0.221811 24.397176 1.782034
0.236943 24.396701 1.782034
0.252074 24.396225 1.782034
0.267206 24.395749 1.782034
0.282338 24.395273 1.782034
0.297469 24.394797 1.782034
0.312601 24.394322 1.782034
0.327732 24.393846 1.782034
0.342864 24.393370 1.782034
0.357996 24.392894 1.782034
0.373127 24.392419 1.782034
0.388259 24.391943 1.782034
0.403390 24.391467 1.782034
0.418522 24.390991 1.782034
0.433654 24.390515 1.782034
0.448785 24.390040 1.782034
0.463917 24.389564 1.782034
0.479048 24.389088 1.782034
0.494180 24.388612 1.782034
0.509312 24.388137 1.782034
0.524443 24.387661 1.782034
0.539575 24.387185 1.782034
0.554706 24.386709 1.782034
0.569838 24.386233 1.782034
0.584970 24.385758 1.782034
-0.625558 24.423820 1.766895
-0.610427 24.423344 1.766895
-0.595295 24.422868 1.766895
-0.580164 24.422392 1.766895
-0.565032 24.421917 1.766895
-0.549900 24.421441 1.766895
-0.534769 24.420965 1.766895
-0.519637 24.420489 1.766895
-0.504506 24.420013 1.766895
-0.489374 24.419538 1.766895
-0.474242 24.419062 1.766895
-0.459111 24.418586 1.766895
-0.443979 24.418110 1.766895
-0.428848 24.417635 1.766895
-0.413716 24.417159 1.766895
-0.398584 24.416683 1.766895
-0.383453 24.416207 1.766895
-0.368321 24.415731 1.766895
-0.353190 24.415256 1.766895
-0.338058 24.414780 1.766895
-0.322926 24.414304 1.766895
-0.307795 24.413828 1.766895
-0.292663 24.413353 1.766895
-0.277532 24.412877 1.766895
-0.262400 24.412401 1.766895
-0.247268 24.411925 1.766895
-0.232137 24.411450 1.766895
-0.217005 24.410974 1.766895
-0.201874 24.410498 1.766895
-0.079184 19.991068 0.902480
-0.071715 19.960341 0.896510
-0.064822 19.952039 0.894928
-0.057983 19.944961 0.893584
-0.051170 19.937914 0.892246
-0.044384 19.930894 0.890914
-0.037664 19.927018 0.890196
-0.030981 19.925188 0.889879
-0.024303 19.923359 0.889562
-0.017632 19.921532 0.889246
-0.010967 19.919706 0.888929
-0.004309 19.917882 0.888613
0.002342 19.917528 0.888585
0.008992 19.919362 0.888985
0.015650 19.921199 0.889385
0.022315 19.923037 0.889786
0.028989 19.924877 0.890188
0.035670 19.926720 0.890590
0.042369 19.929609 0.891197
0.049127 19.936616 0.892610
0.055913 19.943651 0.894029
0.062727 19.950718 0.895454
0.069569 19.957813 0.896885
0.076816 19.984622 0.902178
0.176416 24.398604 1.766895
0.191548 24.398128 1.766895
0.206680 24.397652 1.766895
0.221811 24.397176 1.766895
0.236943 24.396701 1.766895
0.252074 24.396225 1.766895
0.267206 24.395749 1.766895
0.282338 24.395273 1.766895
0.297469 24.394797 1.766895
0.312601 24.394322 1.766895
0.327732 24.393846 1.766895
0.342864 24.393370 1.766895
0.357996 24.392894 1.766895
0.373127 24.392419 1.766895
0.388259 24.391943 1.766895
0.403390 24.391467 1.766895
0.418522 24.390991 1.766895
0.433654 24.390515 1.766895
0.448785 24.390040 1.766895
0.463917 24.389564 1.766895
0.479048 24.389088 1.766895
0.494180 24.388612 1.766895
0.509312 24.388137 1.766895
0.524443 24.387661 1.766895
0.539575 24.387185 1.766895
0.554706 24.386709 1.766895
0.569838 24.386233 1.766895
0.584970 24.385758 1.766895
-0.625558 24.423820 1.751756
-0.610427 24.423344 1.751756
-0.595295 24.422868 1.751756
-0.580164 24.422392 1.751756
-0.565032 24.421917 1.751756
-0.549900 24.421441 1.751756
-0.534769 24.420965 1.751756
-0.519637 24.420489 1.751756
-0.504506 24.420013 1.751756
-0.489374 24.419538 1.751756
-0.474242 24.419062 1.751756
-0.459111 24.418586 1.751756
-0.443979 24.418110 1.751756
-0.428848 24.417635 1.751756
-0.413716 24.417159 1.751756
-0.398584 24.416683 1.751756
-0.383453 24.416207 1.751756
-0.368321 24.415731 1.751756
-0.353190 24.415256 1.751756
-0.338058 24.414780 1.751756
-0.322926 24.414304 1.751756
-0.307795 24.413828 1.751756
-0.292663 24.413353 1.751756
-0.277532 24.412877 1.751756
-0.262400 24.412401 1.751756
-0.247268 24.411925 1.751756
-0.232137 24.411450 1.751756
-0.217005 24.410974 1.751756
-0.201874 24.410498 1.751756
-0.079087 19.987072 0.894918
-0.071660 19.957888 0.889306
-0.064796 19.950788 0.887971
-0.057960 19.943716 0.886642
-0.051149 19.936674 0.885318
-0.044365 19.929659 0.883999
-0.037652 19.926133 0.883357
-0.030971 19.924304 0.883043
-0.024295 19.922476 0.882729
-0.017626 19.920650 0.882416
-0.010963 19.918825 0.882102
-0.004306 19.917002 0.881789
0.002343 19.916649 0.881762
0.008992 19.918483 0.882158
0.015648 19.920318 0.882554
0.022312 19.922155 0.882951
0.028983 19.923995 0.883348
0.035663 19.925836 0.883746
0.042357 19.928380 0.884280
0.049113 19.935382 0.885679
0.055897 19.942412 0.887083
0.062708 19.949473 0.888493
0.069548 19.956564 0.889910
0.076741 19.980715 0.894636
0.176416 24.398604 1.751756
0.191548 24.398128 1.751756
0.206680 24.397652 1.751756
0.221811 24.397176 1.751756
0.236943 24.396701 1.751756
0.252074 24.396225 1.751756
0.267206 24.395749 1.751756
0.282338 24.395273 1.751756
0.297469 24.394797 1.751756
0.312601 24.394322 1.751756
0.327732 24.393846 1.751756
0.342864 24.393370 1.751756
0.357996 24.392894 1.751756
0.373127 24.392419 1.751756
0.388259 24.391943 1.751756
0.403390 24.391467 1.751756
0.418522 24.390991 1.751756
0.433654 24.390515 1.751756
0.448785 24.390040 1.751756
0.463917 24.389564 1.751756
0.479048 24.389088 1.751756
0.494180 24.388612 1.751756
0.509312 24.388137 1.751756
0.524443 24.387661 1.751756
0.539575 24.387185 1.751756
0.554706 24.386709 1.751756
0.569838 24.386233 1.751756
0.584970 24.385758 1.751756
-0.625558 24.423820 1.736616
-0.610427 24.423344 1.736616
-0.595295 24.422868 1.736616
-0.580164 24.422392 1.736616
-0.565032 24.421917 1.736616
-0.549900 24.421441 1.736616
-0.534769 24.420965 1.736616
-0.519637 24.420489 1.736616
-0.504506 24.420013 1.736616
-0.489374 24.419538 1.736616
-0.474242 24.419062 1.736616
-0.459111 24.418586 1.736616
-0.443979 24.418110 1.736616
-0.428848 24.417635 1.736616
-0.413716 24.417159 1.736616
-0.398584 24.416683 1.736616
-0.383453 24.416207 1.736616
-0.368321 24.415731 1.736616
-0.353190 24.415256 1.736616
-0.338058 24.414780 1.736616
-0.322926 24.414304 1.736616
-0.307795 24.413828 1.736616
-0.292663 24.413353 1.736616
-0.277532 24.412877 1.736616
-0.262400 24.412401 1.736616
-0.247268 24.411925 1.736616
-0.232137 24.411450 1.736616
-0.217005 24.410974 1.736616
-0.201874 24.410498 1.736616
-0.078990 19.983086 0.887374
-0.071632 19.956634 0.882340
-0.064771 19.949539 0.881019
-0.057937 19.942472 0.879704
-0.051129 19.935435 0.878394
-0.044347 19.928425 0.877089
-0.037641 19.925250 0.876520
-0.030961 19.923421 0.876209
-0.024287 19.921595 0.875899
-0.017619 19.919769 0.875589
-0.010958 19.917945 0.875279
-0.004302 19.916122 0.874969
0.002345 19.915771 0.874942
0.008991 19.917604 0.875334
0.015646 19.919438 0.875726
0.022308 19.921274 0.876119
0.028978 19.923113 0.876512
0.035656 19.924953 0.876906
0.042345 19.927152 0.877368
0.049099 19.934149 0.878752
0.055880 19.941174 0.880142
0.062689 19.948230 0.881538
0.069526 19.955316 0.882939
0.076667 19.976817 0.887110
0.176416 24.398604 1.736616
0.191548 24.398128 1.736616
0.206680 24.397652 1.736616
0.221811 24.397176 1.736616
0.236943 24.396701 1.736616
0.252074 24.396225 1.736616
0.267206 24.395749 1.736616
0.282338 24.395273 1.736616
0.297469 24.394797 1.736616
0.312601 24.394322 1.736616
0.327732 24.393846 1.736616
0.342864 24.393370 1.736616
0.357996 24.392894 1.736616
0.373127 24.392419 1.736616
0.388259 24.391943 1.736616
0.403390 24.391467 1.736616
0.418522 24.390991 1.736616
0.433654 24.390515 1.736616
0.448785 24.390040 1.736616
0.463917 24.389564 1.736616
0.479048 24.389088 1.736616
0.494180 24.388612 1.736616
0.509312 24.388137 1.736616
0.524443 24.387661 1.736616
0.539575 24.387185 1.736616
0.554706 24.386709 1.736616
0.569838 24.386233 1.736616
0.584970 24.385758 1.736616
-0.625558 24.423820 1.721477
-0.610427 24.423344 1.721477
-0.595295 24.422868 1.721477
-0.580164 24.422392 1.721477
-0.565032 24.421917 1.721477
-0.549900 24.421441 1.721477
-0.534769 24.420965 1.721477
-0.519637 24.420489 1.721477
-0.504506 24.420013 1.721477
-0.489374 24.419538 1.721477
-0.474242 24.419062 1.721477
-0.459111 24.418586 1.721477
-0.443979 24.418110 1.721477
-0.428848 24.417635 1.721477
-0.413716 24.417159 1.721477
-0.398584 24.416683 1.721477
-0.383453 24.416207 1.721477
-0.368321 24.415731 1.721477
-0.353190 24.415256 1.721477
-0.338058 24.414780 1.721477
-0.322926 24.414304 1.721477
-0.307795 24.413828 1.721477
-0.292663 24.413353 1.721477
-0.277532 24.412877 1.721477
-0.262400 24.412401 1.721477
-0.247268 24.411925 1.721477
-0.232137 24.411450 1.721477
-0.217005 24.410974 1.721477
-0.201874 24.410498 1.721477
-0.078893 19.979107 0.879846
-0.071603 19.955381 0.875380
-0.064745 19.948291 0.874073
-0.057913 19.941229 0.872771
-0.051108 19.934197 0.871475
-0.044329 19.927191 0.870184
-0.037629 19.924367 0.869687
-0.030951 19.922539 0.869380
-0.024279 19.920713 0.869072
-0.017613 19.918888 0.868765
-0.010953 19.917065 0.868459
-0.004299 19.915243 0.868152
0.002346 19.914893 0.868125
0.008991 19.916725 0.868513
0.015644 19.918558 0.868901
0.022305 19.920394 0.869290
0.028973 19.922231 0.869679
0.035649 19.924071 0.870069
0.042333 19.925925 0.870461
0.049084 19.932916 0.871831
0.055863 19.939937 0.873206
0.062670 19.946988 0.874587
0.069505 19.954068 0.875973
0.076592 19.972928 0.879601
0.176416 24.398604 1.721477
0.191548 24.398128 1.721477
0.206680 24.397652 1.721477
0.221811 24.397176 1.721477
0.236943 24.396701 1.721477
0.252074 24.396225 1.721477
0.267206 24.395749 1.721477
0.282338 24.395273 1.721477
0.297469 24.394797 1.721477
0.312601 24.394322 1.721477
0.327732 24.393846 1.721477
0.342864 24.393370 1.721477
0.357996 24.392894 1.721477
0.373127 24.392419 1.721477
0.388259 24.391943 1.721477
0.403390 24.391467 1.721477
0.418522 24.390991 1.721477
0.433654 24.390515 1.721477
0.448785 24.390040 1.721477
0.463917 24.389564 1.721477
0.479048 24.389088 1.721477
0.494180 24.388612 1.721477
0.509312 24.388137 1.721477
0.524443 24.387661 1.721477
0.539575 24.387185 1.721477
0.554706 24.386709 1.721477
0.569838 24.386233 1.721477
0.584970 24.385758 1.721477
-0.625558 24.423820 1.706338
-0.610427 24.423344 1.706338
-0.595295 24.422868 1.706338
-0.580164 24.422392 1.706338
-0.565032 24.421917 1.706338
-0.549900 24.421441 1.706338
-0.534769 24.420965 1.706338
-0.519637 24.420489 1.706338
-0.504506 24.420013 1.706338
-0.489374 24.419538 1.706338
-0.474242 24.419062 1.706338
-0.459111 24.418586 1.706338
-0.443979 24.418110 1.706338
-0.428848 24.417635 1.706338
-0.413716 24.417159 1.706338
-0.398584 24.416683 1.706338
-0.383453 24.416207 1.706338
-0.368321 24.415731 1.706338
-0.353190 24.415256 1.706338
-0.338058 24.414780 1.706338
-0.322926 24.414304 1.706338
-0.307795 24.413828 1.706338
-0.292663 24.413353 1.706338
-0.277532 24.412877 1.706338
-0.262400 24.412401 1.706338
-0.247268 24.411925 1.706338
-0.232137 24.411450 1.706338
-0.217005 24.410974 1.706338
-0.201874 24.410498 1.706338
-0.078796 19.975137 0.872335
-0.071575 19.954128 0.868424
-0.064719 19.947043 0.867131
-0.057890 19.939987 0.865843
-0.051087 19.932960 0.864561
-0.044310 19.925959 0.863284
-0.037618 19.923484 0.862857
-0.030941 19.921657 0.862553
-0.024271 19.919832 0.862249
-0.017606 19.918008 0.861945
-0.010948 19.916185 0.861642
-0.004296 19.914365 0.861338
0.002347 19.914016 0.861312
0.008991 19.915846 0.861696
0.015642 19.917679 0.862080
0.022301 19.919513 0.862465
0.028968 19.921350 0.862850
0.035642 19.923189 0.863235
0.042325 19.925029 0.863621
0.049070 19.931685 0.864914
0.055847 19.938700 0.866274
0.062651 19.945746 0.867641
0.069483 19.952821 0.869012
0.076518 19.969048 0.872108
0.083913 19.999431 0.877870
0.191548 24.398128 1.706338
0.206680 24.397652 1.706338
0.221811 24.397176 1.706338
0.236943 24.396701 1.706338
0.252074 24.396225 1.706338
0.267206 24.395749 1.706338
0.282338 24.395273 1.706338
0.297469 24.394797 1.706338
0.312601 24.394322 1.706338
0.327732 24.393846 1.706338
0.342864 24.393370 1.706338
0.357996 24.392894 1.706338
0.373127 24.392419 1.706338
0.388259 24.391943 1.706338
0.403390 24.391467 1.706338
0.418522 24.390991 1.706338
0.433654 24.390515 1.706338
0.448785 24.390040 1.706338
0.463917 24.389564 1.706338
0.479048 24.389088 1.706338
0.494180 24.388612 1.706338
0.509312 24.388137 1.706338
0.524443 24.387661 1.706338
0.539575 24.387185 1.706338
0.554706 24.386709 1.706338
0.569838 24.386233 1.706338
0.584970 24.385758 1.706338
-0.625558 24.423820 1.691199
-0.610427 24.423344 1.691199
-0.595295 24.422868 1.691199
-0.580164 24.422392 1.691199
-0.565032 24.421917 1.691199
-0.549900 24.421441 1.691199
-0.534769 24.420965 1.691199
-0.519637 24.420489 1.691199
-0.504506 24.420013 1.691199
-0.489374 24.419538 1.691199
-0.474242 24.419062 1.691199
-0.459111 24.418586 1.691199
-0.443979 24.418110 1.691199
-0.428848 24.417635 1.691199
-0.413716 24.417159 1.691199
-0.398584 24.416683 1.691199
-0.383453 24.416207 1.691199
-0.368321 24.415731 1.691199
-0.353190 24.415256 1.691199
-0.338058 24.414780 1.691199
-0.322926 24.414304 1.691199
-0.307795 24.413828 1.691199
-0.292663 24.413353 1.691199
-0.277532 24.412877 1.691199
-0.262400 24.412401 1.691199
-0.247268 24.411925 1.691199
-0.232137 24.411450 1.691199
-0.217005 24.410974 1.691199
-0.201874 24.410498 1.691199
-0.078700 19.971176 0.864840
-0.071547 19.952877 0.861473
-0.064694 19.945797 0.860194
-0.057867 19.938746 0.858920
-0.051066 19.931723 0.857652
-0.044292 19.924727 0.856388
-0.037606 19.922601 0.856031
-0.030931 19.920775 0.855730
-0.024263 19.918951 0.855429
-0.017600 19.917128 0.855129
-0.010943 19.915306 0.854828
-0.004293 19.913487 0.854528
0.002349 19.913139 0.854502
0.008991 19.914969 0.854882
0.015640 19.916800 0.855262
0.022298 19.918634 0.855643
0.028963 19.920469 0.856024
0.035635 19.922307 0.856405
0.042316 19.924147 0.856787
0.049056 19.930454 0.858002
0.055830 19.937465 0.859348
0.062632 19.944506 0.860699
0.069462 19.951576 0.862057
0.076444 19.965176 0.864631
0.083830 19.995491 0.870323
0.191548 24.398128 1.691199
0.206680 24.397652 1.691199
0.221811 24.397176 1.691199
0.236943 24.396701 1.691199
0.252074 24.396225 1.691199
0.267206 24.395749 1.691199
0.282338 24.395273 1.691199
0.297469 24.394797 1.691199
0.312601 24.394322 1.691199
0.327732 24.393846 1.691199
0.342864 24.393370 1.691199
0.357996 24.392894 1.691199
0.373127 24.392419 1.691199
0.388259 24.391943 1.691199
0.403390 24.391467 1.691199
0.418522 24.390991 1.691199
0.433654 24.390515 1.691199
0.448785 24.390040 1.691199
0.463917 24.389564 1.691199
0.479048 24.389088 1.691199
0.494180 24.388612 1.691199
0.509312 24.388137 1.691199
0.524443 24.387661 1.691199
0.539575 24.387185 1.691199
0.554706 24.386709 1.691199
0.569838 24.386233 1.691199
0.584970 24.385758 1.691199
-0.625558 24.423820 1.676060
-0.610427 24.423344 1.676060
-0.595295 24.422868 1.676060
-0.580164 24.422392 1.676060
-0.565032 24.421917 1.676060
-0.549900 24.421441 1.676060
-0.534769 24.420965 1.676060
-0.519637 24.420489 1.676060
-0.504506 24.420013 1.676060
-0.489374 24.419538 1.676060
-0.474242 24.419062 1.676060
-0.459111 24.418586 1.676060
-0.443979 24.418110 1.676060
-0.428848 24.417635 1.676060
-0.413716 24.417159 1.676060
-0.398584 24.416683 1.676060
-0.383453 24.416207 1.676060
-0.368321 24.415731 1.676060
-0.353190 24.415256 1.676060
-0.338058 24.414780 1.676060
-0.322926 24.414304 1.676060
-0.307795 24.413828 1.676060
-0.292663 24.413353 1.676060
-0.277532 24.412877 1.676060
-0.262400 24.412401 1.676060
-0.247268 24.411925 1.676060
-0.232137 24.411450 1.676060
-0.217005 24.410974 1.676060
-0.086146 19.998066 0.863006
-0.078603 19.967223 0.857362
-0.071519 19.951626 0.854527
-0.064668 19.944551 0.853262
-0.057844 19.937505 0.852002
-0.051046 19.930487 0.850747
-0.044274 19.923546 0.849507
-0.037595 19.921719 0.849208
-0.030922 19.919894 0.848911
-0.024255 19.918071 0.848613
-0.017594 19.916249 0.848315
-0.010939 19.914428 0.848018
-0.004290 19.912609 0.847721
0.002350 19.912263 0.847696
0.008991 19.914091 0.848072
0.015638 19.915922 0.848448
0.022294 19.917754 0.848824
0.028957 19.919589 0.849201
0.035629 19.921426 0.849579
0.042307 19.923264 0.849957
0.049042 19.929224 0.851095
0.055813 19.936230 0.852426
0.062613 19.943266 0.853763
0.069440 19.950331 0.855106
0.076370 19.961312 0.857171
0.083748 19.991560 0.862792
0.191548 24.398128 1.676060
0.206680 24.397652 1.676060
0.221811 24.397176 1.676060
0.236943 24.396701 1.676060
0.252074 24.396225 1.676060
0.267206 24.395749 1.676060
0.282338 24.395273 1.676060
0.297469 24.394797 1.676060
0.312601 24.394322 1.676060
0.327732 24.393846 1.676060
0.342864 24.393370 1.676060
0.357996 24.392894 1.676060
0.373127 24.392419 1.676060
0.388259 24.391943 1.676060
0.403390 24.391467 1.676060
0.418522 24.390991 1.676060
0.433654 24.390515 1.676060
0.448785 24.390040 1.676060
0.463917 24.389564 1.676060
0.479048 24.389088 1.676060
0.494180 24.388612 1.676060
0.509312 24.388137 1.676060
0.524443 24.387661 1.676060
0.539575 24.387185 1.676060
0.554706 24.386709 1.676060
0.569838 24.386233 1.676060
0.584970 24.385758 1.676060
-0.625558 24.423820 1.660921
-0.610427 24.423344 1.660921
-0.595295 24.422868 1.660921
-0.580164 24.422392 1.660921
-0.565032 24.421917 1.660921
-0.549900 24.421441 1.660921
-0.534769 24.420965 1.660921
-0.519637 24.420489 1.660921
-0.504506 24.420013 1.660921
-0.489374 24.419538 1.660921
-0.474242 24.419062 1.660921
-0.459111 24.418586 1.660921
-0.443979 24.418110 1.660921
-0.428848 24.417635 1.660921
-0.413716 24.417159 1.660921
-0.398584 24.416683 1.660921
-0.383453 24.416207 1.660921
-0.368321 24.415731 1.660921
-0.353190 24.415256 1.660921
-0.338058 24.414780 1.660921
-0.322926 24.414304 1.660921
-0.307795 24.413828 1.660921
-0.292663 24.413353 1.660921
-0.277532 24.412877 1.660921
-0.262400 24.412401 1.660921
-0.247268 24.411925 1.660921
-0.232137 24.411450 1.660921
-0.217005 24.410974 1.660921
-0.086040 19.994055 0.855475
-0.078507 19.963279 0.849901
-0.071491 19.950376 0.847586
-0.064643 19.943306 0.846335
-0.057821 19.936266 0.845089
-0.051025 19.929253 0.843848
-0.044261 19.922663 0.842684
-0.037583 19.920838 0.842389
-0.030912 19.919014 0.842094
-0.024246 19.917191 0.841800
-0.017587 19.915370 0.841506
-0.010934 19.913550 0.841212
-0.004287 19.911732 0.840918
0.002352 19.911387 0.840893
0.008990 19.913214 0.841265
0.015637 19.915044 0.841637
0.022291 19.916875 0.842009
0.028952 19.918709 0.842382
0.035622 19.920545 0.842756
0.042299 19.922383 0.843129
0.049028 19.927996 0.844193
0.055797 19.934996 0.845509
0.062594 19.942027 0.846831
0.069419 19.949087 0.848159
0.076296 19.957457 0.849726
0.083665 19.987638 0.855278
0.191548 24.398128 1.660921
0.206680 24.397652 1.660921
0.221811 24.397176 1.660921
0.236943 24.396701 1.660921
0.252074 24.396225 1.660921
0.267206 24.395749 1.660921
0.282338 24.395273 1.660921
0.297469 24.394797 1.660921
0.312601 24.394322 1.660921
0.327732 24.393846 1.660921
0.342864 24.393370 1.660921
0.357996 24.392894 1.660921
0.373127 24.392419 1.660921
0.388259 24.391943 1.660921
0.403390 24.391467 1.660921
0.418522 24.390991 1.660921
0.433654 24.390515 1.660921
0.448785 24.390040 1.660921
0.463917 24.389564 1.660921
0.479048 24.389088 1.660921
0.494180 24.388612 1.660921
0.509312 24.388137 1.660921
0.524443 24.387661 1.660921
0.539575 24.387185 1.660921
0.554706 24.386709 1.660921
0.569838 24.386233 1.660921
0.584970 24.385758 1.660921
-0.625558 24.423820 1.645782
-0.610427 24.423344 1.645782
-0.595295 24.422868 1.645782
-0.580164 24.422392 1.645782
-0.565032 24.421917 1.645782
-0.549900 24.421441 1.645782
-0.534769 24.420965 1.645782
-0.519637 24.420489 1.645782
-0.504506 24.420013 1.645782
-0.489374 24.419538 1.645782
-0.474242 24.419062 1.645782
-0.459111 24.418586 1.645782
-0.443979 24.418110 1.645782
-0.428848 24.417635 1.645782
-0.413716 24.417159 1.645782
-0.398584 24.416683 1.645782
-0.383453 24.416207 1.645782
-0.368321 24.415731 1.645782
-0.353190 24.415256 1.645782
-0.338058 24.414780 1.645782
-0.322926 24.414304 1.645782
-0.307795 24.413828 1.645782
-0.292663 24.413353 1.645782
-0.277532 24.412877 1.645782
-0.262400 24.412401 1.645782
-0.247268 24.411925 1.645782
-0.232137 24.411450 1.645782
-0.217005 24.410974 1.645782
-0.085936 19.990053 0.847960
-0.078412 19.959344 0.842456
-0.071463 19.949128 0.840650
-0.064617 19.942062 0.839412
-0.057797 19.935027 0.838180
-0.051004 19.928019 0.836953
-0.044248 19.921782 0.835865
-0.037572 19.919957 0.835573
-0.030902 19.918133 0.835282
-0.024238 19.916312 0.834990
-0.017581 19.914491 0.834699
-0.010929 19.912672 0.834408
-0.004284 19.910855 0.834118
0.002353 19.910511 0.834094
0.008990 19.912338 0.834461
0.015635 19.914166 0.834829
0.022287 19.915997 0.835198
0.028947 19.917830 0.835567
0.035615 19.919664 0.835936
0.042290 19.921501 0.836306
0.049013 19.926767 0.837295
0.055780 19.933763 0.838597
0.062575 19.940789 0.839905
0.069397 19.947844 0.841218
0.076248 19.954928 0.842537
0.083583 19.983724 0.847780
0.191548 24.398128 1.645782
0.206680 24.397652 1.645782
0.221811 24.397176 1.645782
0.236943 24.396701 1.645782
0.252074 24.396225 1.645782
0.267206 24.395749 1.645782
0.282338 24.395273 1.645782
0.297469 24.394797 1.645782
0.312601 24.394322 1.645782
0.327732 24.393846 1.645782
0.342864 24.393370 1.645782
0.357996 24.392894 1.645782
0.373127 24.392419 1.645782
0.388259 24.391943 1.645782
0.403390 24.391467 1.645782
0.418522 24.390991 1.645782
0.433654 24.390515 1.645782
0.448785 24.390040 1.645782
0.463917 24.389564 1.645782
0.479048 24.389088 1.645782
0.494180 24.388612 1.645782
0.509312 24.388137 1.645782
0.524443 24.387661 1.645782
0.539575 24.387185 1.645782
0.554706 24.386709 1.645782
0.569838 24.386233 1.645782
0.584970 24.385758 1.645782
-0.625558 24.423820 1.630643
-0.610427 24.423344 1.630643
-0.595295 24.422868 1.630643
-0.580164 24.422392 1.630643
-0.565032 24.421917 1.630643
-0.549900 24.421441 1.630643
-0.534769 24.420965 1.630643
-0.519637 24.420489 1.630643
-0.504506 24.420013 1.630643
-0.489374 24.419538 1.630643
-0.474242 24.419062 1.630643
-0.459111 24.418586 1.630643
-0.443979 24.418110 1.630643
-0.428848 24.417635 1.630643
-0.413716 24.417159 1.630643
-0.398584 24.416683 1.630643
-0.383453 24.416207 1.630643
-0.368321 24.415731 1.630643
-0.353190 24.415256 1.630643
-0.338058 24.414780 1.630643
-0.322926 24.414304 1.630643
-0.307795 24.413828 1.630643
-0.292663 24.413353 1.630643
-0.277532 24.412877 1.630643
-0.262400 24.412401 1.630643
-0.247268 24.411925 1.630643
-0.232137 24.411450 1.630643
-0.217005 24.410974 1.630643
-0.085831 19.986060 0.840462
-0.078316 19.955418 0.835027
-0.071435 19.947879 0.833718
-0.064591 19.940819 0.832495
-0.057774 19.933789 0.831277
-0.050983 19.926786 0.830063
-0.044235 19.920900 0.829049
-0.037560 19.919076 0.828760
-0.030892 19.917254 0.828472
-0.024230 19.915433 0.828184
-0.017574 19.913613 0.827896
-0.010924 19.911795 0.827609
-0.004280 19.909978 0.827321
0.002355 19.909636 0.827297
0.008990 19.911462 0.827661
0.015633 19.913289 0.828025
0.022284 19.915119 0.828389
0.028942 19.916950 0.828754
0.035608 19.918784 0.829120
0.042282 19.920620 0.829485
0.048999 19.925540 0.830402
0.055764 19.932531 0.831690
0.062556 19.939552 0.832983
0.069376 19.946602 0.834282
0.076224 19.953681 0.835585
0.083501 19.979819 0.840298
0.191548 24.398128 1.630643
0.206680 24.397652 1.630643
0.221811 24.397176 1.630643
0.236943 24.396701 1.630643
0.252074 24.396225 1.630643
0.267206 24.395749 1.630643
0.282338 24.395273 1.630643
0.297469 24.394797 1.630643
0.312601 24.394322 1.630643
0.327732 24.393846 1.630643
0.342864 24.393370 1.630643
0.357996 24.392894 1.630643
0.373127 24.392419 1.630643
0.388259 24.391943 1.630643
0.403390 24.391467 1.630643
0.418522 24.390991 1.630643
0.433654 24.390515 1.630643
0.448785 24.390040 1.630643
0.463917 24.389564 1.630643
0.479048 24.389088 1.630643
0.494180 24.388612 1.630643
0.509312 24.388137 1.630643
0.524443 24.387661 1.630643
0.539575 24.387185 1.630643
0.554706 24.386709 1.630643
0.569838 24.386233 1.630643
0.584970 24.385758 1.630643
-0.625558 24.423820 1.615504
-0.610427 24.423344 1.615504
-0.595295 24.422868 1.615504
-0.580164 24.422392 1.615504
-0.565032 24.421917 1.615504
-0.549900 24.421441 1.615504
-0.534769 24.420965 1.615504
-0.519637 24.420489 1.615504
-0.504506 24.420013 1.615504
-0.489374 24.419538 1.615504
-0.474242 24.419062 1.615504
-0.459111 24.418586 1.615504
-0.443979 24.418110 1.615504
-0.428848 24.417635 1.615504
-0.413716 24.417159 1.615504
-0.398584 24.416683 1.615504
-0.383453 24.416207 1.615504
-0.368321 24.415731 1.615504
-0.353190 24.415256 1.615504
-0.338058 24.414780 1.615504
-0.322926 24.414304 1.615504
-0.307795 24.413828 1.615504
-0.292663 24.413353 1.615504
-0.277532 24.412877 1.615504
-0.262400 24.412401 1.615504
-0.247268 24.411925 1.615504
-0.232137 24.411450 1.615504
-0.217005 24.410974 1.615504
-0.085726 19.982076 0.832981
-0.078275 19.953715 0.828007
-0.071407 19.946632 0.826792
-0.064566 19.939577 0.825582
-0.057751 19.932552 0.824378
-0.050963 19.925553 0.823178
-0.044222 19.920019 0.822237
-0.037549 19.918196 0.821951
-0.030883 19.916374 0.821666
-0.024222 19.914554 0.821381
-0.017568 19.912735 0.821097
-0.010920 19.910918 0.820812
-0.004277 19.909102 0.820528
0.002356 19.908761 0.820505
0.008990 19.910586 0.820864
0.015631 19.912413 0.821224
0.022280 19.914241 0.821585
0.028937 19.916072 0.821945
0.035601 19.917905 0.822307
0.042273 19.919740 0.822668
0.048985 19.924314 0.823515
0.055747 19.931300 0.824788
0.062537 19.938315 0.826066
0.069355 19.945360 0.827350
0.076200 19.952435 0.828639
0.083419 19.975922 0.832833
0.191548 24.398128 1.615504
0.206680 24.397652 1.615504
0.221811 24.397176 1.615504
0.236943 24.396701 1.615504
0.252074 24.396225 1.615504
0.267206 24.395749 1.615504
0.282338 24.395273 1.615504
0.297469 24.394797 1.615504
0.312601 24.394322 1.615504
0.327732 24.393846 1.615504
0.342864 24.393370 1.615504
0.357996 24.392894 1.615504
0.373127 24.392419 1.615504
0.388259 24.391943 1.615504
0.403390 24.391467 1.615504
0.418522 24.390991 1.615504
0.433654 24.390515 1.615504
0.448785 24.390040 1.615504
0.463917 24.389564 1.615504
0.479048 24.389088 1.615504
0.494180 24.388612 1.615504
0.509312 24.388137 1.615504
0.524443 24.387661 1.615504
0.539575 24.387185 1.615504
0.554706 24.386709 1.615504
0.569838 24.386233 1.615504
0.584970 24.385758 1.615504
-0.625558 24.423820 1.600365
-0.610427 24.423344 1.600365
-0.595295 24.422868 1.600365
-0.580164 24.422392 1.600365
-0.565032 24.421917 1.600365
-0.549900 24.421441 1.600365
-0.534769 24.420965 1.600365
-0.519637 24.420489 1.600365
-0.504506 24.420013 1.600365
-0.489374 24.419538 1.600365
-0.474242 24.419062 1.600365
-0.459111 24.418586 1.600365
-0.443979 24.418110 1.600365
-0.428848 24.417635 1.600365
-0.413716 24.417159 1.600365
-0.398584 24.416683 1.600365
-0.383453 24.416207 1.600365
-0.368321 24.415731 1.600365
-0.353190 24.415256 1.600365
-0.338058 24.414780 1.600365
-0.322926 24.414304 1.600365
-0.307795 24.413828 1.600365
-0.292663 24.413353 1.600365
-0.277532 24.412877 1.600365
-0.262400 24.412401 1.600365
-0.247268 24.411925 1.600365
-0.232137 24.411450 1.600365
-0.217005 24.410974 1.600365
-0.085622 19.978099 0.825516
-0.078244 19.952464 0.821071
-0.071379 19.945386 0.819871
-0.064540 19.938336 0.818675
-0.057728 19.931316 0.817484
-0.050942 19.924322 0.816298
-0.044209 19.919138 0.815428
-0.037538 19.917316 0.815146
-0.030873 19.915495 0.814864
-0.024214 19.913676 0.814582
-0.017561 19.911858 0.814301
-0.010915 19.910041 0.814019
-0.004274 19.908227 0.813738
0.002358 19.907887 0.813715
0.008990 19.909711 0.814071
0.015629 19.911536 0.814427
0.022277 19.913364 0.814783
0.028932 19.915194 0.815140
0.035594 19.917026 0.815497
0.042265 19.918860 0.815855
0.048971 19.923089 0.816631
0.055731 19.930069 0.817890
0.062518 19.937080 0.819154
0.069333 19.944120 0.820423
0.076176 19.951189 0.821697
0.083337 19.972034 0.825384
0.191548 24.398128 1.600365
0.206680 24.397652 1.600365
0.221811 24.397176 1.600365
0.236943 24.396701 1.600365
0.252074 24.396225 1.600365
0.267206 24.395749 1.600365
0.282338 24.395273 1.600365
0.297469 24.394797 1.600365
0.312601 24.394322 1.600365
0.327732 24.393846 1.600365
0.342864 24.393370 1.600365
0.357996 24.392894 1.600365
0.373127 24.392419 1.600365
0.388259 24.391943 1.600365
0.403390 24.391467 1.600365
0.418522 24.390991 1.600365
0.433654 24.390515 1.600365
0.448785 24.390040 1.600365
0.463917 24.389564 1.600365
0.479048 24.389088 1.600365
0.494180 24.388612 1.600365
0.509312 24.388137 1.600365
0.524443 24.387661 1.600365
0.539575 24.387185 1.600365
0.554706 24.386709 1.600365
0.569838 24.386233 1.600365
0.584970 24.385758 1.600365
-0.625558 24.423820 1.585226
-0.610427 24.423344 1.585226
-0.595295 24.422868 1.585226
-0.580164 24.422392 1.585226
-0.565032 24.421917 1.585226
-0.549900 24.421441 1.585226
-0.534769 24.420965 1.585226
-0.519637 24.420489 1.585226
-0.504506 24.420013 1.585226
-0.489374 24.419538 1.585226
-0.474242 24.419062 1.585226
-0.459111 24.418586 1.585226
-0.443979 24.418110 1.585226
-0.428848 24.417635 1.585226
-0.413716 24.417159 1.585226
-0.398584 24.416683 1.585226
-0.383453 24.416207 1.585226
-0.368321 24.415731 1.585226
-0.353190 24.415256 1.585226
-0.338058 24.414780 1.585226
-0.322926 24.414304 1.585226
-0.307795 24.413828 1.585226
-0.292663 24.413353 1.585226
-0.277532 24.412877 1.585226
-0.262400 24.412401 1.585226
-0.247268 24.411925 1.585226
-0.232137 24.411450 1.585226
-0.217005 24.410974 1.585226
-0.085518 19.974132 0.818067
-0.078214 19.951214 0.814141
-0.071351 19.944141 0.812954
-0.064515 19.937096 0.811772
-0.057705 19.930081 0.810595
-0.050921 19.923092 0.809422
-0.044195 19.918258 0.808622
-0.037526 19.916437 0.808343
-0.030863 19.914617 0.808065
-0.024206 19.912798 0.807786
-0.017555 19.910981 0.807508
-0.010910 19.909166 0.807230
-0.004271 19.907352 0.806952
0.002359 19.907013 0.806929
0.008989 19.908836 0.807281
0.015627 19.910661 0.807633
0.022273 19.912487 0.807985
0.028926 19.914316 0.808338
0.035588 19.916147 0.808691
0.042256 19.917980 0.809044
0.048957 19.921864 0.809753
0.055714 19.928840 0.810997
0.062499 19.935845 0.812247
0.069312 19.942880 0.813501
0.076153 19.949945 0.814761
0.083255 19.968155 0.817951
0.090707 19.998526 0.823248
0.206680 24.397652 1.585226
0.221811 24.397176 1.585226
0.236943 24.396701 1.585226
0.252074 24.396225 1.585226
0.267206 24.395749 1.585226
0.282338 24.395273 1.585226
0.297469 24.394797 1.585226
0.312601 24.394322 1.585226
0.327732 24.393846 1.585226
0.342864 24.393370 1.585226
0.357996 24.392894 1.585226
0.373127 24.392419 1.585226
0.388259 24.391943 1.585226
0.403390 24.391467 1.585226
0.418522 24.390991 1.585226
0.433654 24.390515 1.585226
0.448785 24.390040 1.585226
0.463917 24.389564 1.585226
0.479048 24.389088 1.585226
0.494180 24.388612 1.585226
0.509312 24.388137 1.585226
0.524443 24.387661 1.585226
0.539575 24.387185 1.585226
0.554706 24.386709 1.585226
0.569838 24.386233 1.585226
0.584970 24.385758 1.585226
-0.625558 24.423820 1.570087
-0.610427 24.423344 1.570087
-0.595295 24.422868 1.570087
-0.580164 24.422392 1.570087
-0.565032 24.421917 1.570087
-0.549900 24.421441 1.570087
-0.534769 24.420965 1.570087
-0.519637 24.420489 1.570087
-0.504506 24.420013 1.570087
-0.489374 24.419538 1.570087
-0.474242 24.419062 1.570087
-0.459111 24.418586 1.570087
-0.443979 24.418110 1.570087
-0.428848 24.417635 1.570087
-0.413716 24.417159 1.570087
-0.398584 24.416683 1.570087
-0.383453 24.416207 1.570087
-0.368321 24.415731 1.570087
-0.353190 24.415256 1.570087
-0.338058 24.414780 1.570087
-0.322926 24.414304 1.570087
-0.307795 24.413828 1.570087
-0.292663 24.413353 1.570087
-0.277532 24.412877 1.570087
-0.262400 24.412401 1.570087
-0.247268 24.411925 1.570087
-0.232137 24.411450 1.570087
-0.217005 24.410974 1.570087
-0.085414 19.970173 0.810635
-0.078183 19.949965 0.807215
-0.071323 19.942896 0.806042
-0.064489 19.935857 0.804874
-0.057682 19.928846 0.803710
-0.050901 19.921862 0.802551
-0.044182 19.917379 0.801820
-0.037515 19.915558 0.801544
-0.030853 19.913739 0.801269
-0.024198 19.911921 0.800993
-0.017548 19.910105 0.800718
-0.010905 19.908290 0.800443
-0.004268 19.906477 0.800169
0.002361 19.906140 0.800147
0.008989 19.907962 0.800494
0.015626 19.909785 0.800842
0.022270 19.911611 0.801191
0.028921 19.913439 0.801539
0.035581 19.915269 0.801888
0.042248 19.917101 0.802238
0.048942 19.920640 0.802880
0.055697 19.927611 0.804109
0.062480 19.934611 0.805344
0.069290 19.941642 0.806584
0.076129 19.948701 0.807829
0.083174 19.964285 0.810535
0.090616 19.994588 0.815762
0.206680 24.397652 1.570087
0.221811 24.397176 1.570087
0.236943 24.396701 1.570087
0.252074 24.396225 1.570087
0.267206 24.395749 1.570087
0.282338 24.395273 1.570087
0.297469 24.394797 1.570087
0.312601 24.394322 1.570087
0.327732 24.393846 1.570087
0.342864 24.393370 1.570087
0.357996 24.392894 1.570087
0.373127 24.392419 1.570087
0.388259 24.391943 1.570087
0.403390 24.391467 1.570087
0.418522 24.390991 1.570087
0.433654 24.390515 1.570087
0.448785 24.390040 1.570087
0.463917 24.389564 1.570087
0.479048 24.389088 1.570087
0.494180 24.388612 1.570087
0.509312 24.388137 1.570087
0.524443 24.387661 1.570087
0.539575 24.387185 1.570087
0.554706 24.386709 1.570087
0.569838 24.386233 1.570087
0.584970 24.385758 1.570087
-0.625558 24.423820 1.554947
-0.610427 24.423344 1.554947
-0.595295 24.422868 1.554947
-0.580164 24.422392 1.554947
-0.565032 24.421917 1.554947
-0.549900 24.421441 1.554947
-0.534769 24.420965 1.554947
-0.519637 24.420489 1.554947
-0.504506 24.420013 1.554947
-0.489374 24.419538 1.554947
-0.474242 24.419062 1.554947
-0.459111 24.418586 1.554947
-0.443979 24.418110 1.554947
-0.428848 24.417635 1.554947
-0.413716 24.417159 1.554947
-0.398584 24.416683 1.554947
-0.383453 24.416207 1.554947
-0.368321 24.415731 1.554947
-0.353190 24.415256 1.554947
-0.338058 24.414780 1.554947
-0.322926 24.414304 1.554947
-0.307795 24.413828 1.554947
-0.292663 24.413353 1.554947
-0.277532 24.412877 1.554947
-0.262400 24.412401 1.554947
-0.247268 24.411925 1.554947
-0.232137 24.411450 1.554947
-0.092908 19.997047 0.808397
-0.085310 19.966223 0.803220
-0.078153 19.948716 0.800294
-0.071295 19.941652 0.799135
-0.064464 19.934619 0.797981
-0.057659 19.927613 0.796831
-0.050880 19.920633 0.795685
-0.044169 19.916499 0.795021
-0.037503 19.914680 0.794749
-0.030843 19.912862 0.794476
-0.024190 19.911044 0.794204
-0.017542 19.909229 0.793932
-0.010900 19.907415 0.793661
-0.004265 19.905603 0.793389
0.002362 19.905267 0.793368
0.008989 19.907087 0.793711
0.015624 19.908910 0.794055
0.022266 19.910735 0.794399
0.028916 19.912562 0.794744
0.035574 19.914391 0.795089
0.042239 19.916222 0.795434
0.048928 19.919418 0.796011
0.055681 19.926383 0.797226
0.062461 19.933379 0.798446
0.069269 19.940404 0.799672
0.076105 19.947458 0.800902
0.083093 19.960423 0.803134
0.090526 19.990659 0.808292
0.206680 24.397652 1.554947
0.221811 24.397176 1.554947
0.236943 24.396701 1.554947
0.252074 24.396225 1.554947
0.267206 24.395749 1.554947
0.282338 24.395273 1.554947
0.297469 24.394797 1.554947
0.312601 24.394322 1.554947
0.327732 24.393846 1.554947
0.342864 24.393370 1.554947
0.357996 24.392894 1.554947
0.373127 24.392419 1.554947
0.388259 24.391943 1.554947
0.403390 24.391467 1.554947
0.418522 24.390991 1.554947
0.433654 24.390515 1.554947
0.448785 24.390040 1.554947
0.463917 24.389564 1.554947
0.479048 24.389088 1.554947
0.494180 24.388612 1.554947
0.509312 24.388137 1.554947
0.524443 24.387661 1.554947
0.539575 24.387185 1.554947
0.554706 24.386709 1.554947
0.569838 24.386233 1.554947
0.584970 24.385758 1.554947
-0.625558 24.423820 1.539808
-0.610427 24.423344 1.539808
-0.595295 24.422868 1.539808
-0.580164 24.422392 1.539808
-0.565032 24.421917 1.539808
-0.549900 24.421441 1.539808
-0.534769 24.420965 1.539808
-0.519637 24.420489 1.539808
-0.504506 24.420013 1.539808
-0.489374 24.419538 1.539808
-0.474242 24.419062 1.539808
-0.459111 24.418586 1.539808
-0.443979 24.418110 1.539808
-0.428848 24.417635 1.539808
-0.413716 24.417159 1.539808
-0.398584 24.416683 1.539808
-0.383453 24.416207 1.539808
-0.368321 24.415731 1.539808
-0.353190 24.415256 1.539808
-0.338058 24.414780 1.539808
-0.322926 24.414304 1.539808
-0.307795 24.413828 1.539808
-0.292663 24.413353 1.539808
-0.277532 24.412877 1.539808
-0.262400 24.412401 1.539808
-0.247268 24.411925 1.539808
-0.232137 24.411450 1.539808
-0.092795 19.993038 0.800929
-0.085207 19.962281 0.795821
-0.078123 19.947468 0.793378
-0.071267 19.940410 0.792233
-0.064439 19.933381 0.791092
-0.057636 19.926380 0.789956
-0.050860 19.919405 0.788824
-0.044156 19.915621 0.788226
-0.037492 19.913802 0.787957
-0.030834 19.911984 0.787687
-0.024182 19.910168 0.787418
-0.017536 19.908353 0.787150
-0.010896 19.906541 0.786881
-0.004262 19.904729 0.786613
0.002364 19.904394 0.786592
0.008989 19.906214 0.786931
0.015622 19.908036 0.787271
0.022263 19.909860 0.787611
0.028911 19.911686 0.787952
0.035567 19.913514 0.788293
0.042231 19.915344 0.788634
0.048914 19.918195 0.789147
0.055664 19.925156 0.790348
0.062442 19.932147 0.791553
0.069248 19.939167 0.792764
0.076081 19.946216 0.793980
0.083012 19.956569 0.795750
0.090436 19.986738 0.800839
0.206680 24.397652 1.539808
0.221811 24.397176 1.539808
0.236943 24.396701 1.539808
0.252074 24.396225 1.539808
0.267206 24.395749 1.539808
0.282338 24.395273 1.539808
0.297469 24.394797 1.539808
0.312601 24.394322 1.539808
0.327732 24.393846 1.539808
0.342864 24.393370 1.539808
0.357996 24.392894 1.539808
0.373127 24.392419 1.539808
0.388259 24.391943 1.539808
0.403390 24.391467 1.539808
0.418522 24.390991 1.539808
0.433654 24.390515 1.539808
0.448785 24.390040 1.539808
0.463917 24.389564 1.539808
0.479048 24.389088 1.539808
0.494180 24.388612 1.539808
0.509312 24.388137 1.539808
0.524443 24.387661 1.539808
0.539575 24.387185 1.539808
0.554706 24.386709 1.539808
0.569838 24.386233 1.539808
0.584970 24.385758 1.539808
-0.625558 24.423820 1.524669
-0.610427 24.423344 1.524669
-0.595295 24.422868 1.524669
-0.580164 24.422392 1.524669
-0.565032 24.421917 1.524669
-0.549900 24.421441 1.524669
-0.534769 24.420965 1.524669
-0.519637 24.420489 1.524669
-0.504506 24.420013 1.524669
-0.489374 24.419538 1.524669
-0.474242 24.419062 1.524669
-0.459111 24.418586 1.524669
-0.443979 24.418110 1.524669
-0.428848 24.417635 1.524669
-0.413716 24.417159 1.524669
-0.398584 24.416683 1.524669
-0.383453 24.416207 1.524669
-0.368321 24.415731 1.524669
-0.353190 24.415256 1.524669
-0.338058 24.414780 1.524669
-0.322926 24.414304 1.524669
-0.307795 24.413828 1.524669
-0.292663 24.413353 1.524669
-0.277532 24.412877 1.524669
-0.262400 24.412401 1.524669
-0.247268 24.411925 1.524669
-0.232137 24.411450 1.524669
-0.092683 19.989038 0.793478
-0.085104 19.958348 0.788438
-0.078092 19.946222 0.786467
-0.071239 19.939168 0.785336
-0.064413 19.932145 0.784209
-0.057613 19.925148 0.783086
-0.050839 19.918178 0.781968
-0.044143 19.914742 0.781434
-0.037480 19.912924 0.781168
-0.030824 19.911108 0.780902
-0.024174 19.909292 0.780636
-0.017529 19.907479 0.780370
-0.010891 19.905666 0.780105
-0.004259 19.903856 0.779840
0.002365 19.903522 0.779819
0.008989 19.905341 0.780155
0.015620 19.907162 0.780491
0.022259 19.908985 0.780827
0.028906 19.910810 0.781163
0.035560 19.912637 0.781500
0.042222 19.914466 0.781838
0.048900 19.916974 0.782288
0.055648 19.923930 0.783474
0.062423 19.930915 0.784665
0.069226 19.937931 0.785862
0.076058 19.944975 0.787063
0.082931 19.952724 0.788381
0.090347 19.982826 0.793402
0.206680 24.397652 1.524669
0.221811 24.397176 1.524669
0.236943 24.396701 1.524669
0.252074 24.396225 1.524669
0.267206 24.395749 1.524669
0.282338 24.395273 1.524669
0.297469 24.394797 1.524669
0.312601 24.394322 1.524669
0.327732 24.393846 1.524669
0.342864 24.393370 1.524669
0.357996 24.392894 1.524669
0.373127 24.392419 1.524669
0.388259 24.391943 1.524669
0.403390 24.391467 1.524669
0.418522 24.390991 1.524669
0.433654 24.390515 1.524669
0.448785 24.390040 1.524669
0.463917 24.389564 1.524669
0.479048 24.389088 1.524669
0.494180 24.388612 1.524669
0.509312 24.388137 1.524669
0.524443 24.387661 1.524669
0.539575 24.387185 1.524669
0.554706 24.386709 1.524669
0.569838 24.386233 1.524669
0.584970 24.385758 1.524669
-0.625558 24.423820 1.509530
-0.610427 24.423344 1.509530
-0.595295 24.422868 1.509530
-0.580164 24.422392 1.509530
-0.565032 24.421917 1.509530
-0.549900 24.421441 1.509530
-0.534769 24.420965 1.509530
-0.519637 24.420489 1.509530
-0.504506 24.420013 1.509530
-0.489374 24.419538 1.509530
-0.474242 24.419062 1.509530
-0.459111 24.418586 1.509530
-0.443979 24.418110 1.509530
-0.428848 24.417635 1.509530
-0.413716 24.417159 1.509530
-0.398584 24.416683 1.509530
-0.383453 24.416207 1.509530
-0.368321 24.415731 1.509530
-0.353190 24.415256 1.509530
-0.338058 24.414780 1.509530
-0.322926 24.414304 1.509530
-0.307795 24.413828 1.509530
-0.292663 24.413353 1.509530
-0.277532 24.412877 1.509530
-0.262400 24.412401 1.509530
-0.247268 24.411925 1.509530
-0.232137 24.411450 1.509530
-0.092570 19.985048 0.786043
-0.085001 19.954424 0.781071
-0.078062 19.944976 0.779561
-0.071212 19.937927 0.778443
-0.064388 19.930909 0.777330
-0.057590 19.923917 0.776221
-0.050818 19.916952 0.775116
-0.044130 19.913864 0.774646
-0.037469 19.912047 0.774383
-0.030814 19.910231 0.774120
-0.024165 19.908417 0.773857
-0.017523 19.906604 0.773595
-0.010886 19.904792 0.773332
-0.004256 19.902983 0.773070
0.002366 19.902651 0.773050
0.008988 19.904468 0.773382
0.015618 19.906289 0.773713
0.022256 19.908111 0.774046
0.028901 19.909934 0.774378
0.035553 19.911761 0.774711
0.042214 19.913589 0.775045
0.048886 19.915754 0.775433
0.055631 19.922705 0.776605
0.062404 19.929685 0.777782
0.069205 19.936695 0.778964
0.076034 19.943734 0.780151
0.082891 19.950802 0.781342
0.090257 19.978923 0.785981
0.206680 24.397652 1.509530
0.221811 24.397176 1.509530
0.236943 24.396701 1.509530
0.252074 24.396225 1.509530
0.267206 24.395749 1.509530
0.282338 24.395273 1.509530
0.297469 24.394797 1.509530
0.312601 24.394322 1.509530
0.327732 24.393846 1.509530
0.342864 24.393370 1.509530
0.357996 24.392894 1.509530
0.373127 24.392419 1.509530
0.388259 24.391943 1.509530
0.403390 24.391467 1.509530
0.418522 24.390991 1.509530
0.433654 24.390515 1.509530
0.448785 24.390040 1.509530
0.463917 24.389564 1.509530
0.479048 24.389088 1.509530
0.494180 24.388612 1.509530
0.509312 24.388137 1.509530
0.524443 24.387661 1.509530
0.539575 24.387185 1.509530
0.554706 24.386709 1.509530
0.569838 24.386233 1.509530
0.584970 24.385758 1.509530
-0.625558 24.423820 1.494391
-0.610427 24.423344 1.494391
-0.595295 24.422868 1.494391
-0.580164 24.422392 1.494391
-0.565032 24.421917 1.494391
-0.549900 24.421441 1.494391
-0.534769 24.420965 1.494391
-0.519637 24.420489 1.494391
-0.504506 24.420013 1.494391
-0.489374 24.419538 1.494391
-0.474242 24.419062 1.494391
-0.459111 24.418586 1.494391
-0.443979 24.418110 1.494391
-0.428848 24.417635 1.494391
-0.413716 24.417159 1.494391
-0.398584 24.416683 1.494391
-0.383453 24.416207 1.494391
-0.368321 24.415731 1.494391
-0.353190 24.415256 1.494391
-0.338058 24.414780 1.494391
-0.322926 24.414304 1.494391
-0.307795 24.413828 1.494391
-0.292663 24.413353 1.494391
-0.277532 24.412877 1.494391
-0.262400 24.412401 1.494391
-0.247268 24.411925 1.494391
-0.232137 24.411450 1.494391
-0.092458 19.981066 0.778624
-0.084906 19.950802 0.773768
-0.078032 19.943731 0.772660
-0.071184 19.936688 0.771556
-0.064362 19.929674 0.770456
-0.057567 19.922687 0.769361
-0.050798 19.915727 0.768270
-0.044117 19.912987 0.767860
-0.037458 19.911170 0.767601
-0.030804 19.909356 0.767341
-0.024157 19.907542 0.767081
-0.017516 19.905729 0.766822
-0.010881 19.903919 0.766563
-0.004252 19.902110 0.766304
0.002368 19.901779 0.766284
0.008988 19.903596 0.766612
0.015616 19.905415 0.766940
0.022252 19.907236 0.767268
0.028895 19.909059 0.767597
0.035547 19.910884 0.767926
0.042205 19.912712 0.768255
0.048872 19.914541 0.768585
0.055615 19.921481 0.769741
0.062386 19.928456 0.770904
0.069184 19.935461 0.772071
0.076010 19.942495 0.773243
0.082864 19.949558 0.774420
0.090168 19.975027 0.778576
0.206680 24.397652 1.494391
0.221811 24.397176 1.494391
0.236943 24.396701 1.494391
0.252074 24.396225 1.494391
0.267206 24.395749 1.494391
0.282338 24.395273 1.494391
0.297469 24.394797 1.494391
0.312601 24.394322 1.494391
0.327732 24.393846 1.494391
0.342864 24.393370 1.494391
0.357996 24.392894 1.494391
0.373127 24.392419 1.494391
0.388259 24.391943 1.494391
0.403390 24.391467 1.494391
0.418522 24.390991 1.494391
0.433654 24.390515 1.494391
0.448785 24.390040 1.494391
0.463917 24.389564 1.494391
0.479048 24.389088 1.494391
0.494180 24.388612 1.494391
0.509312 24.388137 1.494391
0.524443 24.387661 1.494391
0.539575 24.387185 1.494391
0.554706 24.386709 1.494391
0.569838 24.386233 1.494391
0.584970 24.385758 1.494391
-0.625558 24.423820 1.479252
-0.610427 24.423344 1.479252
-0.595295 24.422868 1.479252
-0.580164 24.422392 1.479252
-0.565032 24.421917 1.479252
-0.549900 24.421441 1.479252
-0.534769 24.420965 1.479252
-0.519637 24.420489 1.479252
-0.504506 24.420013 1.479252
-0.489374 24.419538 1.479252
-0.474242 24.419062 1.479252
-0.459111 24.418586 1.479252
-0.443979 24.418110 1.479252
-0.428848 24.417635 1.479252
-0.413716 24.417159 1.479252
-0.398584 24.416683 1.479252
-0.383453 24.416207 1.479252
-0.368321 24.415731 1.479252
-0.353190 24.415256 1.479252
-0.338058 24.414780 1.479252
-0.322926 24.414304 1.479252
-0.307795 24.413828 1.479252
-0.292663 24.413353 1.479252
-0.277532 24.412877 1.479252
-0.262400 24.412401 1.479252
-0.247268 24.411925 1.479252
-0.232137 24.411450 1.479252
-0.092347 19.977092 0.771222
-0.084873 19.949553 0.766858
-0.078001 19.942487 0.765763
-0.071156 19.935449 0.764673
-0.064337 19.928440 0.763587
-0.057544 19.921458 0.762505
-0.050777 19.914503 0.761428
-0.044104 19.912109 0.761079
-0.037446 19.910294 0.760822
-0.030795 19.908480 0.760565
-0.024149 19.906667 0.760309
-0.017510 19.904856 0.760053
-0.010877 19.903046 0.759797
-0.004249 19.901239 0.759541
0.002369 19.900909 0.759522
0.008988 19.902725 0.759846
0.015615 19.904543 0.760169
0.022249 19.906363 0.760494
0.028890 19.908185 0.760818
0.035540 19.910009 0.761143
0.042197 19.911835 0.761468
0.048862 19.913663 0.761794
0.055598 19.920257 0.762882
0.062367 19.927227 0.764030
0.069163 19.934227 0.765183
0.075986 19.941256 0.766341
0.082838 19.948315 0.767503
0.090079 19.971141 0.771188
0.206680 24.397652 1.479252
0.221811 24.397176 1.479252
0.236943 24.396701 1.479252
0.252074 24.396225 1.479252
0.267206 24.395749 1.479252
0.282338 24.395273 1.479252
0.297469 24.394797 1.479252
0.312601 24.394322 1.479252
0.327732 24.393846 1.479252
0.342864 24.393370 1.479252
0.357996 24.392894 1.479252
0.373127 24.392419 1.479252
0.388259 24.391943 1.479252
0.403390 24.391467 1.479252
0.418522 24.390991 1.479252
0.433654 24.390515 1.479252
0.448785 24.390040 1.479252
0.463917 24.389564 1.479252
0.479048 24.389088 1.479252
0.494180 24.388612 1.479252
0.509312 24.388137 1.479252
0.524443 24.387661 1.479252
0.539575 24.387185 1.479252
0.554706 24.386709 1.479252
0.569838 24.386233 1.479252
0.584970 24.385758 1.479252
-0.625558 24.423820 1.464113
-0.610427 24.423344 1.464113
-0.595295 24.422868 1.464113
-0.580164 24.422392 1.464113
-0.565032 24.421917 1.464113
-0.549900 24.421441 1.464113
-0.534769 24.420965 1.464113
-0.519637 24.420489 1.464113
-0.504506 24.420013 1.464113
-0.489374 24.419538 1.464113
-0.474242 24.419062 1.464113
-0.459111 24.418586 1.464113
-0.443979 24.418110 1.464113
-0.428848 24.417635 1.464113
-0.413716 24.417159 1.464113
-0.398584 24.416683 1.464113
-0.383453 24.416207 1.464113
-0.368321 24.415731 1.464113
-0.353190 24.415256 1.464113
-0.338058 24.414780 1.464113
-0.322926 24.414304 1.464113
-0.307795 24.413828 1.464113
-0.292663 24.413353 1.464113
-0.277532 24.412877 1.464113
-0.262400 24.412401 1.464113
-0.247268 24.411925 1.464113
-0.232137 24.411450 1.464113
-0.092235 19.973126 0.763836
-0.084841 19.948305 0.759953
-0.077971 19.941243 0.758872
-0.071128 19.934211 0.757795
-0.064312 19.927207 0.756723
-0.057521 19.920229 0.755654
-0.050757 19.913279 0.754590
-0.044091 19.911233 0.754300
-0.037435 19.909418 0.754047
-0.030785 19.907605 0.753793
-0.024141 19.905793 0.753540
-0.017503 19.903982 0.753287
-0.010872 19.902174 0.753035
-0.004246 19.900367 0.752782
0.002371 19.900038 0.752763
0.008988 19.901854 0.753083
0.015613 19.903670 0.753402
0.022245 19.905489 0.753723
0.028885 19.907311 0.754043
0.035533 19.909134 0.754364
0.042188 19.910959 0.754685
0.048852 19.912786 0.755007
0.055582 19.919034 0.756027
0.062348 19.925999 0.757161
0.069141 19.932995 0.758300
0.075963 19.940019 0.759443
0.082812 19.947072 0.760591
0.089990 19.967263 0.763815
0.097498 19.997622 0.768647
0.221811 24.397176 1.464113
0.236943 24.396701 1.464113
0.252074 24.396225 1.464113
0.267206 24.395749 1.464113
0.282338 24.395273 1.464113
0.297469 24.394797 1.464113
0.312601 24.394322 1.464113
0.327732 24.393846 1.464113
0.342864 24.393370 1.464113
0.357996 24.392894 1.464113
0.373127 24.392419 1.464113
0.388259 24.391943 1.464113
0.403390 24.391467 1.464113
0.418522 24.390991 1.464113
0.433654 24.390515 1.464113
0.448785 24.390040 1.464113
0.463917 24.389564 1.464113
0.479048 24.389088 1.464113
0.494180 24.388612 1.464113
0.509312 24.388137 1.464113
0.524443 24.387661 1.464113
0.539575 24.387185 1.464113
0.554706 24.386709 1.464113
0.569838 24.386233 1.464113
0.584970 24.385758 1.464113
-0.625558 24.423820 1.448974
-0.610427 24.423344 1.448974
-0.595295 24.422868 1.448974
-0.580164 24.422392 1.448974
-0.565032 24.421917 1.448974
-0.549900 24.421441 1.448974
-0.534769 24.420965 1.448974
-0.519637 24.420489 1.448974
-0.504506 24.420013 1.448974
-0.489374 24.419538 1.448974
-0.474242 24.419062 1.448974
-0.459111 24.418586 1.448974
-0.443979 24.418110 1.448974
-0.428848 24.417635 1.448974
-0.413716 24.417159 1.448974
-0.398584 24.416683 1.448974
-0.383453 24.416207 1.448974
-0.368321 24.415731 1.448974
-0.353190 24.415256 1.448974
-0.338058 24.414780 1.448974
-0.322926 24.414304 1.448974
-0.307795 24.413828 1.448974
-0.292663 24.413353 1.448974
-0.277532 24.412877 1.448974
-0.262400 24.412401 1.448974
-0.247268 24.411925 1.448974
-0.232137 24.411450 1.448974
-0.092124 19.969170 0.756467
-0.084808 19.947057 0.753052
-0.077941 19.940001 0.751985
-0.071100 19.932974 0.750922
-0.064286 19.925974 0.749863
-0.057498 19.919002 0.748808
-0.050738 19.912172 0.747776
-0.044078 19.910357 0.747525
-0.037423 19.908543 0.747275
-0.030775 19.906730 0.747025
-0.024133 19.904919 0.746775
-0.017497 19.903110 0.746525
-0.010867 19.901302 0.746275
-0.004243 19.899496 0.746026
0.002372 19.899168 0.746007
0.008988 19.900982 0.746323
0.015611 19.902799 0.746639
0.022242 19.904617 0.746955
0.028880 19.906437 0.747272
0.035526 19.908259 0.747589
0.042180 19.910083 0.747906
0.048841 19.911910 0.748224
0.055566 19.917812 0.749178
0.062329 19.924773 0.750297
0.069120 19.931763 0.751421
0.075939 19.938782 0.752550
0.082786 19.945830 0.753683
0.089901 19.963394 0.756459
0.097400 19.993686 0.761222
0.221811 24.397176 1.448974
0.236943 24.396701 1.448974
0.252074 24.396225 1.448974
0.267206 24.395749 1.448974
0.282338 24.395273 1.448974
0.297469 24.394797 1.448974
0.312601 24.394322 1.448974
0.327732 24.393846 1.448974
0.342864 24.393370 1.448974
0.357996 24.392894 1.448974
0.373127 24.392419 1.448974
0.388259 24.391943 1.448974
0.403390 24.391467 1.448974
0.418522 24.390991 1.448974
0.433654 24.390515 1.448974
0.448785 24.390040 1.448974
0.463917 24.389564 1.448974
0.479048 24.389088 1.448974
0.494180 24.388612 1.448974
0.509312 24.388137 1.448974
0.524443 24.387661 1.448974
0.539575 24.387185 1.448974
0.554706 24.386709 1.448974
0.569838 24.386233 1.448974
0.584970 24.385758 1.448974
-0.625558 24.423820 1.433835
-0.610427 24.423344 1.433835
-0.595295 24.422868 1.433835
-0.580164 24.422392 1.433835
-0.565032 24.421917 1.433835
-0.549900 24.421441 1.433835
-0.534769 24.420965 1.433835
-0.519637 24.420489 1.433835
-0.504506 24.420013 1.433835
-0.489374 24.419538 1.433835
-0.474242 24.419062 1.433835
-0.459111 24.418586 1.433835
-0.443979 24.418110 1.433835
-0.428848 24.417635 1.433835
-0.413716 24.417159 1.433835
-0.398584 24.416683 1.433835
-0.383453 24.416207 1.433835
-0.368321 24.415731 1.433835
-0.353190 24.415256 1.433835
-0.338058 24.414780 1.433835
-0.322926 24.414304 1.433835
-0.307795 24.413828 1.433835
-0.292663 24.413353 1.433835
-0.277532 24.412877 1.433835
-0.262400 24.412401 1.433835
-0.247268 24.411925 1.433835
-0.099665 19.996028 0.753826
-0.092013 19.965222 0.749114
-0.084775 19.945811 0.746157
-0.077911 19.938759 0.745103
-0.071073 19.931737 0.744054
-0.064261 19.924743 0.743008
-0.057475 19.917775 0.741967
-0.050723 19.911296 0.741001
-0.044065 19.909481 0.740754
-0.037412 19.907668 0.740506
-0.030766 19.905856 0.740259
-0.024125 19.904046 0.740012
-0.017491 19.902237 0.739766
-0.010862 19.900430 0.739519
-0.004240 19.898625 0.739273
0.002374 19.898299 0.739255
0.008988 19.900112 0.739567
0.015609 19.901927 0.739878
0.022238 19.903744 0.740191
0.028875 19.905563 0.740503
0.035519 19.907385 0.740816
0.042171 19.909208 0.741130
0.048831 19.911034 0.741443
0.055549 19.916591 0.742333
0.062310 19.923546 0.743438
0.069099 19.930532 0.744547
0.075915 19.937546 0.745662
0.082760 19.944589 0.746780
0.089813 19.959534 0.749118
0.097302 19.989758 0.753814
0.221811 24.397176 1.433835
0.236943 24.396701 1.433835
0.252074 24.396225 1.433835
0.267206 24.395749 1.433835
0.282338 24.395273 1.433835
0.297469 24.394797 1.433835
0.312601 24.394322 1.433835
0.327732 24.393846 1.433835
0.342864 24.393370 1.433835
0.357996 24.392894 1.433835
0.373127 24.392419 1.433835
0.388259 24.391943 1.433835
0.403390 24.391467 1.433835
0.418522 24.390991 1.433835
0.433654 24.390515 1.433835
0.448785 24.390040 1.433835
0.463917 24.389564 1.433835
0.479048 24.389088 1.433835
0.494180 24.388612 1.433835
0.509312 24.388137 1.433835
0.524443 24.387661 1.433835
0.539575 24.387185 1.433835
0.554706 24.386709 1.433835
0.569838 24.386233 1.433835
0.584970 24.385758 1.433835
-0.625558 24.423820 1.418696
-0.610427 24.423344 1.418696
-0.595295 24.422868 1.418696
-0.580164 24.422392 1.418696
-0.565032 24.421917 1.418696
-0.549900 24.421441 1.418696
-0.534769 24.420965 1.418696
-0.519637 24.420489 1.418696
-0.504506 24.420013 1.418696
-0.489374 24.419538 1.418696
-0.474242 24.419062 1.418696
-0.459111 24.418586 1.418696
-0.443979 24.418110 1.418696
-0.428848 24.417635 1.418696
-0.413716 24.417159 1.418696
-0.398584 24.416683 1.418696
-0.383453 24.416207 1.418696
-0.368321 24.415731 1.418696
-0.353190 24.415256 1.418696
-0.338058 24.414780 1.418696
-0.322926 24.414304 1.418696
-0.307795 24.413828 1.418696
-0.292663 24.413353 1.418696
-0.277532 24.412877 1.418696
-0.262400 24.412401 1.418696
-0.247268 24.411925 1.418696
-0.099545 19.992022 0.746421
-0.091902 19.961283 0.741777
-0.084742 19.944565 0.739266
-0.077880 19.937519 0.738226
-0.071045 19.930502 0.737190
-0.064236 19.923512 0.736159
-0.057452 19.916549 0.735131
-0.050709 19.910419 0.734230
-0.044052 19.908606 0.733985
-0.037401 19.906794 0.733741
-0.030756 19.904983 0.733497
-0.024117 19.903173 0.733254
-0.017484 19.901365 0.733010
-0.010858 19.899559 0.732767
-0.004237 19.897755 0.732524
0.002375 19.897430 0.732506
0.008987 19.899242 0.732814
0.015607 19.901056 0.733122
0.022235 19.902872 0.733430
0.028870 19.904691 0.733738
0.035513 19.906511 0.734047
0.042163 19.908333 0.734357
0.048821 19.910158 0.734666
0.055533 19.915371 0.735492
0.062291 19.922321 0.736583
0.069078 19.929302 0.737678
0.075892 19.936311 0.738778
0.082734 19.943349 0.739883
0.089725 19.955682 0.741794
0.097205 19.985839 0.746421
0.221811 24.397176 1.418696
0.236943 24.396701 1.418696
0.252074 24.396225 1.418696
0.267206 24.395749 1.418696
0.282338 24.395273 1.418696
0.297469 24.394797 1.418696
0.312601 24.394322 1.418696
0.327732 24.393846 1.418696
0.342864 24.393370 1.418696
0.357996 24.392894 1.418696
0.373127 24.392419 1.418696
0.388259 24.391943 1.418696
0.403390 24.391467 1.418696
0.418522 24.390991 1.418696
0.433654 24.390515 1.418696
0.448785 24.390040 1.418696
0.463917 24.389564 1.418696
0.479048 24.389088 1.418696
0.494180 24.388612 1.418696
0.509312 24.388137 1.418696
0.524443 24.387661 1.418696
0.539575 24.387185 1.418696
0.554706 24.386709 1.418696
0.569838 24.386233 1.418696
0.584970 24.385758 1.418696
-0.625558 24.423820 1.403557
-0.610427 24.423344 1.403557
-0.595295 24.422868 1.403557
-0.580164 24.422392 1.403557
-0.565032 24.421917 1.403557
-0.549900 24.421441 1.403557
-0.534769 24.420965 1.403557
-0.519637 24.420489 1.403557
-0.504506 24.420013 1.403557
-0.489374 24.419538 1.403557
-0.474242 24.419062 1.403557
-0.459111 24.418586 1.403557
-0.443979 24.418110 1.403557
-0.428848 24.417635 1.403557
-0.413716 24.417159 1.403557
-0.398584 24.416683 1.403557
-0.383453 24.416207 1.403557
-0.368321 24.415731 1.403557
-0.353190 24.415256 1.403557
-0.338058 24.414780 1.403557
-0.322926 24.414304 1.403557
-0.307795 24.413828 1.403557
-0.292663 24.413353 1.403557
-0.277532 24.412877 1.403557
-0.262400 24.412401 1.403557
-0.247268 24.411925 1.403557
-0.099425 19.988025 0.739033
-0.091792 19.957353 0.734457
-0.084710 19.943321 0.732380
-0.077850 19.936279 0.731354
-0.071017 19.929267 0.730331
-0.064210 19.922282 0.729313
-0.057429 19.915324 0.728299
-0.050694 19.909544 0.727462
-0.044039 19.907731 0.727221
-0.037389 19.905919 0.726980
-0.030746 19.904109 0.726739
-0.024109 19.902301 0.726498
-0.017478 19.900494 0.726258
-0.010853 19.898688 0.726018
-0.004234 19.896885 0.725778
0.002377 19.896561 0.725760
0.008987 19.898373 0.726064
0.015605 19.900186 0.726368
0.022231 19.902001 0.726672
0.028865 19.903818 0.726977
0.035506 19.905638 0.727282
0.042155 19.907459 0.727587
0.048811 19.909282 0.727893
0.055516 19.914152 0.728657
0.062273 19.921097 0.729733
0.069057 19.928073 0.730814
0.075868 19.935077 0.731900
0.082708 19.942110 0.732989
0.089637 19.951838 0.734485
0.097108 19.981929 0.739045
0.221811 24.397176 1.403557
0.236943 24.396701 1.403557
0.252074 24.396225 1.403557
0.267206 24.395749 1.403557
0.282338 24.395273 1.403557
0.297469 24.394797 1.403557
0.312601 24.394322 1.403557
0.327732 24.393846 1.403557
0.342864 24.393370 1.403557
0.357996 24.392894 1.403557
0.373127 24.392419 1.403557
0.388259 24.391943 1.403557
0.403390 24.391467 1.403557
0.418522 24.390991 1.403557
0.433654 24.390515 1.403557
0.448785 24.390040 1.403557
0.463917 24.389564 1.403557
0.479048 24.389088 1.403557
0.494180 24.388612 1.403557
0.509312 24.388137 1.403557
0.524443 24.387661 1.403557
0.539575 24.387185 1.403557
0.554706 24.386709 1.403557
0.569838 24.386233 1.403557
0.584970 24.385758 1.403557
-0.625558 24.423820 1.388418
-0.610427 24.423344 1.388418
-0.595295 24.422868 1.388418
-0.580164 24.422392 1.388418
-0.565032 24.421917 1.388418
-0.549900 24.421441 1.388418
-0.534769 24.420965 1.388418
-0.519637 24.420489 1.388418
-0.504506 24.420013 1.388418
-0.489374 24.419538 1.388418
-0.474242 24.419062 1.388418
-0.459111 24.418586 1.388418
-0.443979 24.418110 1.388418
-0.428848 24.417635 1.388418
-0.413716 24.417159 1.388418
-0.398584 24.416683 1.388418
-0.383453 24.416207 1.388418
-0.368321 24.415731 1.388418
-0.353190 24.415256 1.388418
-0.338058 24.414780 1.388418
-0.322926 24.414304 1.388418
-0.307795 24.413828 1.388418
-0.292663 24.413353 1.388418
-0.277532 24.412877 1.388418
-0.262400 24.412401 1.388418
-0.247268 24.411925 1.388418
-0.099305 19.984037 0.731661
-0.091681 19.953431 0.727152
-0.084677 19.942077 0.725499
-0.077820 19.935041 0.724486
-0.070989 19.928034 0.723478
-0.064185 19.921054 0.722473
-0.057407 19.914100 0.721472
-0.050679 19.908668 0.720697
-0.044026 19.906856 0.720459
-0.037378 19.905046 0.720221
-0.030736 19.903237 0.719984
-0.024101 19.901429 0.719746
-0.017471 19.899623 0.719509
-0.010848 19.897818 0.719272
-0.004231 19.896015 0.719035
0.002378 19.895693 0.719018
0.008987 19.897503 0.719318
0.015603 19.899316 0.719618
0.022228 19.901130 0.719918
0.028859 19.902946 0.720219
0.035499 19.904765 0.720520
0.042146 19.906585 0.720821
0.048801 19.908407 0.721123
0.055500 19.912933 0.721826
0.062254 19.919874 0.722888
0.069035 19.926844 0.723955
0.075845 19.933844 0.725026
0.082682 19.940871 0.726101
0.089549 19.948003 0.727192
0.097011 19.978027 0.731685
0.221811 24.397176 1.388418
0.236943 24.396701 1.388418
0.252074 24.396225 1.388418
0.267206 24.395749 1.388418
0.282338 24.395273 1.388418
0.297469 24.394797 1.388418
0.312601 24.394322 1.388418
0.327732 24.393846 1.388418
0.342864 24.393370 1.388418
0.357996 24.392894 1.388418
0.373127 24.392419 1.388418
0.388259 24.391943 1.388418
0.403390 24.391467 1.388418
0.418522 24.390991 1.388418
0.433654 24.390515 1.388418
0.448785 24.390040 1.388418
0.463917 24.389564 1.388418
0.479048 24.389088 1.388418
0.494180 24.388612 1.388418
0.509312 24.388137 1.388418
0.524443 24.387661 1.388418
0.539575 24.387185 1.388418
0.554706 24.386709 1.388418
0.569838 24.386233 1.388418
0.584970 24.385758 1.388418
-0.625558 24.423820 1.373279
-0.610427 24.423344 1.373279
-0.595295 24.422868 1.373279
-0.580164 24.422392 1.373279
-0.565032 24.421917 1.373279
-0.549900 24.421441 1.373279
-0.534769 24.420965 1.373279
-0.519637 24.420489 1.373279
-0.504506 24.420013 1.373279
-0.489374 24.419538 1.373279
-0.474242 24.419062 1.373279
-0.459111 24.418586 1.373279
-0.443979 24.418110 1.373279
-0.428848 24.417635 1.373279
-0.413716 24.417159 1.373279
-0.398584 24.416683 1.373279
-0.383453 24.416207 1.373279
-0.368321 24.415731 1.373279
-0.353190 24.415256 1.373279
-0.338058 24.414780 1.373279
-0.322926 24.414304 1.373279
-0.307795 24.413828 1.373279
-0.292663 24.413353 1.373279
-0.277532 24.412877 1.373279
-0.262400 24.412401 1.373279
-0.247268 24.411925 1.373279
-0.099186 19.980056 0.724305
-0.091571 19.949518 0.719864
-0.084645 19.940834 0.718623
-0.077790 19.933803 0.717623
-0.070962 19.926801 0.716629
-0.064160 19.919826 0.715637
-0.057384 19.912877 0.714650
-0.050665 19.907793 0.713936
-0.044013 19.905982 0.713701
-0.037367 19.904173 0.713466
-0.030727 19.902364 0.713232
-0.024093 19.900557 0.712998
-0.017465 19.898752 0.712764
-0.010843 19.896948 0.712530
-0.004228 19.895146 0.712296
0.002380 19.894825 0.712279
0.008987 19.896635 0.712575
0.015602 19.898446 0.712871
0.022224 19.900259 0.713167
0.028854 19.902075 0.713464
0.035492 19.903892 0.713761
0.042138 19.905711 0.714058
0.048791 19.907533 0.714356
0.055484 19.911716 0.715000
0.062235 19.918651 0.716048
0.069014 19.925616 0.717100
0.075821 19.932611 0.718157
0.082656 19.939634 0.719218
0.089518 19.946685 0.720283
0.096915 19.974133 0.724341
0.221811 24.397176 1.373279
0.236943 24.396701 1.373279
0.252074 24.396225 1.373279
0.267206 24.395749 1.373279
0.282338 24.395273 1.373279
0.297469 24.394797 1.373279
0.312601 24.394322 1.373279
0.327732 24.393846 1.373279
0.342864 24.393370 1.373279
0.357996 24.392894 1.373279
0.373127 24.392419 1.373279
0.388259 24.391943 1.373279
0.403390 24.391467 1.373279
0.418522 24.390991 1.373279
0.433654 24.390515 1.373279
0.448785 24.390040 1.373279
0.463917 24.389564 1.373279
0.479048 24.389088 1.373279
0.494180 24.388612 1.373279
0.509312 24.388137 1.373279
0.524443 24.387661 1.373279
0.539575 24.387185 1.373279
0.554706 24.386709 1.373279
0.569838 24.386233 1.373279
0.584970 24.385758 1.373279
-0.625558 24.423820 1.358139
-0.610427 24.423344 1.358139
-0.595295 24.422868 1.358139
-0.580164 24.422392 1.358139
-0.565032 24.421917 1.358139
-0.549900 24.421441 1.358139
-0.534769 24.420965 1.358139
-0.519637 24.420489 1.358139
-0.504506 24.420013 1.358139
-0.489374 24.419538 1.358139
-0.474242 24.419062 1.358139
-0.459111 24.418586 1.358139
-0.443979 24.418110 1.358139
-0.428848 24.417635 1.358139
-0.413716 24.417159 1.358139
-0.398584 24.416683 1.358139
-0.383453 24.416207 1.358139
-0.368321 24.415731 1.358139
-0.353190 24.415256 1.358139
-0.338058 24.414780 1.358139
-0.322926 24.414304 1.358139
-0.307795 24.413828 1.358139
-0.292663 24.413353 1.358139
-0.277532 24.412877 1.358139
-0.262400 24.412401 1.358139
-0.247268 24.411925 1.358139
-0.099067 19.976085 0.716966
-0.091491 19.946646 0.712740
-0.084612 19.939592 0.711751
-0.077760 19.932566 0.710766
-0.070934 19.925569 0.709784
-0.064135 19.918598 0.708807
-0.057361 19.911654 0.707833
-0.050650 19.906919 0.707178
-0.044000 19.905109 0.706946
-0.037355 19.903300 0.706715
-0.030717 19.901492 0.706483
-0.024085 19.899686 0.706252
-0.017459 19.897882 0.706021
-0.010839 19.896079 0.705791
-0.004225 19.894278 0.705560
0.002381 19.893958 0.705544
0.008987 19.895766 0.705836
0.015600 19.897577 0.706128
0.022221 19.899389 0.706420
0.028849 19.901203 0.706713
0.035485 19.903020 0.707006
0.042129 19.904838 0.707299
0.048781 19.906659 0.707593
0.055467 19.910499 0.708179
0.062216 19.917430 0.709212
0.068993 19.924390 0.710250
0.075797 19.931379 0.711293
0.082630 19.938397 0.712339
0.089490 19.945444 0.713390
0.096818 19.970249 0.717012
0.221811 24.397176 1.358139
0.236943 24.396701 1.358139
0.252074 24.396225 1.358139
0.267206 24.395749 1.358139
0.282338 24.395273 1.358139
0.297469 24.394797 1.358139
0.312601 24.394322 1.358139
0.327732 24.393846 1.358139
0.342864 24.393370 1.358139
0.357996 24.392894 1.358139
0.373127 24.392419 1.358139
0.388259 24.391943 1.358139
0.403390 24.391467 1.358139
0.418522 24.390991 1.358139
0.433654 24.390515 1.358139
0.448785 24.390040 1.358139
0.463917 24.389564 1.358139
0.479048 24.389088 1.358139
0.494180 24.388612 1.358139
0.509312 24.388137 1.358139
0.524443 24.387661 1.358139
0.539575 24.387185 1.358139
0.554706 24.386709 1.358139
0.569838 24.386233 1.358139
0.584970 24.385758 1.358139
-0.625558 24.423820 1.343000
-0.610427 24.423344 1.343000
-0.595295 24.422868 1.343000
-0.580164 24.422392 1.343000
-0.565032 24.421917 1.343000
-0.549900 24.421441 1.343000
-0.534769 24.420965 1.343000
-0.519637 24.420489 1.343000
-0.504506 24.420013 1.343000
-0.489374 24.419538 1.343000
-0.474242 24.419062 1.343000
-0.459111 24.418586 1.343000
-0.443979 24.418110 1.343000
-0.428848 24.417635 1.343000
-0.413716 24.417159 1.343000
-0.398584 24.416683 1.343000
-0.383453 24.416207 1.343000
-0.368321 24.415731 1.343000
-0.353190 24.415256 1.343000
-0.338058 24.414780 1.343000
-0.322926 24.414304 1.343000
-0.307795 24.413828 1.343000
-0.292663 24.413353 1.343000
-0.277532 24.412877 1.343000
-0.262400 24.412401 1.343000
-0.247268 24.411925 1.343000
-0.098948 19.972122 0.709643
-0.091456 19.945400 0.705860
-0.084579 19.938351 0.704884
-0.077730 19.931330 0.703913
-0.070906 19.924338 0.702945
-0.064109 19.917372 0.701980
-0.057338 19.910433 0.701020
-0.050635 19.906045 0.700423
-0.043987 19.904236 0.700195
-0.037344 19.902427 0.699967
-0.030707 19.900621 0.699738
-0.024077 19.898815 0.699510
-0.017452 19.897012 0.699282
-0.010834 19.895210 0.699055
-0.004221 19.893410 0.698827
0.002382 19.893091 0.698812
0.008986 19.894898 0.699099
0.015598 19.896708 0.699387
0.022217 19.898519 0.699676
0.028844 19.900333 0.699965
0.035479 19.902148 0.700254
0.042121 19.903966 0.700543
0.048771 19.905786 0.700833
0.055451 19.909283 0.701362
0.062198 19.916209 0.702382
0.068972 19.923164 0.703405
0.075774 19.930148 0.704433
0.082604 19.937162 0.705465
0.089462 19.944203 0.706502
0.096722 19.966372 0.709700
0.104286 19.996717 0.714067
0.236943 24.396701 1.343000
0.252074 24.396225 1.343000
0.267206 24.395749 1.343000
0.282338 24.395273 1.343000
0.297469 24.394797 1.343000
0.312601 24.394322 1.343000
0.327732 24.393846 1.343000
0.342864 24.393370 1.343000
0.357996 24.392894 1.343000
0.373127 24.392419 1.343000
0.388259 24.391943 1.343000
0.403390 24.391467 1.343000
0.418522 24.390991 1.343000
0.433654 24.390515 1.343000
0.448785 24.390040 1.343000
0.463917 24.389564 1.343000
0.479048 24.389088 1.343000
0.494180 24.388612 1.343000
0.509312 24.388137 1.343000
0.524443 24.387661 1.343000
0.539575 24.387185 1.343000
0.554706 24.386709 1.343000
0.569838 24.386233 1.343000
0.584970 24.385758 1.343000
-0.625558 24.423820 1.327861
-0.610427 24.423344 1.327861
-0.595295 24.422868 1.327861
-0.580164 24.422392 1.327861
-0.565032 24.421917 1.327861
-0.549900 24.421441 1.327861
-0.534769 24.420965 1.327861
-0.519637 24.420489 1.327861
-0.504506 24.420013 1.327861
-0.489374 24.419538 1.327861
-0.474242 24.419062 1.327861
-0.459111 24.418586 1.327861
-0.443979 24.418110 1.327861
-0.428848 24.417635 1.327861
-0.413716 24.417159 1.327861
-0.398584 24.416683 1.327861
-0.383453 24.416207 1.327861
-0.368321 24.415731 1.327861
-0.353190 24.415256 1.327861
-0.338058 24.414780 1.327861
-0.322926 24.414304 1.327861
-0.307795 24.413828 1.327861
-0.292663 24.413353 1.327861
-0.277532 24.412877 1.327861
-0.262400 24.412401 1.327861
-0.106546 19.999022 0.706649
-0.098829 19.968168 0.702336
-0.091421 19.944155 0.698985
-0.084547 19.937110 0.698023
-0.077700 19.930095 0.697064
-0.070879 19.923108 0.696110
-0.064084 19.916147 0.695159
-0.057315 19.909212 0.694212
-0.050621 19.905171 0.693672
-0.043974 19.903363 0.693447
-0.037333 19.901556 0.693222
-0.030698 19.899749 0.692997
-0.024069 19.897945 0.692772
-0.017446 19.896142 0.692547
-0.010829 19.894341 0.692322
-0.004218 19.892542 0.692098
0.002384 19.892225 0.692083
0.008986 19.894031 0.692367
0.015596 19.895840 0.692651
0.022214 19.897650 0.692935
0.028839 19.899462 0.693220
0.035472 19.901277 0.693505
0.042112 19.903094 0.693790
0.048761 19.904912 0.694076
0.055434 19.908068 0.694550
0.062179 19.914989 0.695555
0.068951 19.921939 0.696565
0.075750 19.928919 0.697578
0.082578 19.935927 0.698596
0.089433 19.942963 0.699618
0.096626 19.962504 0.702404
0.104181 19.992783 0.706704
0.236943 24.396701 1.327861
0.252074 24.396225 1.327861
0.267206 24.395749 1.327861
0.282338 24.395273 1.327861
0.297469 24.394797 1.327861
0.312601 24.394322 1.327861
0.327732 24.393846 1.327861
0.342864 24.393370 1.327861
0.357996 24.392894 1.327861
0.373127 24.392419 1.327861
0.388259 24.391943 1.327861
0.403390 24.391467 1.327861
0.418522 24.390991 1.327861
0.433654 24.390515 1.327861
0.448785 24.390040 1.327861
0.463917 24.389564 1.327861
0.479048 24.389088 1.327861
0.494180 24.388612 1.327861
0.509312 24.388137 1.327861
0.524443 24.387661 1.327861
0.539575 24.387185 1.327861
0.554706 24.386709 1.327861
0.569838 24.386233 1.327861
0.584970 24.385758 1.327861
-0.625558 24.423820 1.312722
-0.610427 24.423344 1.312722
-0.595295 24.422868 1.312722
-0.580164 24.422392 1.312722
-0.565032 24.421917 1.312722
-0.549900 24.421441 1.312722
-0.534769 24.420965 1.312722
-0.519637 24.420489 1.312722
-0.504506 24.420013 1.312722
-0.489374 24.419538 1.312722
-0.474242 24.419062 1.312722
-0.459111 24.418586 1.312722
-0.443979 24.418110 1.312722
-0.428848 24.417635 1.312722
-0.413716 24.417159 1.312722
-0.398584 24.416683 1.312722
-0.383453 24.416207 1.312722
-0.368321 24.415731 1.312722
-0.353190 24.415256 1.312722
-0.338058 24.414780 1.312722
-0.322926 24.414304 1.312722
-0.307795 24.413828 1.312722
-0.292663 24.413353 1.312722
-0.277532 24.412877 1.312722
-0.262400 24.412401 1.312722
-0.106418 19.995010 0.699291
-0.098711 19.964223 0.695045
-0.091386 19.942911 0.692114
-0.084514 19.935871 0.691166
-0.077670 19.928861 0.690221
-0.070851 19.921878 0.689280
-0.064059 19.914922 0.688343
-0.057293 19.907992 0.687409
-0.050606 19.904298 0.686924
-0.043961 19.902491 0.686702
-0.037321 19.900684 0.686480
-0.030688 19.898879 0.686258
-0.024061 19.897075 0.686036
-0.017440 19.895273 0.685815
-0.010824 19.893473 0.685593
-0.004215 19.891675 0.685372
0.002385 19.891359 0.685357
0.008986 19.893164 0.685637
0.015594 19.894972 0.685917
0.022210 19.896781 0.686198
0.028834 19.898593 0.686479
0.035465 19.900406 0.686760
0.042104 19.902222 0.687041
0.048750 19.904040 0.687323
0.055418 19.906854 0.687743
0.062160 19.913770 0.688734
0.068930 19.920715 0.689729
0.075727 19.927690 0.690729
0.082552 19.934693 0.691732
0.089405 19.941724 0.692740
0.096530 19.958645 0.695123
0.104076 19.988857 0.699356
0.236943 24.396701 1.312722
0.252074 24.396225 1.312722
0.267206 24.395749 1.312722
0.282338 24.395273 1.312722
0.297469 24.394797 1.312722
0.312601 24.394322 1.312722
0.327732 24.393846 1.312722
0.342864 24.393370 1.312722
0.357996 24.392894 1.312722
0.373127 24.392419 1.312722
0.388259 24.391943 1.312722
0.403390 24.391467 1.312722
0.418522 24.390991 1.312722
0.433654 24.390515 1.312722
0.448785 24.390040 1.312722
0.463917 24.389564 1.312722
0.479048 24.389088 1.312722
0.494180 24.388612 1.312722
0.509312 24.388137 1.312722
0.524443 24.387661 1.312722
0.539575 24.387185 1.312722
0.554706 24.386709 1.312722
0.569838 24.386233 1.312722
0.584970 24.385758 1.312722
-0.625558 24.423820 1.297583
-0.610427 24.423344 1.297583
-0.595295 24.422868 1.297583
-0.580164 24.422392 1.297583
-0.565032 24.421917 1.297583
-0.549900 24.421441 1.297583
-0.534769 24.420965 1.297583
-0.519637 24.420489 1.297583
-0.504506 24.420013 1.297583
-0.489374 24.419538 1.297583
-0.474242 24.419062 1.297583
-0.459111 24.418586 1.297583
-0.443979 24.418110 1.297583
-0.428848 24.417635 1.297583
-0.413716 24.417159 1.297583
-0.398584 24.416683 1.297583
-0.383453 24.416207 1.297583
-0.368321 24.415731 1.297583
-0.353190 24.415256 1.297583
-0.338058 24.414780 1.297583
-0.322926 24.414304 1.297583
-0.307795 24.413828 1.297583
-0.292663 24.413353 1.297583
-0.277532 24.412877 1.297583
-0.262400 24.412401 1.297583
-0.106290 19.991007 0.691950
-0.098593 19.960287 0.687770
-0.091351 19.941667 0.685248
-0.084482 19.934632 0.684313
-0.077640 19.927628 0.683382
-0.070824 19.920650 0.682455
-0.064034 19.913698 0.681531
-0.057270 19.906774 0.680610
-0.050591 19.903426 0.680180
-0.043948 19.901619 0.679961
-0.037310 19.899813 0.679742
-0.030678 19.898009 0.679523
-0.024053 19.896206 0.679304
-0.017433 19.894405 0.679086
-0.010820 19.892606 0.678868
-0.004212 19.890808 0.678650
0.002387 19.890493 0.678635
0.008986 19.892298 0.678911
0.015592 19.894104 0.679187
0.022207 19.895912 0.679464
0.028829 19.897723 0.679741
0.035458 19.899536 0.680018
0.042095 19.901350 0.680295
0.048740 19.903167 0.680573
0.055402 19.905640 0.680941
0.062141 19.912551 0.681918
0.068909 19.919492 0.682898
0.075703 19.926461 0.683883
0.082526 19.933460 0.684873
0.089376 19.940486 0.685866
0.096435 19.954795 0.687858
0.103971 19.984940 0.692025
0.236943 24.396701 1.297583
0.252074 24.396225 1.297583
0.267206 24.395749 1.297583
0.282338 24.395273 1.297583
0.297469 24.394797 1.297583
0.312601 24.394322 1.297583
0.327732 24.393846 1.297583
0.342864 24.393370 1.297583
0.357996 24.392894 1.297583
0.373127 24.392419 1.297583
0.388259 24.391943 1.297583
0.403390 24.391467 1.297583
0.418522 24.390991 1.297583
0.433654 24.390515 1.297583
0.448785 24.390040 1.297583
0.463917 24.389564 1.297583
0.479048 24.389088 1.297583
0.494180 24.388612 1.297583
0.509312 24.388137 1.297583
0.524443 24.387661 1.297583
0.539575 24.387185 1.297583
0.554706 24.386709 1.297583
0.569838 24.386233 1.297583
0.584970 24.385758 1.297583
-0.625558 24.423820 1.282444
-0.610427 24.423344 1.282444
-0.595295 24.422868 1.282444
-0.580164 24.422392 1.282444
-0.565032 24.421917 1.282444
-0.549900 24.421441 1.282444
-0.534769 24.420965 1.282444
-0.519637 24.420489 1.282444
-0.504506 24.420013 1.282444
-0.489374 24.419538 1.282444
-0.474242 24.419062 1.282444
-0.459111 24.418586 1.282444
-0.443979 24.418110 1.282444
-0.428848 24.417635 1.282444
-0.413716 24.417159 1.282444
-0.398584 24.416683 1.282444
-0.383453 24.416207 1.282444
-0.368321 24.415731 1.282444
-0.353190 24.415256 1.282444
-0.338058 24.414780 1.282444
-0.322926 24.414304 1.282444
-0.307795 24.413828 1.282444
-0.292663 24.413353 1.282444
-0.277532 24.412877 1.282444
-0.262400 24.412401 1.282444
-0.106163 19.987012 0.684625
-0.098475 19.956359 0.680512
-0.091316 19.940425 0.678387
-0.084449 19.933395 0.677466
-0.077610 19.926395 0.676548
-0.070796 19.919422 0.675634
-0.064009 19.912475 0.674724
-0.057247 19.905555 0.673817
-0.050577 19.902553 0.673439
-0.043935 19.900747 0.673223
-0.037299 19.898942 0.673007
-0.030669 19.897139 0.672791
-0.024045 19.895337 0.672576
-0.017427 19.893537 0.672361
-0.010815 19.891738 0.672145
-0.004209 19.889941 0.671931
0.002388 19.889628 0.671916
0.008986 19.891431 0.672188
0.015591 19.893237 0.672460
0.022203 19.895045 0.672733
0.028824 19.896854 0.673006
0.035451 19.898666 0.673279
0.042087 19.900480 0.673553
0.048730 19.902295 0.673826
0.055385 19.904428 0.674143
0.062123 19.911334 0.675106
0.068887 19.918269 0.676072
0.075680 19.925234 0.677043
0.082500 19.932227 0.678018
0.089348 19.939249 0.678997
0.096340 19.950953 0.680609
0.103867 19.981032 0.684709
0.236943 24.396701 1.282444
0.252074 24.396225 1.282444
0.267206 24.395749 1.282444
0.282338 24.395273 1.282444
0.297469 24.394797 1.282444
0.312601 24.394322 1.282444
0.327732 24.393846 1.282444
0.342864 24.393370 1.282444
0.357996 24.392894 1.282444
0.373127 24.392419 1.282444
0.388259 24.391943 1.282444
0.403390 24.391467 1.282444
0.418522 24.390991 1.282444
0.433654 24.390515 1.282444
0.448785 24.390040 1.282444
0.463917 24.389564 1.282444
0.479048 24.389088 1.282444
0.494180 24.388612 1.282444
0.509312 24.388137 1.282444
0.524443 24.387661 1.282444
0.539575 24.387185 1.282444
0.554706 24.386709 1.282444
0.569838 24.386233 1.282444
0.584970 24.385758 1.282444
-0.625558 24.423820 1.267305
-0.610427 24.423344 1.267305
-0.595295 24.422868 1.267305
-0.580164 24.422392 1.267305
-0.565032 24.421917 1.267305
-0.549900 24.421441 1.267305
-0.534769 24.420965 1.267305
-0.519637 24.420489 1.267305
-0.504506 24.420013 1.267305
-0.489374 24.419538 1.267305
-0.474242 24.419062 1.267305
-0.459111 24.418586 1.267305
-0.443979 24.418110 1.267305
-0.428848 24.417635 1.267305
-0.413716 24.417159 1.267305
-0.398584 24.416683 1.267305
-0.383453 24.416207 1.267305
-0.368321 24.415731 1.267305
-0.353190 24.415256 1.267305
-0.338058 24.414780 1.267305
-0.322926 24.414304 1.267305
-0.307795 24.413828 1.267305
-0.292663 24.413353 1.267305
-0.277532 24.412877 1.267305
-0.262400 24.412401 1.267305
-0.106036 19.983026 0.677316
-0.098357 19.952439 0.673269
-0.091281 19.939183 0.671531
-0.084417 19.932159 0.670623
-0.077580 19.925164 0.669719
-0.070769 19.918195 0.668819
-0.063983 19.911253 0.667921
-0.057224 19.904338 0.667028
-0.050562 19.901681 0.666701
-0.043922 19.899876 0.666488
-0.037287 19.898072 0.666276
-0.030659 19.896269 0.666063
-0.024037 19.894468 0.665851
-0.017420 19.892669 0.665638
-0.010810 19.890871 0.665426
-0.004206 19.889075 0.665215
0.002390 19.888763 0.665201
0.008985 19.890566 0.665469
0.015589 19.892371 0.665737
0.022200 19.894177 0.666006
0.028818 19.895986 0.666275
0.035445 19.897796 0.666544
0.042079 19.899609 0.666813
0.048720 19.901424 0.667083
0.055370 19.903241 0.667353
0.062104 19.910117 0.668298
0.068866 19.917048 0.669251
0.075656 19.924007 0.670208
0.082474 19.930996 0.671168
0.089320 19.938013 0.672132
0.096244 19.947119 0.673376
0.103763 19.977131 0.677409
0.236943 24.396701 1.267305
0.252074 24.396225 1.267305
0.267206 24.395749 1.267305
0.282338 24.395273 1.267305
0.297469 24.394797 1.267305
0.312601 24.394322 1.267305
0.327732 24.393846 1.267305
0.342864 24.393370 1.267305
0.357996 24.392894 1.267305
0.373127 24.392419 1.267305
0.388259 24.391943 1.267305
0.403390 24.391467 1.267305
0.418522 24.390991 1.267305
0.433654 24.390515 1.267305
0.448785 24.390040 1.267305
0.463917 24.389564 1.267305
0.479048 24.389088 1.267305
0.494180 24.388612 1.267305
0.509312 24.388137 1.267305
0.524443 24.387661 1.267305
0.539575 24.387185 1.267305
0.554706 24.386709 1.267305
0.569838 24.386233 1.267305
0.584970 24.385758 1.267305
-0.625558 24.423820 1.252166
-0.610427 24.423344 1.252166
-0.595295 24.422868 1.252166
-0.580164 24.422392 1.252166
-0.565032 24.421917 1.252166
-0.549900 24.421441 1.252166
-0.534769 24.420965 1.252166
-0.519637 24.420489 1.252166
-0.504506 24.420013 1.252166
-0.489374 24.419538 1.252166
-0.474242 24.419062 1.252166
-0.459111 24.418586 1.252166
-0.443979 24.418110 1.252166
-0.428848 24.417635 1.252166
-0.413716 24.417159 1.252166
-0.398584 24.416683 1.252166
-0.383453 24.416207 1.252166
-0.368321 24.415731 1.252166
-0.353190 24.415256 1.252166
-0.338058 24.414780 1.252166
-0.322926 24.414304 1.252166
-0.307795 24.413828 1.252166
-0.292663 24.413353 1.252166
-0.277532 24.412877 1.252166
-0.262400 24.412401 1.252166
-0.105909 19.979048 0.670023
-0.098240 19.948529 0.666043
-0.091246 19.937942 0.664680
-0.084385 19.930923 0.663786
-0.077550 19.923933 0.662895
-0.070741 19.916969 0.662008
-0.063958 19.910032 0.661124
-0.057202 19.903122 0.660243
-0.050547 19.900810 0.659967
-0.043909 19.899006 0.659757
-0.037276 19.897202 0.659547
-0.030649 19.895401 0.659338
-0.024029 19.893600 0.659129
-0.017414 19.891802 0.658920
-0.010805 19.890005 0.658711
-0.004203 19.888210 0.658502
0.002391 19.887899 0.658488
0.008985 19.889701 0.658753
0.015587 19.891504 0.659017
0.022196 19.893310 0.659282
0.028813 19.895117 0.659547
0.035438 19.896927 0.659812
0.042070 19.898739 0.660077
0.048710 19.900553 0.660343
0.055358 19.902369 0.660610
0.062085 19.908902 0.661496
0.068845 19.915827 0.662434
0.075633 19.922782 0.663377
0.082448 19.929765 0.664323
0.089291 19.936777 0.665273
0.096162 19.943818 0.666227
0.103659 19.973240 0.670126
0.236943 24.396701 1.252166
0.252074 24.396225 1.252166
0.267206 24.395749 1.252166
0.282338 24.395273 1.252166
0.297469 24.394797 1.252166
0.312601 24.394322 1.252166
0.327732 24.393846 1.252166
0.342864 24.393370 1.252166
0.357996 24.392894 1.252166
0.373127 24.392419 1.252166
0.388259 24.391943 1.252166
0.403390 24.391467 1.252166
0.418522 24.390991 1.252166
0.433654 24.390515 1.252166
0.448785 24.390040 1.252166
0.463917 24.389564 1.252166
0.479048 24.389088 1.252166
0.494180 24.388612 1.252166
0.509312 24.388137 1.252166
0.524443 24.387661 1.252166
0.539575 24.387185 1.252166
0.554706 24.386709 1.252166
0.569838 24.386233 1.252166
0.584970 24.385758 1.252166
-0.625558 24.423820 1.237027
-0.610427 24.423344 1.237027
-0.595295 24.422868 1.237027
-0.580164 24.422392 1.237027
-0.565032 24.421917 1.237027
-0.549900 24.421441 1.237027
-0.534769 24.420965 1.237027
-0.519637 24.420489 1.237027
-0.504506 24.420013 1.237027
-0.489374 24.419538 1.237027
-0.474242 24.419062 1.237027
-0.459111 24.418586 1.237027
-0.443979 24.418110 1.237027
-0.428848 24.417635 1.237027
-0.413716 24.417159 1.237027
-0.398584 24.416683 1.237027
-0.383453 24.416207 1.237027
-0.368321 24.415731 1.237027
-0.353190 24.415256 1.237027
-0.338058 24.414780 1.237027
-0.322926 24.414304 1.237027
-0.307795 24.413828 1.237027
-0.292663 24.413353 1.237027
-0.277532 24.412877 1.237027
-0.262400 24.412401 1.237027
-0.105782 19.975079 0.662746
-0.098123 19.944627 0.658832
-0.091211 19.936702 0.657833
-0.084352 19.929688 0.656953
-0.077520 19.922703 0.656075
-0.070714 19.915744 0.655201
-0.063933 19.908812 0.654331
-0.057179 19.901906 0.653464
-0.050533 19.899939 0.653236
-0.043896 19.898136 0.653029
-0.037265 19.896333 0.652823
-0.030640 19.894532 0.652616
-0.024021 19.892733 0.652410
-0.017408 19.890935 0.652204
-0.010801 19.889139 0.651998
-0.004200 19.887344 0.651793
0.002393 19.887035 0.651780
0.008985 19.888836 0.652040
0.015585 19.890638 0.652300
0.022193 19.892443 0.652561
0.028808 19.894250 0.652822
0.035431 19.896059 0.653083
0.042062 19.897870 0.653345
0.048700 19.899682 0.653607
0.055346 19.901498 0.653869
0.062067 19.907687 0.654698
0.068824 19.914607 0.655623
0.075609 19.921557 0.656551
0.082422 19.928535 0.657483
0.089263 19.935542 0.658418
0.096132 19.942578 0.659358
0.103555 19.969356 0.662858
0.111184 19.999755 0.666827
0.252074 24.396225 1.237027
0.267206 24.395749 1.237027
0.282338 24.395273 1.237027
0.297469 24.394797 1.237027
0.312601 24.394322 1.237027
0.327732 24.393846 1.237027
0.342864 24.393370 1.237027
0.357996 24.392894 1.237027
0.373127 24.392419 1.237027
0.388259 24.391943 1.237027
0.403390 24.391467 1.237027
0.418522 24.390991 1.237027
0.433654 24.390515 1.237027
0.448785 24.390040 1.237027
0.463917 24.389564 1.237027
0.479048 24.389088 1.237027
0.494180 24.388612 1.237027
0.509312 24.388137 1.237027
0.524443 24.387661 1.237027
0.539575 24.387185 1.237027
0.554706 24.386709 1.237027
0.569838 24.386233 1.237027
0.584970 24.385758 1.237027
-0.625558 24.423820 1.221888
-0.610427 24.423344 1.221888
-0.595295 24.422868 1.221888
-0.580164 24.422392 1.221888
-0.565032 24.421917 1.221888
-0.549900 24.421441 1.221888
-0.534769 24.420965 1.221888
-0.519637 24.420489 1.221888
-0.504506 24.420013 1.221888
-0.489374 24.419538 1.221888
-0.474242 24.419062 1.221888
-0.459111 24.418586 1.221888
-0.443979 24.418110 1.221888
-0.428848 24.417635 1.221888
-0.413716 24.417159 1.221888
-0.398584 24.416683 1.221888
-0.383453 24.416207 1.221888
-0.368321 24.415731 1.221888
-0.353190 24.415256 1.221888
-0.338058 24.414780 1.221888
-0.322926 24.414304 1.221888
-0.307795 24.413828 1.221888
-0.292663 24.413353 1.221888
-0.277532 24.412877 1.221888
-0.262400 24.412401 1.221888
-0.105656 19.971118 0.655486
-0.098059 19.942501 0.651863
-0.091176 19.935463 0.650992
-0.084320 19.928455 0.650124
-0.077490 19.921474 0.649260
-0.070686 19.914520 0.648400
-0.063908 19.907592 0.647543
-0.057160 19.900873 0.646712
-0.050518 19.899069 0.646508
-0.043883 19.897266 0.646305
-0.037253 19.895464 0.646101
-0.030630 19.893664 0.645898
-0.024013 19.891866 0.645695
-0.017401 19.890069 0.645492
-0.010796 19.888273 0.645289
-0.004197 19.886480 0.645087
0.002394 19.886171 0.645074
0.008985 19.887971 0.645330
0.015583 19.889773 0.645587
0.022189 19.891577 0.645844
0.028803 19.893383 0.646101
0.035424 19.895190 0.646358
0.042053 19.897000 0.646616
0.048690 19.898812 0.646874
0.055334 19.900627 0.647132
0.062048 19.906473 0.647905
0.068803 19.913388 0.648815
0.075586 19.920333 0.649729
0.082396 19.927306 0.650647
0.089235 19.934309 0.651568
0.096101 19.941339 0.652494
0.103452 19.965482 0.655605
0.111072 19.995814 0.659509
0.252074 24.396225 1.221888
0.267206 24.395749 1.221888
0.282338 24.395273 1.221888
0.297469 24.394797 1.221888
0.312601 24.394322 1.221888
0.327732 24.393846 1.221888
0.342864 24.393370 1.221888
0.357996 24.392894 1.221888
0.373127 24.392419 1.221888
0.388259 24.391943 1.221888
0.403390 24.391467 1.221888
0.418522 24.390991 1.221888
0.433654 24.390515 1.221888
0.448785 24.390040 1.221888
0.463917 24.389564 1.221888
0.479048 24.389088 1.221888
0.494180 24.388612 1.221888
0.509312 24.388137 1.221888
0.524443 24.387661 1.221888
0.539575 24.387185 1.221888
0.554706 24.386709 1.221888
0.569838 24.386233 1.221888
0.584970 24.385758 1.221888
-0.625558 24.423820 1.206749
-0.610427 24.423344 1.206749
-0.595295 24.422868 1.206749
-0.580164 24.422392 1.206749
-0.565032 24.421917 1.206749
-0.549900 24.421441 1.206749
-0.534769 24.420965 1.206749
-0.519637 24.420489 1.206749
-0.504506 24.420013 1.206749
-0.489374 24.419538 1.206749
-0.474242 24.419062 1.206749
-0.459111 24.418586 1.206749
-0.443979 24.418110 1.206749
-0.428848 24.417635 1.206749
-0.413716 24.417159 1.206749
-0.398584 24.416683 1.206749
-0.383453 24.416207 1.206749
-0.368321 24.415731 1.206749
-0.353190 24.415256 1.206749
-0.338058 24.414780 1.206749
-0.322926 24.414304 1.206749
-0.307795 24.413828 1.206749
-0.292663 24.413353 1.206749
-0.277532 24.412877 1.206749
-0.113301 19.998003 0.652089
-0.105530 19.967167 0.648241
-0.098022 19.941258 0.645012
-0.091141 19.934225 0.644155
-0.084288 19.927222 0.643301
-0.077460 19.920246 0.642450
-0.070659 19.913296 0.641603
-0.063883 19.906374 0.640759
-0.057143 19.900002 0.639984
-0.050504 19.898199 0.639784
-0.043870 19.896397 0.639583
-0.037242 19.894596 0.639383
-0.030620 19.892797 0.639183
-0.024005 19.890999 0.638983
-0.017395 19.889203 0.638783
-0.010791 19.887409 0.638584
-0.004194 19.885616 0.638384
0.002395 19.885308 0.638372
0.008985 19.887107 0.638624
0.015582 19.888908 0.638877
0.022186 19.890711 0.639130
0.028798 19.892516 0.639383
0.035418 19.894323 0.639636
0.042045 19.896132 0.639890
0.048680 19.897943 0.640144
0.055323 19.899756 0.640398
0.062030 19.905259 0.641117
0.068782 19.912170 0.642013
0.075563 19.919110 0.642913
0.082371 19.926079 0.643816
0.089206 19.933076 0.644723
0.096070 19.940101 0.645634
0.103348 19.961615 0.648369
0.110959 19.991881 0.652206
0.252074 24.396225 1.206749
0.267206 24.395749 1.206749
0.282338 24.395273 1.206749
0.297469 24.394797 1.206749
0.312601 24.394322 1.206749
0.327732 24.393846 1.206749
0.342864 24.393370 1.206749
0.357996 24.392894 1.206749
0.373127 24.392419 1.206749
0.388259 24.391943 1.206749
0.403390 24.391467 1.206749
0.418522 24.390991 1.206749
0.433654 24.390515 1.206749
0.448785 24.390040 1.206749
0.463917 24.389564 1.206749
0.479048 24.389088 1.206749
0.494180 24.388612 1.206749
0.509312 24.388137 1.206749
0.524443 24.387661 1.206749
0.539575 24.387185 1.206749
0.554706 24.386709 1.206749
0.569838 24.386233 1.206749
0.584970 24.385758 1.206749
-0.625558 24.423820 1.191610
-0.610427 24.423344 1.191610
-0.595295 24.422868 1.191610
-0.580164 24.422392 1.191610
-0.565032 24.421917 1.191610
-0.549900 24.421441 1.191610
-0.534769 24.420965 1.191610
-0.519637 24.420489 1.191610
-0.504506 24.420013 1.191610
-0.489374 24.419538 1.191610
-0.474242 24.419062 1.191610
-0.459111 24.418586 1.191610
-0.443979 24.418110 1.191610
-0.428848 24.417635 1.191610
-0.413716 24.417159 1.191610
-0.398584 24.416683 1.191610
-0.383453 24.416207 1.191610
-0.368321 24.415731 1.191610
-0.353190 24.415256 1.191610
-0.338058 24.414780 1.191610
-0.322926 24.414304 1.191610
-0.307795 24.413828 1.191610
-0.292663 24.413353 1.191610
-0.277532 24.412877 1.191610
-0.113166 19.993993 0.644794
-0.105404 19.963224 0.641013
-0.097985 19.940016 0.638166
-0.091107 19.932988 0.637322
-0.084255 19.925990 0.636482
-0.077430 19.919018 0.635645
-0.070631 19.912074 0.634811
-0.063858 19.905156 0.633981
-0.057127 19.899131 0.633260
-0.050489 19.897329 0.633063
-0.043857 19.895528 0.632866
-0.037231 19.893728 0.632668
-0.030611 19.891929 0.632471
-0.023997 19.890132 0.632275
-0.017389 19.888337 0.632078
-0.010787 19.886544 0.631881
-0.004191 19.884752 0.631685
0.002397 19.884446 0.631673
0.008985 19.886244 0.631921
0.015580 19.888043 0.632170
0.022183 19.889846 0.632419
0.028793 19.891649 0.632668
0.035411 19.893455 0.632918
0.042037 19.895263 0.633167
0.048670 19.897074 0.633418
0.055311 19.898886 0.633668
0.062011 19.904047 0.634333
0.068761 19.910953 0.635215
0.075539 19.917888 0.636101
0.082345 19.924851 0.636990
0.089178 19.931843 0.637883
0.096040 19.938864 0.638780
0.103245 19.957757 0.641148
0.110847 19.987957 0.644919
0.252074 24.396225 1.191610
0.267206 24.395749 1.191610
0.282338 24.395273 1.191610
0.297469 24.394797 1.191610
0.312601 24.394322 1.191610
0.327732 24.393846 1.191610
0.342864 24.393370 1.191610
0.357996 24.392894 1.191610
0.373127 24.392419 1.191610
0.388259 24.391943 1.191610
0.403390 24.391467 1.191610
0.418522 24.390991 1.191610
0.433654 24.390515 1.191610
0.448785 24.390040 1.191610
0.463917 24.389564 1.191610
0.479048 24.389088 1.191610
0.494180 24.388612 1.191610
0.509312 24.388137 1.191610
0.524443 24.387661 1.191610
0.539575 24.387185 1.191610
0.554706 24.386709 1.191610
0.569838 24.386233 1.191610
0.584970 24.385758 1.191610
-0.625558 24.423820 1.176471
-0.610427 24.423344 1.176471
-0.595295 24.422868 1.176471
-0.580164 24.422392 1.176471
-0.565032 24.421917 1.176471
-0.549900 24.421441 1.176471
-0.534769 24.420965 1.176471
-0.519637 24.420489 1.176471
-0.504506 24.420013 1.176471
-0.489374 24.419538 1.176471
-0.474242 24.419062 1.176471
-0.459111 24.418586 1.176471
-0.443979 24.418110 1.176471
-0.428848 24.417635 1.176471
-0.413716 24.417159 1.176471
-0.398584 24.416683 1.176471
-0.383453 24.416207 1.176471
-0.368321 24.415731 1.176471
-0.353190 24.415256 1.176471
-0.338058 24.414780 1.176471
-0.322926 24.414304 1.176471
-0.307795 24.413828 1.176471
-0.292663 24.413353 1.176471
-0.277532 24.412877 1.176471
-0.113031 19.989992 0.637516
-0.105279 19.959290 0.633800
-0.097947 19.938775 0.631326
-0.091072 19.931752 0.630495
-0.084223 19.924758 0.629668
-0.077400 19.917792 0.628844
-0.070604 19.910852 0.628024
-0.063833 19.903939 0.627206
-0.057111 19.898261 0.626540
-0.050474 19.896460 0.626345
-0.043844 19.894659 0.626151
-0.037219 19.892860 0.625957
-0.030601 19.891062 0.625763
-0.023989 19.889266 0.625569
-0.017382 19.887472 0.625376
-0.010782 19.885679 0.625182
-0.004188 19.883888 0.624989
0.002398 19.883584 0.624977
0.008984 19.885381 0.625222
0.015578 19.887180 0.625466
0.022179 19.888980 0.625712
0.028788 19.890784 0.625957
0.035404 19.892588 0.626202
0.042028 19.894395 0.626448
0.048660 19.896205 0.626694
0.055299 19.898016 0.626941
0.061992 19.902835 0.627554
0.068740 19.909736 0.628422
0.075516 19.916667 0.629294
0.082319 19.923625 0.630169
0.089150 19.930612 0.631047
0.096009 19.937628 0.631930
0.103143 19.953908 0.633943
0.110735 19.984042 0.637649
0.252074 24.396225 1.176471
0.267206 24.395749 1.176471
0.282338 24.395273 1.176471
0.297469 24.394797 1.176471
0.312601 24.394322 1.176471
0.327732 24.393846 1.176471
0.342864 24.393370 1.176471
0.357996 24.392894 1.176471
0.373127 24.392419 1.176471
0.388259 24.391943 1.176471
0.403390 24.391467 1.176471
0.418522 24.390991 1.176471
0.433654 24.390515 1.176471
0.448785 24.390040 1.176471
0.463917 24.389564 1.176471
0.479048 24.389088 1.176471
0.494180 24.388612 1.176471
0.509312 24.388137 1.176471
0.524443 24.387661 1.176471
0.539575 24.387185 1.176471
0.554706 24.386709 1.176471
0.569838 24.386233 1.176471
0.584970 24.385758 1.176471
-0.625558 24.423820 1.161331
-0.610427 24.423344 1.161331
-0.595295 24.422868 1.161331
-0.580164 24.422392 1.161331
-0.565032 24.421917 1.161331
-0.549900 24.421441 1.161331
-0.534769 24.420965 1.161331
-0.519637 24.420489 1.161331
-0.504506 24.420013 1.161331
-0.489374 24.419538 1.161331
-0.474242 24.419062 1.161331
-0.459111 24.418586 1.161331
-0.443979 24.418110 1.161331
-0.428848 24.417635 1.161331
-0.413716 24.417159 1.161331
-0.398584 24.416683 1.161331
-0.383453 24.416207 1.161331
-0.368321 24.415731 1.161331
-0.353190 24.415256 1.161331
-0.338058 24.414780 1.161331
-0.322926 24.414304 1.161331
-0.307795 24.413828 1.161331
-0.292663 24.413353 1.161331
-0.277532 24.412877 1.161331
-0.112896 19.986000 0.630254
-0.105154 19.955365 0.626604
-0.097910 19.937534 0.624489
-0.091037 19.930516 0.623673
-0.084191 19.923528 0.622859
-0.077370 19.916566 0.622049
-0.070576 19.909631 0.621241
-0.063808 19.902723 0.620437
-0.057095 19.897392 0.619822
-0.050460 19.895591 0.619631
-0.043831 19.893791 0.619440
-0.037208 19.891993 0.619249
-0.030591 19.890196 0.619058
-0.023981 19.888401 0.618867
-0.017376 19.886608 0.618677
-0.010777 19.884816 0.618487
-0.004184 19.883025 0.618297
0.002400 19.882722 0.618285
0.008984 19.884518 0.618526
0.015576 19.886316 0.618766
0.022176 19.888116 0.619007
0.028783 19.889918 0.619249
0.035397 19.891722 0.619491
0.042020 19.893528 0.619732
0.048650 19.895336 0.619975
0.055287 19.897147 0.620217
0.061974 19.901624 0.620780
0.068719 19.908520 0.621634
0.075493 19.915446 0.622491
0.082293 19.922400 0.623352
0.089122 19.929382 0.624217
0.095978 19.936393 0.625085
0.103040 19.950068 0.626754
0.110623 19.980135 0.630394
0.252074 24.396225 1.161331
0.267206 24.395749 1.161331
0.282338 24.395273 1.161331
0.297469 24.394797 1.161331
0.312601 24.394322 1.161331
0.327732 24.393846 1.161331
0.342864 24.393370 1.161331
0.357996 24.392894 1.161331
0.373127 24.392419 1.161331
0.388259 24.391943 1.161331
0.403390 24.391467 1.161331
0.418522 24.390991 1.161331
0.433654 24.390515 1.161331
0.448785 24.390040 1.161331
0.463917 24.389564 1.161331
0.479048 24.389088 1.161331
0.494180 24.388612 1.161331
0.509312 24.388137 1.161331
0.524443 24.387661 1.161331
0.539575 24.387185 1.161331
0.554706 24.386709 1.161331
0.569838 24.386233 1.161331
0.584970 24.385758 1.161331
-0.625558 24.423820 1.146192
-0.610427 24.423344 1.146192
-0.595295 24.422868 1.146192
-0.580164 24.422392 1.146192
-0.565032 24.421917 1.146192
-0.549900 24.421441 1.146192
-0.534769 24.420965 1.146192
-0.519637 24.420489 1.146192
-0.504506 24.420013 1.146192
-0.489374 24.419538 1.146192
-0.474242 24.419062 1.146192
-0.459111 24.418586 1.146192
-0.443979 24.418110 1.146192
-0.428848 24.417635 1.146192
-0.413716 24.417159 1.146192
-0.398584 24.416683 1.146192
-0.383453 24.416207 1.146192
-0.368321 24.415731 1.146192
-0.353190 24.415256 1.146192
-0.338058 24.414780 1.146192
-0.322926 24.414304 1.146192
-0.307795 24.413828 1.146192
-0.292663 24.413353 1.146192
-0.277532 24.412877 1.146192
-0.112762 19.982015 0.623008
-0.105029 19.951448 0.619423
-0.097873 19.936295 0.617658
-0.091003 19.929282 0.616855
-0.084158 19.922298 0.616055
-0.077341 19.915341 0.615258
-0.070549 19.908411 0.614464
-0.063783 19.901507 0.613673
-0.057078 19.896523 0.613108
-0.050445 19.894723 0.612920
-0.043818 19.892924 0.612732
-0.037197 19.891126 0.612544
-0.030582 19.889330 0.612356
-0.023973 19.887536 0.612169
-0.017370 19.885743 0.611981
-0.010772 19.883952 0.611794
-0.004181 19.882163 0.611607
0.002401 19.881860 0.611596
0.008984 19.883656 0.611833
0.015574 19.885453 0.612070
0.022172 19.887252 0.612307
0.028778 19.889053 0.612544
0.035391 19.890856 0.612782
0.042011 19.892661 0.613020
0.048640 19.894469 0.613258
0.055276 19.896278 0.613497
0.061955 19.900415 0.614011
0.068698 19.907306 0.614850
0.075469 19.914226 0.615694
0.082268 19.921175 0.616540
0.089094 19.928152 0.617391
0.095948 19.935158 0.618244
0.102938 19.946236 0.619580
0.110512 19.976236 0.623154
0.252074 24.396225 1.146192
0.267206 24.395749 1.146192
0.282338 24.395273 1.146192
0.297469 24.394797 1.146192
0.312601 24.394322 1.146192
0.327732 24.393846 1.146192
0.342864 24.393370 1.146192
0.357996 24.392894 1.146192
0.373127 24.392419 1.146192
0.388259 24.391943 1.146192
0.403390 24.391467 1.146192
0.418522 24.390991 1.146192
0.433654 24.390515 1.146192
0.448785 24.390040 1.146192
0.463917 24.389564 1.146192
0.479048 24.389088 1.146192
0.494180 24.388612 1.146192
0.509312 24.388137 1.146192
0.524443 24.387661 1.146192
0.539575 24.387185 1.146192
0.554706 24.386709 1.146192
0.569838 24.386233 1.146192
0.584970 24.385758 1.146192
-0.625558 24.423820 1.131053
-0.610427 24.423344 1.131053
-0.595295 24.422868 1.131053
-0.580164 24.422392 1.131053
-0.565032 24.421917 1.131053
-0.549900 24.421441 1.131053
-0.534769 24.420965 1.131053
-0.519637 24.420489 1.131053
-0.504506 24.420013 1.131053
-0.489374 24.419538 1.131053
-0.474242 24.419062 1.131053
-0.459111 24.418586 1.131053
-0.443979 24.418110 1.131053
-0.428848 24.417635 1.131053
-0.413716 24.417159 1.131053
-0.398584 24.416683 1.131053
-0.383453 24.416207 1.131053
-0.368321 24.415731 1.131053
-0.353190 24.415256 1.131053
-0.338058 24.414780 1.131053
-0.322926 24.414304 1.131053
-0.307795 24.413828 1.131053
-0.292663 24.413353 1.131053
-0.277532 24.412877 1.131053
-0.112627 19.978040 0.615778
-0.104904 19.947540 0.612258
-0.097836 19.935056 0.610832
-0.090968 19.928049 0.610042
-0.084126 19.921070 0.609255
-0.077311 19.914118 0.608471
-0.070522 19.907192 0.607690
-0.063758 19.900293 0.606913
-0.057062 19.895654 0.606397
-0.050431 19.893855 0.606212
-0.043805 19.892056 0.606027
-0.037186 19.890260 0.605843
-0.030572 19.888465 0.605658
-0.023965 19.886671 0.605474
-0.017363 19.884879 0.605289
-0.010768 19.883089 0.605105
-0.004178 19.881301 0.604921
0.002403 19.880999 0.604910
0.008984 19.882794 0.605143
0.015572 19.884590 0.605376
0.022169 19.886388 0.605609
0.028773 19.888188 0.605843
0.035384 19.889990 0.606077
0.042003 19.891795 0.606311
0.048630 19.893601 0.606545
0.055264 19.895409 0.606780
0.061937 19.899206 0.607246
0.068678 19.906092 0.608071
0.075446 19.913007 0.608901
0.082242 19.919951 0.609733
0.089065 19.926924 0.610569
0.095917 19.933924 0.611409
0.102836 19.942412 0.612421
0.110400 19.972346 0.615931
0.252074 24.396225 1.131053
0.267206 24.395749 1.131053
0.282338 24.395273 1.131053
0.297469 24.394797 1.131053
0.312601 24.394322 1.131053
0.327732 24.393846 1.131053
0.342864 24.393370 1.131053
0.357996 24.392894 1.131053
0.373127 24.392419 1.131053
0.388259 24.391943 1.131053
0.403390 24.391467 1.131053
0.418522 24.390991 1.131053
0.433654 24.390515 1.131053
0.448785 24.390040 1.131053
0.463917 24.389564 1.131053
0.479048 24.389088 1.131053
0.494180 24.388612 1.131053
0.509312 24.388137 1.131053
0.524443 24.387661 1.131053
0.539575 24.387185 1.131053
0.554706 24.386709 1.131053
0.569838 24.386233 1.131053
0.584970 24.385758 1.131053
-0.625558 24.423820 1.115914
-0.610427 24.423344 1.115914
-0.595295 24.422868 1.115914
-0.580164 24.422392 1.115914
-0.565032 24.421917 1.115914
-0.549900 24.421441 1.115914
-0.534769 24.420965 1.115914
-0.519637 24.420489 1.115914
-0.504506 24.420013 1.115914
-0.489374 24.419538 1.115914
-0.474242 24.419062 1.115914
-0.459111 24.418586 1.115914
-0.443979 24.418110 1.115914
-0.428848 24.417635 1.115914
-0.413716 24.417159 1.115914
-0.398584 24.416683 1.115914
-0.383453 24.416207 1.115914
-0.368321 24.415731 1.115914
-0.353190 24.415256 1.115914
-0.338058 24.414780 1.115914
-0.322926 24.414304 1.115914
-0.307795 24.413828 1.115914
-0.292663 24.413353 1.115914
-0.277532 24.412877 1.115914
-0.112493 19.974074 0.608564
-0.104780 19.943640 0.605109
-0.097799 19.933818 0.604010
-0.090933 19.926816 0.603233
-0.084094 19.919842 0.602460
-0.077281 19.912895 0.601689
-0.070494 19.905974 0.600922
-0.063733 19.899079 0.600157
-0.057046 19.894786 0.599690
-0.050416 19.892987 0.599508
-0.043792 19.891190 0.599326
-0.037174 19.889394 0.599145
-0.030562 19.887600 0.598963
-0.023957 19.885807 0.598782
-0.017357 19.884016 0.598600
-0.010763 19.882227 0.598419
-0.004175 19.880439 0.598239
0.002404 19.880139 0.598228
0.008984 19.881932 0.598457
0.015571 19.883728 0.598686
0.022165 19.885525 0.598915
0.028767 19.887324 0.599145
0.035377 19.889125 0.599375
0.041995 19.890928 0.599605
0.048620 19.892734 0.599835
0.055252 19.894541 0.600066
0.061918 19.897998 0.600486
0.068657 19.904878 0.601297
0.075423 19.911789 0.602112
0.082216 19.918728 0.602931
0.089037 19.925696 0.603753
0.095886 19.932692 0.604578
0.102764 19.939716 0.605407
0.110289 19.968465 0.608723
0.117975 19.998850 0.612228
0.267206 24.395749 1.115914
0.282338 24.395273 1.115914
0.297469 24.394797 1.115914
0.312601 24.394322 1.115914
0.327732 24.393846 1.115914
0.342864 24.393370 1.115914
0.357996 24.392894 1.115914
0.373127 24.392419 1.115914
0.388259 24.391943 1.115914
0.403390 24.391467 1.115914
0.418522 24.390991 1.115914
0.433654 24.390515 1.115914
0.448785 24.390040 1.115914
0.463917 24.389564 1.115914
0.479048 24.389088 1.115914
0.494180 24.388612 1.115914
0.509312 24.388137 1.115914
0.524443 24.387661 1.115914
0.539575 24.387185 1.115914
0.554706 24.386709 1.115914
0.569838 24.386233 1.115914
0.584970 24.385758 1.115914
-0.625558 24.423820 1.100775
-0.610427 24.423344 1.100775
-0.595295 24.422868 1.100775
-0.580164 24.422392 1.100775
-0.565032 24.421917 1.100775
-0.549900 24.421441 1.100775
-0.534769 24.420965 1.100775
-0.519637 24.420489 1.100775
-0.504506 24.420013 1.100775
-0.489374 24.419538 1.100775
-0.474242 24.419062 1.100775
-0.459111 24.418586 1.100775
-0.443979 24.418110 1.100775
-0.428848 24.417635 1.100775
-0.413716 24.417159 1.100775
-0.398584 24.416683 1.100775
-0.383453 24.416207 1.100775
-0.368321 24.415731 1.100775
-0.353190 24.415256 1.100775
-0.338058 24.414780 1.100775
-0.322926 24.414304 1.100775
-0.307795 24.413828 1.100775
-0.292663 24.413353 1.100775
-0.277532 24.412877 1.100775
-0.112360 19.970115 0.601366
-0.104656 19.939749 0.597975
-0.097762 19.932581 0.597193
-0.090899 19.925584 0.596430
-0.084062 19.918615 0.595670
-0.077251 19.911672 0.594913
-0.070467 19.904756 0.594158
-0.063708 19.897866 0.593407
-0.057030 19.893917 0.592986
-0.050401 19.892120 0.592807
-0.043779 19.890323 0.592628
-0.037163 19.888529 0.592450
-0.030553 19.886735 0.592271
-0.023949 19.884943 0.592093
-0.017351 19.883153 0.591915
-0.010758 19.881365 0.591737
-0.004172 19.879578 0.591559
0.002406 19.879279 0.591549
0.008983 19.881071 0.591774
0.015569 19.882866 0.591999
0.022162 19.884662 0.592225
0.028762 19.886460 0.592450
0.035371 19.888260 0.592676
0.041986 19.890063 0.592903
0.048610 19.891867 0.593129
0.055241 19.893674 0.593356
0.061900 19.896790 0.593730
0.068636 19.903666 0.594528
0.075399 19.910572 0.595329
0.082190 19.917506 0.596133
0.089009 19.924469 0.596941
0.095856 19.931460 0.597752
0.102731 19.938479 0.598566
0.110179 19.964592 0.601531
0.117855 19.994910 0.604971
0.267206 24.395749 1.100775
0.282338 24.395273 1.100775
0.297469 24.394797 1.100775
0.312601 24.394322 1.100775
0.327732 24.393846 1.100775
0.342864 24.393370 1.100775
0.357996 24.392894 1.100775
0.373127 24.392419 1.100775
0.388259 24.391943 1.100775
0.403390 24.391467 1.100775
0.418522 24.390991 1.100775
0.433654 24.390515 1.100775
0.448785 24.390040 1.100775
0.463917 24.389564 1.100775
0.479048 24.389088 1.100775
0.494180 24.388612 1.100775
0.509312 24.388137 1.100775
0.524443 24.387661 1.100775
0.539575 24.387185 1.100775
0.554706 24.386709 1.100775
0.569838 24.386233 1.100775
0.584970 24.385758 1.100775
-0.625558 24.423820 1.085636
-0.610427 24.423344 1.085636
-0.595295 24.422868 1.085636
-0.580164 24.422392 1.085636
-0.565032 24.421917 1.085636
-0.549900 24.421441 1.085636
-0.534769 24.420965 1.085636
-0.519637 24.420489 1.085636
-0.504506 24.420013 1.085636
-0.489374 24.419538 1.085636
-0.474242 24.419062 1.085636
-0.459111 24.418586 1.085636
-0.443979 24.418110 1.085636
-0.428848 24.417635 1.085636
-0.413716 24.417159 1.085636
-0.398584 24.416683 1.085636
-0.383453 24.416207 1.085636
-0.368321 24.415731 1.085636
-0.353190 24.415256 1.085636
-0.338058 24.414780 1.085636
-0.322926 24.414304 1.085636
-0.307795 24.413828 1.085636
-0.292663 24.413353 1.085636
-0.120053 19.996984 0.597566
-0.112226 19.966166 0.594183
-0.104612 19.938366 0.591134
-0.097724 19.931345 0.590381
-0.090864 19.924353 0.589631
-0.084030 19.917389 0.588884
-0.077222 19.910451 0.588140
-0.070440 19.903540 0.587399
-0.063683 19.896655 0.586661
-0.057013 19.893050 0.586285
-0.050387 19.891253 0.586109
-0.043766 19.889457 0.585934
-0.037152 19.887663 0.585758
-0.030543 19.885871 0.585583
-0.023941 19.884080 0.585408
-0.017344 19.882291 0.585233
-0.010754 19.880503 0.585058
-0.004169 19.878717 0.584883
0.002407 19.878419 0.584873
0.008983 19.880211 0.585094
0.015567 19.882004 0.585316
0.022158 19.883799 0.585537
0.028757 19.885597 0.585759
0.035364 19.887396 0.585981
0.041978 19.889198 0.586203
0.048600 19.891001 0.586426
0.055229 19.892807 0.586649
0.061881 19.895584 0.586979
0.068615 19.902455 0.587763
0.075376 19.909356 0.588550
0.082165 19.916285 0.589340
0.088981 19.923243 0.590134
0.095825 19.930229 0.590931
0.102698 19.937243 0.591731
0.110068 19.960727 0.594355
0.117735 19.990979 0.597729
0.267206 24.395749 1.085636
0.282338 24.395273 1.085636
0.297469 24.394797 1.085636
0.312601 24.394322 1.085636
0.327732 24.393846 1.085636
0.342864 24.393370 1.085636
0.357996 24.392894 1.085636
0.373127 24.392419 1.085636
0.388259 24.391943 1.085636
0.403390 24.391467 1.085636
0.418522 24.390991 1.085636
0.433654 24.390515 1.085636
0.448785 24.390040 1.085636
0.463917 24.389564 1.085636
0.479048 24.389088 1.085636
0.494180 24.388612 1.085636
0.509312 24.388137 1.085636
0.524443 24.387661 1.085636
0.539575 24.387185 1.085636
0.554706 24.386709 1.085636
0.569838 24.386233 1.085636
0.584970 24.385758 1.085636
-0.625558 24.423820 1.070497
-0.610427 24.423344 1.070497
-0.595295 24.422868 1.070497
-0.580164 24.422392 1.070497
-0.565032 24.421917 1.070497
-0.549900 24.421441 1.070497
-0.534769 24.420965 1.070497
-0.519637 24.420489 1.070497
-0.504506 24.420013 1.070497
-0.489374 24.419538 1.070497
-0.474242 24.419062 1.070497
-0.459111 24.418586 1.070497
-0.443979 24.418110 1.070497
-0.428848 24.417635 1.070497
-0.413716 24.417159 1.070497
-0.398584 24.416683 1.070497
-0.383453 24.416207 1.070497
-0.368321 24.415731 1.070497
-0.353190 24.415256 1.070497
-0.338058 24.414780 1.070497
-0.322926 24.414304 1.070497
-0.307795 24.413828 1.070497
-0.292663 24.413353 1.070497
-0.119910 19.992976 0.590335
-0.112093 19.962226 0.587017
-0.104572 19.937126 0.584313
-0.097687 19.930110 0.583574
-0.090829 19.923123 0.582837
-0.083998 19.916164 0.582104
-0.077192 19.909231 0.581373
-0.070412 19.902324 0.580645
-0.063658 19.895444 0.579920
-0.056997 19.892183 0.579588
-0.050372 19.890387 0.579415
-0.043753 19.888592 0.579243
-0.037141 19.886799 0.579070
-0.030534 19.885007 0.578898
-0.023933 19.883217 0.578726
-0.017338 19.881429 0.578554
-0.010749 19.879642 0.578382
-0.004166 19.877857 0.578210
0.002408 19.877560 0.578201
0.008983 19.879351 0.578418
0.015565 19.881143 0.578635
0.022155 19.882937 0.578853
0.028752 19.884734 0.579071
0.035357 19.886532 0.579289
0.041970 19.888333 0.579508
0.048590 19.890135 0.579726
0.055217 19.891940 0.579945
0.061863 19.894378 0.580233
0.068594 19.901244 0.581003
0.075353 19.908140 0.581776
0.082139 19.915065 0.582552
0.088953 19.922017 0.583332
0.095795 19.928999 0.584114
0.102665 19.936008 0.584900
0.109958 19.956870 0.587194
0.117615 19.987057 0.590503
0.267206 24.395749 1.070497
0.282338 24.395273 1.070497
0.297469 24.394797 1.070497
0.312601 24.394322 1.070497
0.327732 24.393846 1.070497
0.342864 24.393370 1.070497
0.357996 24.392894 1.070497
0.373127 24.392419 1.070497
0.388259 24.391943 1.070497
0.403390 24.391467 1.070497
0.418522 24.390991 1.070497
0.433654 24.390515 1.070497
0.448785 24.390040 1.070497
0.463917 24.389564 1.070497
0.479048 24.389088 1.070497
0.494180 24.388612 1.070497
0.509312 24.388137 1.070497
0.524443 24.387661 1.070497
0.539575 24.387185 1.070497
0.554706 24.386709 1.070497
0.569838 24.386233 1.070497
0.584970 24.385758 1.070497
-0.625558 24.423820 1.055358
-0.610427 24.423344 1.055358
-0.595295 24.422868 1.055358
-0.580164 24.422392 1.055358
-0.565032 24.421917 1.055358
-0.549900 24.421441 1.055358
-0.534769 24.420965 1.055358
-0.519637 24.420489 1.055358
-0.504506 24.420013 1.055358
-0.489374 24.419538 1.055358
-0.474242 24.419062 1.055358
-0.459111 24.418586 1.055358
-0.443979 24.418110 1.055358
-0.428848 24.417635 1.055358
-0.413716 24.417159 1.055358
-0.398584 24.416683 1.055358
-0.383453 24.416207 1.055358
-0.368321 24.415731 1.055358
-0.353190 24.415256 1.055358
-0.338058 24.414780 1.055358
-0.322926 24.414304 1.055358
-0.307795 24.413828 1.055358
-0.292663 24.413353 1.055358
-0.119767 19.988978 0.583120
-0.111960 19.958295 0.579867
-0.104533 19.935887 0.577497
-0.097650 19.928876 0.576771
-0.090795 19.921894 0.576048
-0.083965 19.914939 0.575328
-0.077162 19.908011 0.574610
-0.070385 19.901109 0.573895
-0.063633 19.894233 0.573183
-0.056981 19.891316 0.572894
-0.050358 19.889521 0.572724
-0.043741 19.887727 0.572555
-0.037129 19.885935 0.572385
-0.030524 19.884144 0.572216
-0.023925 19.882354 0.572047
-0.017332 19.880567 0.571878
-0.010744 19.878781 0.571709
-0.004163 19.876996 0.571541
0.002410 19.876702 0.571531
0.008983 19.878491 0.571745
0.015563 19.880283 0.571958
0.022151 19.882076 0.572172
0.028747 19.883871 0.572386
0.035350 19.885669 0.572600
0.041961 19.887468 0.572815
0.048580 19.889270 0.573030
0.055206 19.891074 0.573245
0.061844 19.893173 0.573491
0.068573 19.900034 0.574247
0.075330 19.906926 0.575006
0.082113 19.913845 0.575769
0.088925 19.920793 0.576534
0.095764 19.927769 0.577303
0.102632 19.934774 0.578074
0.109848 19.953023 0.580049
0.117496 19.983143 0.583293
0.267206 24.395749 1.055358
0.282338 24.395273 1.055358
0.297469 24.394797 1.055358
0.312601 24.394322 1.055358
0.327732 24.393846 1.055358
0.342864 24.393370 1.055358
0.357996 24.392894 1.055358
0.373127 24.392419 1.055358
0.388259 24.391943 1.055358
0.403390 24.391467 1.055358
0.418522 24.390991 1.055358
0.433654 24.390515 1.055358
0.448785 24.390040 1.055358
0.463917 24.389564 1.055358
0.479048 24.389088 1.055358
0.494180 24.388612 1.055358
0.509312 24.388137 1.055358
0.524443 24.387661 1.055358
0.539575 24.387185 1.055358
0.554706 24.386709 1.055358
0.569838 24.386233 1.055358
0.584970 24.385758 1.055358
-0.625558 24.423820 1.040219
-0.610427 24.423344 1.040219
-0.595295 24.422868 1.040219
-0.580164 24.422392 1.040219
-0.565032 24.421917 1.040219
-0.549900 24.421441 1.040219
-0.534769 24.420965 1.040219
-0.519637 24.420489 1.040219
-0.504506 24.420013 1.040219
-0.489374 24.419538 1.040219
-0.474242 24.419062 1.040219
-0.459111 24.418586 1.040219
-0.443979 24.418110 1.040219
-0.428848 24.417635 1.040219
-0.413716 24.417159 1.040219
-0.398584 24.416683 1.040219
-0.383453 24.416207 1.040219
-0.368321 24.415731 1.040219
-0.353190 24.415256 1.040219
-0.338058 24.414780 1.040219
-0.322926 24.414304 1.040219
-0.307795 24.413828 1.040219
-0.292663 24.413353 1.040219
-0.119625 19.984988 0.575920
-0.111828 19.954371 0.572732
-0.104493 19.934649 0.570686
-0.097613 19.927643 0.569973
-0.090760 19.920666 0.569263
-0.083933 19.913716 0.568556
-0.077133 19.906792 0.567852
-0.070358 19.899895 0.567150
-0.063609 19.893024 0.566451
-0.056965 19.890450 0.566203
-0.050343 19.888656 0.566036
-0.043728 19.886863 0.565870
-0.037118 19.885071 0.565704
-0.030514 19.883281 0.565538
-0.023917 19.881492 0.565372
-0.017325 19.879706 0.565206
-0.010740 19.877921 0.565040
-0.004160 19.876137 0.564875
0.002411 19.875843 0.564866
0.008983 19.877632 0.565075
0.015562 19.879422 0.565285
0.022148 19.881214 0.565495
0.028742 19.883009 0.565705
0.035344 19.884806 0.565915
0.041953 19.886604 0.566126
0.048570 19.888405 0.566337
0.055194 19.890208 0.566548
0.061826 19.892013 0.566759
0.068552 19.898825 0.567496
0.075306 19.905712 0.568242
0.082088 19.912626 0.568990
0.088897 19.919569 0.569741
0.095734 19.926541 0.570496
0.102599 19.933540 0.571253
0.109738 19.949183 0.572919
0.117377 19.979238 0.576099
0.267206 24.395749 1.040219
0.282338 24.395273 1.040219
0.297469 24.394797 1.040219
0.312601 24.394322 1.040219
0.327732 24.393846 1.040219
0.342864 24.393370 1.040219
0.357996 24.392894 1.040219
0.373127 24.392419 1.040219
0.388259 24.391943 1.040219
0.403390 24.391467 1.040219
0.418522 24.390991 1.040219
0.433654 24.390515 1.040219
0.448785 24.390040 1.040219
0.463917 24.389564 1.040219
0.479048 24.389088 1.040219
0.494180 24.388612 1.040219
0.509312 24.388137 1.040219
0.524443 24.387661 1.040219
0.539575 24.387185 1.040219
0.554706 24.386709 1.040219
0.569838 24.386233 1.040219
0.584970 24.385758 1.040219
-0.625558 24.423820 1.025080
-0.610427 24.423344 1.025080
-0.595295 24.422868 1.025080
-0.580164 24.422392 1.025080
-0.565032 24.421917 1.025080
-0.549900 24.421441 1.025080
-0.534769 24.420965 1.025080
-0.519637 24.420489 1.025080
-0.504506 24.420013 1.025080
-0.489374 24.419538 1.025080
-0.474242 24.419062 1.025080
-0.459111 24.418586 1.025080
-0.443979 24.418110 1.025080
-0.428848 24.417635 1.025080
-0.413716 24.417159 1.025080
-0.398584 24.416683 1.025080
-0.383453 24.416207 1.025080
-0.368321 24.415731 1.025080
-0.353190 24.415256 1.025080
-0.338058 24.414780 1.025080
-0.322926 24.414304 1.025080
-0.307795 24.413828 1.025080
-0.292663 24.413353 1.025080
-0.119483 19.981006 0.568737
-0.111696 19.950457 0.565613
-0.104454 19.933411 0.563879
-0.097576 19.926410 0.563180
-0.090726 19.919438 0.562484
-0.083901 19.912493 0.561790
-0.077103 19.905574 0.561098
-0.070330 19.898682 0.560410
-0.063584 19.891815 0.559724
-0.056949 19.889585 0.559516
-0.050329 19.887791 0.559352
-0.043715 19.885998 0.559189
-0.037107 19.884208 0.559026
-0.030505 19.882418 0.558863
-0.023909 19.880631 0.558700
-0.017319 19.878845 0.558537
-0.010735 19.877060 0.558374
-0.004157 19.875278 0.558212
0.002413 19.874985 0.558203
0.008982 19.876773 0.558409
0.015560 19.878562 0.558614
0.022145 19.880354 0.558820
0.028737 19.882148 0.559027
0.035337 19.883943 0.559233
0.041944 19.885741 0.559440
0.048560 19.887540 0.559647
0.055182 19.889342 0.559854
0.061813 19.891146 0.560061
0.068531 19.897618 0.560750
0.075283 19.904499 0.561482
0.082062 19.911409 0.562216
0.088869 19.918347 0.562953
0.095703 19.925313 0.563693
0.102566 19.932308 0.564437
0.109628 19.945353 0.565804
0.117258 19.975341 0.568920
0.267206 24.395749 1.025080
0.282338 24.395273 1.025080
0.297469 24.394797 1.025080
0.312601 24.394322 1.025080
0.327732 24.393846 1.025080
0.342864 24.393370 1.025080
0.357996 24.392894 1.025080
0.373127 24.392419 1.025080
0.388259 24.391943 1.025080
0.403390 24.391467 1.025080
0.418522 24.390991 1.025080
0.433654 24.390515 1.025080
0.448785 24.390040 1.025080
0.463917 24.389564 1.025080
0.479048 24.389088 1.025080
0.494180 24.388612 1.025080
0.509312 24.388137 1.025080
0.524443 24.387661 1.025080
0.539575 24.387185 1.025080
0.554706 24.386709 1.025080
0.569838 24.386233 1.025080
0.584970 24.385758 1.025080
-0.625558 24.423820 1.009941
-0.610427 24.423344 1.009941
-0.595295 24.422868 1.009941
-0.580164 24.422392 1.009941
-0.565032 24.421917 1.009941
-0.549900 24.421441 1.009941
-0.534769 24.420965 1.009941
-0.519637 24.420489 1.009941
-0.504506 24.420013 1.009941
-0.489374 24.419538 1.009941
-0.474242 24.419062 1.009941
-0.459111 24.418586 1.009941
-0.443979 24.418110 1.009941
-0.428848 24.417635 1.009941
-0.413716 24.417159 1.009941
-0.398584 24.416683 1.009941
-0.383453 24.416207 1.009941
-0.368321 24.415731 1.009941
-0.353190 24.415256 1.009941
-0.338058 24.414780 1.009941
-0.322926 24.414304 1.009941
-0.307795 24.413828 1.009941
-0.292663 24.413353 1.009941
-0.119341 19.977033 0.561569
-0.111564 19.946551 0.558510
-0.104414 19.932174 0.557078
-0.097540 19.925179 0.556392
-0.090691 19.918212 0.555708
-0.083869 19.911271 0.555028
-0.077073 19.904357 0.554350
-0.070303 19.897469 0.553674
-0.063559 19.890608 0.553001
-0.056933 19.888719 0.552831
-0.050314 19.886926 0.552671
-0.043702 19.885135 0.552511
-0.037096 19.883345 0.552351
-0.030495 19.881556 0.552191
-0.023901 19.879770 0.552031
-0.017313 19.877984 0.551871
-0.010730 19.876201 0.551712
-0.004154 19.874419 0.551552
0.002414 19.874128 0.551544
0.008982 19.875914 0.551745
0.015558 19.877703 0.551947
0.022141 19.879493 0.552149
0.028732 19.881286 0.552352
0.035330 19.883081 0.552554
0.041936 19.884878 0.552757
0.048550 19.886676 0.552960
0.055171 19.888477 0.553164
0.061800 19.890280 0.553367
0.068511 19.896411 0.554009
0.075260 19.903287 0.554726
0.082037 19.910192 0.555446
0.088841 19.917125 0.556170
0.095673 19.924086 0.556896
0.102533 19.931076 0.557625
0.109519 19.941531 0.558705
0.117139 19.971453 0.561757
0.267206 24.395749 1.009941
0.282338 24.395273 1.009941
0.297469 24.394797 1.009941
0.312601 24.394322 1.009941
0.327732 24.393846 1.009941
0.342864 24.393370 1.009941
0.357996 24.392894 1.009941
0.373127 24.392419 1.009941
0.388259 24.391943 1.009941
0.403390 24.391467 1.009941
0.418522 24.390991 1.009941
0.433654 24.390515 1.009941
0.448785 24.390040 1.009941
0.463917 24.389564 1.009941
0.479048 24.389088 1.009941
0.494180 24.388612 1.009941
0.509312 24.388137 1.009941
0.524443 24.387661 1.009941
0.539575 24.387185 1.009941
0.554706 24.386709 1.009941
0.569838 24.386233 1.009941
0.584970 24.385758 1.009941
-0.625558 24.423820 0.994802
-0.610427 24.423344 0.994802
-0.595295 24.422868 0.994802
-0.580164 24.422392 0.994802
-0.565032 24.421917 0.994802
-0.549900 24.421441 0.994802
-0.534769 24.420965 0.994802
-0.519637 24.420489 0.994802
-0.504506 24.420013 0.994802
-0.489374 24.419538 0.994802
-0.474242 24.419062 0.994802
-0.459111 24.418586 0.994802
-0.443979 24.418110 0.994802
-0.428848 24.417635 0.994802
-0.413716 24.417159 0.994802
-0.398584 24.416683 0.994802
-0.383453 24.416207 0.994802
-0.368321 24.415731 0.994802
-0.353190 24.415256 0.994802
-0.338058 24.414780 0.994802
-0.322926 24.414304 0.994802
-0.307795 24.413828 0.994802
-0.292663 24.413353 0.994802
-0.119200 19.973069 0.554418
-0.111432 19.942654 0.551422
-0.104375 19.930939 0.550281
-0.097503 19.923948 0.549608
-0.090657 19.916986 0.548938
-0.083837 19.910050 0.548271
-0.077044 19.903141 0.547606
-0.070276 19.896258 0.546943
-0.063539 19.889648 0.546308
-0.056916 19.887854 0.546151
-0.050300 19.886062 0.545993
-0.043689 19.884271 0.545836
-0.037084 19.882482 0.545679
-0.030486 19.880695 0.545522
-0.023893 19.878909 0.545365
-0.017306 19.877124 0.545209
-0.010726 19.875342 0.545052
-0.004151 19.873560 0.544896
0.002416 19.873271 0.544888
0.008982 19.875056 0.545086
0.015556 19.876844 0.545284
0.022138 19.878634 0.545482
0.028727 19.880425 0.545680
0.035323 19.882219 0.545879
0.041928 19.884015 0.546078
0.048540 19.885813 0.546277
0.055159 19.887613 0.546477
0.061786 19.889414 0.546676
0.068490 19.895204 0.547272
0.075237 19.902075 0.547975
0.082011 19.908976 0.548682
0.088813 19.915904 0.549391
0.095642 19.922860 0.550103
0.102500 19.929845 0.550818
0.109410 19.937717 0.551621
0.117021 19.967573 0.554610
0.124763 19.997945 0.557650
0.282338 24.395273 0.994802
0.297469 24.394797 0.994802
0.312601 24.394322 0.994802
0.327732 24.393846 0.994802
0.342864 24.393370 0.994802
0.357996 24.392894 0.994802
0.373127 24.392419 0.994802
0.388259 24.391943 0.994802
0.403390 24.391467 0.994802
0.418522 24.390991 0.994802
0.433654 24.390515 0.994802
0.448785 24.390040 0.994802
0.463917 24.389564 0.994802
0.479048 24.389088 0.994802
0.494180 24.388612 0.994802
0.509312 24.388137 0.994802
0.524443 24.387661 0.994802
0.539575 24.387185 0.994802
0.554706 24.386709 0.994802
0.569838 24.386233 0.994802
0.584970 24.385758 0.994802
-0.625558 24.423820 0.979663
-0.610427 24.423344 0.979663
-0.595295 24.422868 0.979663
-0.580164 24.422392 0.979663
-0.565032 24.421917 0.979663
-0.549900 24.421441 0.979663
-0.534769 24.420965 0.979663
-0.519637 24.420489 0.979663
-0.504506 24.420013 0.979663
-0.489374 24.419538 0.979663
-0.474242 24.419062 0.979663
-0.459111 24.418586 0.979663
-0.443979 24.418110 0.979663
-0.428848 24.417635 0.979663
-0.413716 24.417159 0.979663
-0.398584 24.416683 0.979663
-0.383453 24.416207 0.979663
-0.368321 24.415731 0.979663
-0.353190 24.415256 0.979663
-0.338058 24.414780 0.979663
-0.322926 24.414304 0.979663
-0.307795 24.413828 0.979663
-0.292663 24.413353 0.979663
-0.119059 19.969113 0.547282
-0.111301 19.938766 0.544350
-0.104335 19.929704 0.543489
-0.097466 19.922719 0.542829
-0.090622 19.915761 0.542172
-0.083805 19.908830 0.541518
-0.077014 19.901925 0.540866
-0.070249 19.895047 0.540217
-0.063521 19.888782 0.539627
-0.056900 19.886990 0.539473
-0.050285 19.885198 0.539319
-0.043676 19.883408 0.539165
-0.037073 19.881620 0.539011
-0.030476 19.879833 0.538857
-0.023885 19.878048 0.538703
-0.017300 19.876265 0.538550
-0.010721 19.874483 0.538396
-0.004148 19.872703 0.538243
0.002417 19.872414 0.538235
0.008982 19.874199 0.538429
0.015554 19.875985 0.538623
0.022134 19.877774 0.538817
0.028722 19.879565 0.539012
0.035317 19.881358 0.539207
0.041919 19.883153 0.539402
0.048530 19.884949 0.539597
0.055148 19.886748 0.539793
0.061773 19.888549 0.539988
0.068469 19.893999 0.540540
0.075214 19.900865 0.541229
0.081985 19.907760 0.541922
0.088785 19.914684 0.542617
0.095612 19.921635 0.543315
0.102467 19.928615 0.544016
0.109350 19.935624 0.544720
0.116903 19.963702 0.547478
0.124635 19.994007 0.550454
0.282338 24.395273 0.979663
0.297469 24.394797 0.979663
0.312601 24.394322 0.979663
0.327732 24.393846 0.979663
0.342864 24.393370 0.979663
0.357996 24.392894 0.979663
0.373127 24.392419 0.979663
0.388259 24.391943 0.979663
0.403390 24.391467 0.979663
0.418522 24.390991 0.979663
0.433654 24.390515 0.979663
0.448785 24.390040 0.979663
0.463917 24.389564 0.979663
0.479048 24.389088 0.979663
0.494180 24.388612 0.979663
0.509312 24.388137 0.979663
0.524443 24.387661 0.979663
0.539575 24.387185 0.979663
0.554706 24.386709 0.979663
0.569838 24.386233 0.979663
0.584970 24.385758 0.979663
-0.625558 24.423820 0.964523
-0.610427 24.423344 0.964523
-0.595295 24.422868 0.964523
-0.580164 24.422392 0.964523
-0.565032 24.421917 0.964523
-0.549900 24.421441 0.964523
-0.534769 24.420965 0.964523
-0.519637 24.420489 0.964523
-0.504506 24.420013 0.964523
-0.489374 24.419538 0.964523
-0.474242 24.419062 0.964523
-0.459111 24.418586 0.964523
-0.443979 24.418110 0.964523
-0.428848 24.417635 0.964523
-0.413716 24.417159 0.964523
-0.398584 24.416683 0.964523
-0.383453 24.416207 0.964523
-0.368321 24.415731 0.964523
-0.353190 24.415256 0.964523
-0.338058 24.414780 0.964523
-0.322926 24.414304 0.964523
-0.307795 24.413828 0.964523
-0.126799 19.995965 0.543081
-0.118918 19.965167 0.540162
-0.111190 19.935479 0.537350
-0.104296 19.928470 0.536701
-0.097429 19.921490 0.536055
-0.090588 19.914537 0.535411
-0.083773 19.907611 0.534770
-0.076985 19.900711 0.534132
-0.070222 19.893837 0.533495
-0.063504 19.887917 0.532950
-0.056884 19.886126 0.532799
-0.050271 19.884335 0.532648
-0.043663 19.882546 0.532497
-0.037062 19.880759 0.532346
-0.030467 19.878973 0.532195
-0.023877 19.877188 0.532044
-0.017294 19.875406 0.531894
-0.010716 19.873625 0.531743
-0.004145 19.871845 0.531593
0.002418 19.871557 0.531585
0.008982 19.873341 0.531776
0.015552 19.875127 0.531966
0.022131 19.876915 0.532156
0.028717 19.878705 0.532347
0.035310 19.880497 0.532538
0.041911 19.882291 0.532729
0.048520 19.884087 0.532921
0.055136 19.885885 0.533112
0.061760 19.887685 0.533304
0.068448 19.892794 0.533812
0.075190 19.899656 0.534488
0.081960 19.906546 0.535166
0.088757 19.913464 0.535848
0.095582 19.920411 0.536532
0.102434 19.927386 0.537218
0.109315 19.934390 0.537908
0.116785 19.959839 0.540361
0.124508 19.990078 0.543273
0.282338 24.395273 0.964523
0.297469 24.394797 0.964523
0.312601 24.394322 0.964523
0.327732 24.393846 0.964523
0.342864 24.393370 0.964523
0.357996 24.392894 0.964523
0.373127 24.392419 0.964523
0.388259 24.391943 0.964523
0.403390 24.391467 0.964523
0.418522 24.390991 0.964523
0.433654 24.390515 0.964523
0.448785 24.390040 0.964523
0.463917 24.389564 0.964523
0.479048 24.389088 0.964523
0.494180 24.388612 0.964523
0.509312 24.388137 0.964523
0.524443 24.387661 0.964523
0.539575 24.387185 0.964523
0.554706 24.386709 0.964523
0.569838 24.386233 0.964523
0.584970 24.385758 0.964523
-0.625558 24.423820 0.949384
-0.610427 24.423344 0.949384
-0.595295 24.422868 0.949384
-0.580164 24.422392 0.949384
-0.565032 24.421917 0.949384
-0.549900 24.421441 0.949384
-0.534769 24.420965 0.949384
-0.519637 24.420489 0.949384
-0.504506 24.420013 0.949384
-0.489374 24.419538 0.949384
-0.474242 24.419062 0.949384
-0.459111 24.418586 0.949384
-0.443979 24.418110 0.949384
-0.428848 24.417635 0.949384
-0.413716 24.417159 0.949384
-0.398584 24.416683 0.949384
-0.383453 24.416207 0.949384
-0.368321 24.415731 0.949384
-0.353190 24.415256 0.949384
-0.338058 24.414780 0.949384
-0.322926 24.414304 0.949384
-0.307795 24.413828 0.949384
-0.126649 19.991961 0.535912
-0.118777 19.961229 0.533058
-0.111148 19.934241 0.530554
-0.104257 19.927237 0.529918
-0.097392 19.920262 0.529286
-0.090554 19.913314 0.528655
-0.083741 19.906392 0.528027
-0.076955 19.899497 0.527402
-0.070195 19.892628 0.526778
-0.063486 19.887053 0.526276
-0.056868 19.885262 0.526128
-0.050256 19.883472 0.525980
-0.043651 19.881684 0.525832
-0.037051 19.879898 0.525684
-0.030457 19.878112 0.525536
-0.023869 19.876329 0.525389
-0.017287 19.874547 0.525241
-0.010711 19.872767 0.525094
-0.004142 19.870989 0.524947
0.002420 19.870702 0.524939
0.008982 19.872485 0.525126
0.015551 19.874270 0.525312
0.022127 19.876057 0.525499
0.028712 19.877845 0.525686
0.035303 19.879636 0.525873
0.041903 19.881429 0.526060
0.048510 19.883224 0.526247
0.055124 19.885021 0.526435
0.061747 19.886821 0.526623
0.068428 19.891590 0.527089
0.075167 19.898447 0.527751
0.081934 19.905332 0.528416
0.088729 19.912246 0.529083
0.095551 19.919188 0.529753
0.102401 19.926158 0.530426
0.109280 19.933156 0.531101
0.116668 19.955984 0.533260
0.124381 19.986157 0.536108
0.282338 24.395273 0.949384
0.297469 24.394797 0.949384
0.312601 24.394322 0.949384
0.327732 24.393846 0.949384
0.342864 24.393370 0.949384
0.357996 24.392894 0.949384
0.373127 24.392419 0.949384
0.388259 24.391943 0.949384
0.403390 24.391467 0.949384
0.418522 24.390991 0.949384
0.433654 24.390515 0.949384
0.448785 24.390040 0.949384
0.463917 24.389564 0.949384
0.479048 24.389088 0.949384
0.494180 24.388612 0.949384
0.509312 24.388137 0.949384
0.524443 24.387661 0.949384
0.539575 24.387185 0.949384
0.554706 24.386709 0.949384
0.569838 24.386233 0.949384
0.584970 24.385758 0.949384
-0.625558 24.423820 0.934245
-0.610427 24.423344 0.934245
-0.595295 24.422868 0.934245
-0.580164 24.422392 0.934245
-0.565032 24.421917 0.934245
-0.549900 24.421441 0.934245
-0.534769 24.420965 0.934245
-0.519637 24.420489 0.934245
-0.504506 24.420013 0.934245
-0.489374 24.419538 0.934245
-0.474242 24.419062 0.934245
-0.459111 24.418586 0.934245
-0.443979 24.418110 0.934245
-0.428848 24.417635 0.934245
-0.413716 24.417159 0.934245
-0.398584 24.416683 0.934245
-0.383453 24.416207 0.934245
-0.368321 24.415731 0.934245
-0.353190 24.415256 0.934245
-0.338058 24.414780 0.934245
-0.322926 24.414304 0.934245
-0.307795 24.413828 0.934245
-0.126498 19.987964 0.528760
-0.118637 19.957300 0.525970
-0.111106 19.933004 0.523763
-0.104217 19.926005 0.523141
-0.097355 19.919035 0.522521
-0.090519 19.912091 0.521904
-0.083709 19.905174 0.521289
-0.076925 19.898284 0.520676
-0.070167 19.891420 0.520066
-0.063468 19.886189 0.519606
-0.056852 19.884399 0.519460
-0.050242 19.882610 0.519315
-0.043638 19.880822 0.519170
-0.037040 19.879037 0.519026
-0.030447 19.877252 0.518881
-0.023861 19.875470 0.518736
-0.017281 19.873689 0.518592
-0.010707 19.871910 0.518448
-0.004139 19.870132 0.518304
0.002421 19.869847 0.518296
0.008981 19.871629 0.518479
0.015549 19.873412 0.518661
0.022124 19.875198 0.518844
0.028707 19.876986 0.519027
0.035297 19.878776 0.519210
0.041894 19.880568 0.519394
0.048500 19.882362 0.519577
0.055113 19.884158 0.519761
0.061733 19.885957 0.519945
0.068407 19.890387 0.520371
0.075144 19.897239 0.521019
0.081909 19.904120 0.521670
0.088701 19.911028 0.522323
0.095521 19.917965 0.522979
0.102369 19.924930 0.523638
0.109244 19.931924 0.524299
0.116550 19.952138 0.526175
0.124254 19.982245 0.528959
0.282338 24.395273 0.934245
0.297469 24.394797 0.934245
0.312601 24.394322 0.934245
0.327732 24.393846 0.934245
0.342864 24.393370 0.934245
0.357996 24.392894 0.934245
0.373127 24.392419 0.934245
0.388259 24.391943 0.934245
0.403390 24.391467 0.934245
0.418522 24.390991 0.934245
0.433654 24.390515 0.934245
0.448785 24.390040 0.934245
0.463917 24.389564 0.934245
0.479048 24.389088 0.934245
0.494180 24.388612 0.934245
0.509312 24.388137 0.934245
0.524443 24.387661 0.934245
0.539575 24.387185 0.934245
0.554706 24.386709 0.934245
0.569838 24.386233 0.934245
0.584970 24.385758 0.934245
-0.625558 24.423820 0.919106
-0.610427 24.423344 0.919106
-0.595295 24.422868 0.919106
-0.580164 24.422392 0.919106
-0.565032 24.421917 0.919106
-0.549900 24.421441 0.919106
-0.534769 24.420965 0.919106
-0.519637 24.420489 0.919106
-0.504506 24.420013 0.919106
-0.489374 24.419538 0.919106
-0.474242 24.419062 0.919106
-0.459111 24.418586 0.919106
-0.443979 24.418110 0.919106
-0.428848 24.417635 0.919106
-0.413716 24.417159 0.919106
-0.398584 24.416683 0.919106
-0.383453 24.416207 0.919106
-0.368321 24.415731 0.919106
-0.353190 24.415256 0.919106
-0.338058 24.414780 0.919106
-0.322926 24.414304 0.919106
-0.307795 24.413828 0.919106
-0.126349 19.983976 0.521624
-0.118497 19.953379 0.518897
-0.111064 19.931768 0.516976
-0.104178 19.924774 0.516367
-0.097318 19.917808 0.515761
-0.090485 19.910870 0.515157
-0.083677 19.903958 0.514555
-0.076896 19.897072 0.513956
-0.070140 19.890213 0.513358
-0.063450 19.885325 0.512938
-0.056836 19.883536 0.512796
-0.050227 19.881748 0.512654
-0.043625 19.879961 0.512512
-0.037028 19.878176 0.512371
-0.030438 19.876393 0.512229
-0.023853 19.874611 0.512087
-0.017275 19.872831 0.511946
-0.010702 19.871052 0.511805
-0.004135 19.869276 0.511664
0.002423 19.868992 0.511657
0.008981 19.870773 0.511835
0.015547 19.872556 0.512014
0.022120 19.874340 0.512193
0.028701 19.876128 0.512372
0.035290 19.877917 0.512551
0.041886 19.879708 0.512731
0.048490 19.881501 0.512911
0.055101 19.883296 0.513091
0.061720 19.885093 0.513271
0.068386 19.889185 0.513657
0.075121 19.896032 0.514292
0.081883 19.902908 0.514928
0.088673 19.909812 0.515568
0.095491 19.916744 0.516210
0.102336 19.923704 0.516855
0.109209 19.930692 0.517502
0.116433 19.948300 0.519104
0.124128 19.978342 0.521825
0.282338 24.395273 0.919106
0.297469 24.394797 0.919106
0.312601 24.394322 0.919106
0.327732 24.393846 0.919106
0.342864 24.393370 0.919106
0.357996 24.392894 0.919106
0.373127 24.392419 0.919106
0.388259 24.391943 0.919106
0.403390 24.391467 0.919106
0.418522 24.390991 0.919106
0.433654 24.390515 0.919106
0.448785 24.390040 0.919106
0.463917 24.389564 0.919106
0.479048 24.389088 0.919106
0.494180 24.388612 0.919106
0.509312 24.388137 0.919106
0.524443 24.387661 0.919106
0.539575 24.387185 0.919106
0.554706 24.386709 0.919106
0.569838 24.386233 0.919106
0.584970 24.385758 0.919106
-0.625558 24.423820 0.903967
-0.610427 24.423344 0.903967
-0.595295 24.422868 0.903967
-0.580164 24.422392 0.903967
-0.565032 24.421917 0.903967
-0.549900 24.421441 0.903967
-0.534769 24.420965 0.903967
-0.519637 24.420489 0.903967
-0.504506 24.420013 0.903967
-0.489374 24.419538 0.903967
-0.474242 24.419062 0.903967
-0.459111 24.418586 0.903967
-0.443979 24.418110 0.903967
-0.428848 24.417635 0.903967
-0.413716 24.417159 0.903967
-0.398584 24.416683 0.903967
-0.383453 24.416207 0.903967
-0.368321 24.415731 0.903967
-0.353190 24.415256 0.903967
-0.338058 24.414780 0.903967
-0.322926 24.414304 0.903967
-0.307795 24.413828 0.903967
-0.126199 19.979997 0.514503
-0.118358 19.949467 0.511840
-0.111023 19.930532 0.510195
-0.104139 19.923544 0.509599
-0.097282 19.916583 0.509006
-0.090451 19.909649 0.508415
-0.083646 19.902742 0.507826
-0.076866 19.895861 0.507240
-0.070113 19.889006 0.506655
-0.063433 19.884462 0.506274
-0.056820 19.882674 0.506135
-0.050213 19.880886 0.505996
-0.043612 19.879101 0.505857
-0.037017 19.877316 0.505719
-0.030428 19.875534 0.505580
-0.023845 19.873753 0.505442
-0.017268 19.871974 0.505303
-0.010697 19.870196 0.505165
-0.004132 19.868420 0.505027
0.002424 19.868137 0.505020
0.008981 19.869917 0.505195
0.015545 19.871699 0.505370
0.022117 19.873483 0.505545
0.028696 19.875269 0.505720
0.035283 19.877057 0.505896
0.041878 19.878847 0.506072
0.048480 19.880640 0.506247
0.055089 19.882434 0.506424
0.061707 19.884230 0.506600
0.068365 19.887983 0.506948
0.075098 19.894825 0.507569
0.081858 19.901697 0.508192
0.088645 19.908596 0.508817
0.095460 19.915523 0.509445
0.102303 19.922478 0.510076
0.109174 19.929462 0.510709
0.116317 19.944470 0.512049
0.124002 19.974447 0.514707
0.282338 24.395273 0.903967
0.297469 24.394797 0.903967
0.312601 24.394322 0.903967
0.327732 24.393846 0.903967
0.342864 24.393370 0.903967
0.357996 24.392894 0.903967
0.373127 24.392419 0.903967
0.388259 24.391943 0.903967
0.403390 24.391467 0.903967
0.418522 24.390991 0.903967
0.433654 24.390515 0.903967
0.448785 24.390040 0.903967
0.463917 24.389564 0.903967
0.479048 24.389088 0.903967
0.494180 24.388612 0.903967
0.509312 24.388137 0.903967
0.524443 24.387661 0.903967
0.539575 24.387185 0.903967
0.554706 24.386709 0.903967
0.569838 24.386233 0.903967
0.584970 24.385758 0.903967
-0.625558 24.423820 0.888828
-0.610427 24.423344 0.888828
-0.595295 24.422868 0.888828
-0.580164 24.422392 0.888828
-0.565032 24.421917 0.888828
-0.549900 24.421441 0.888828
-0.534769 24.420965 0.888828
-0.519637 24.420489 0.888828
-0.504506 24.420013 0.888828
-0.489374 24.419538 0.888828
-0.474242 24.419062 0.888828
-0.459111 24.418586 0.888828
-0.443979 24.418110 0.888828
-0.428848 24.417635 0.888828
-0.413716 24.417159 0.888828
-0.398584 24.416683 0.888828
-0.383453 24.416207 0.888828
-0.368321 24.415731 0.888828
-0.353190 24.415256 0.888828
-0.338058 24.414780 0.888828
-0.322926 24.414304 0.888828
-0.307795 24.413828 0.888828
-0.126050 19.976026 0.507398
-0.118219 19.945564 0.504798
-0.110981 19.929298 0.503418
-0.104100 19.922314 0.502835
-0.097245 19.915359 0.502255
-0.090416 19.908429 0.501677
-0.083614 19.901527 0.501102
-0.076837 19.894650 0.500528
-0.070086 19.887800 0.499957
-0.063415 19.883599 0.499613
-0.056804 19.881812 0.499477
-0.050198 19.880025 0.499342
-0.043599 19.878240 0.499206
-0.037006 19.876457 0.499070
-0.030419 19.874675 0.498935
-0.023837 19.872895 0.498799
-0.017262 19.871117 0.498664
-0.010693 19.869340 0.498529
-0.004129 19.867564 0.498394
0.002426 19.867283 0.498387
0.008981 19.869062 0.498558
0.015543 19.870843 0.498729
0.022114 19.872626 0.498900
0.028691 19.874411 0.499072
0.035277 19.876198 0.499244
0.041869 19.877988 0.499415
0.048470 19.879779 0.499587
0.055078 19.881572 0.499760
0.061694 19.883368 0.499932
0.068345 19.886783 0.500244
0.075075 19.893620 0.500851
0.081833 19.900486 0.501460
0.088618 19.907380 0.502071
0.095430 19.914303 0.502686
0.102270 19.921253 0.503302
0.109139 19.928232 0.503921
0.116200 19.940650 0.505009
0.123876 19.970560 0.507604
0.282338 24.395273 0.888828
0.297469 24.394797 0.888828
0.312601 24.394322 0.888828
0.327732 24.393846 0.888828
0.342864 24.393370 0.888828
0.357996 24.392894 0.888828
0.373127 24.392419 0.888828
0.388259 24.391943 0.888828
0.403390 24.391467 0.888828
0.418522 24.390991 0.888828
0.433654 24.390515 0.888828
0.448785 24.390040 0.888828
0.463917 24.389564 0.888828
0.479048 24.389088 0.888828
0.494180 24.388612 0.888828
0.509312 24.388137 0.888828
0.524443 24.387661 0.888828
0.539575 24.387185 0.888828
0.554706 24.386709 0.888828
0.569838 24.386233 0.888828
0.584970 24.385758 0.888828
-0.625558 24.423820 0.873689
-0.610427 24.423344 0.873689
-0.595295 24.422868 0.873689
-0.580164 24.422392 0.873689
-0.565032 24.421917 0.873689
-0.549900 24.421441 0.873689
-0.534769 24.420965 0.873689
-0.519637 24.420489 0.873689
-0.504506 24.420013 0.873689
-0.489374 24.419538 0.873689
-0.474242 24.419062 0.873689
-0.459111 24.418586 0.873689
-0.443979 24.418110 0.873689
-0.428848 24.417635 0.873689
-0.413716 24.417159 0.873689
-0.398584 24.416683 0.873689
-0.383453 24.416207 0.873689
-0.368321 24.415731 0.873689
-0.353190 24.415256 0.873689
-0.338058 24.414780 0.873689
-0.322926 24.414304 0.873689
-0.307795 24.413828 0.873689
-0.125901 19.972065 0.500309
-0.118080 19.941669 0.497772
-0.110939 19.928064 0.496645
-0.104061 19.921086 0.496076
-0.097208 19.914135 0.495509
-0.090382 19.907211 0.494944
-0.083582 19.900313 0.494382
-0.076808 19.893441 0.493821
-0.070059 19.886595 0.493263
-0.063397 19.882737 0.492956
-0.056788 19.880950 0.492823
-0.050184 19.879165 0.492690
-0.043586 19.877380 0.492558
-0.036995 19.875598 0.492425
-0.030409 19.873817 0.492292
-0.023830 19.872038 0.492160
-0.017256 19.870260 0.492028
-0.010688 19.868484 0.491896
-0.004126 19.866710 0.491764
0.002427 19.866429 0.491758
0.008981 19.868207 0.491925
0.015542 19.869987 0.492092
0.022110 19.871770 0.492259
0.028686 19.873554 0.492427
0.035270 19.875340 0.492594
0.041861 19.877128 0.492762
0.048460 19.878919 0.492931
0.055066 19.880711 0.493099
0.061680 19.882506 0.493268
0.068324 19.885583 0.493544
0.075052 19.892415 0.494137
0.081807 19.899277 0.494732
0.088590 19.906166 0.495330
0.095400 19.913084 0.495930
0.102238 19.920029 0.496533
0.109104 19.927003 0.497138
0.116084 19.936838 0.497985
0.123750 19.966682 0.500517
0.131548 19.997040 0.503093
0.297469 24.394797 0.873689
0.312601 24.394322 0.873689
0.327732 24.393846 0.873689
0.342864 24.393370 0.873689
0.357996 24.392894 0.873689
0.373127 24.392419 0.873689
0.388259 24.391943 0.873689
0.403390 24.391467 0.873689
0.418522 24.390991 0.873689
0.433654 24.390515 0.873689
0.448785 24.390040 0.873689
0.463917 24.389564 0.873689
0.479048 24.389088 0.873689
0.494180 24.388612 0.873689
0.509312 24.388137 0.873689
0.524443 24.387661 0.873689
0.539575 24.387185 0.873689
0.554706 24.386709 0.873689
0.569838 24.386233 0.873689
0.584970 24.385758 0.873689
-0.625558 24.423820 0.858550
-0.610427 24.423344 0.858550
-0.595295 24.422868 0.858550
-0.580164 24.422392 0.858550
-0.565032 24.421917 0.858550
-0.549900 24.421441 0.858550
-0.534769 24.420965 0.858550
-0.519637 24.420489 0.858550
-0.504506 24.420013 0.858550
-0.489374 24.419538 0.858550
-0.474242 24.419062 0.858550
-0.459111 24.418586 0.858550
-0.443979 24.418110 0.858550
-0.428848 24.417635 0.858550
-0.413716 24.417159 0.858550
-0.398584 24.416683 0.858550
-0.383453 24.416207 0.858550
-0.368321 24.415731 0.858550
-0.353190 24.415256 0.858550
-0.338058 24.414780 0.858550
-0.322926 24.414304 0.858550
-0.133699 19.998959 0.495753
-0.125753 19.968111 0.493236
-0.117941 19.937783 0.490761
-0.110898 19.926832 0.489878
-0.104021 19.919858 0.489322
-0.097171 19.912912 0.488768
-0.090348 19.905992 0.488216
-0.083550 19.899099 0.487667
-0.076778 19.892232 0.487119
-0.070032 19.885391 0.486574
-0.063379 19.881875 0.486302
-0.056771 19.880089 0.486172
-0.050170 19.878304 0.486042
-0.043574 19.876521 0.485913
-0.036984 19.874739 0.485783
-0.030400 19.872959 0.485654
-0.023822 19.871181 0.485524
-0.017250 19.869404 0.485395
-0.010683 19.867629 0.485266
-0.004123 19.865855 0.485137
0.002428 19.865576 0.485131
0.008980 19.867353 0.485294
0.015540 19.869132 0.485458
0.022107 19.870914 0.485621
0.028681 19.872697 0.485785
0.035263 19.874482 0.485949
0.041853 19.876270 0.486113
0.048450 19.878059 0.486277
0.055055 19.879850 0.486442
0.061667 19.881644 0.486606
0.068303 19.884384 0.486849
0.075029 19.891212 0.487428
0.081782 19.898068 0.488010
0.088562 19.904953 0.488594
0.095370 19.911866 0.489180
0.102205 19.918806 0.489769
0.109068 19.925775 0.490360
0.115968 19.933034 0.490975
0.123625 19.962813 0.493445
0.131413 19.993104 0.495957
0.297469 24.394797 0.858550
0.312601 24.394322 0.858550
0.327732 24.393846 0.858550
0.342864 24.393370 0.858550
0.357996 24.392894 0.858550
0.373127 24.392419 0.858550
0.388259 24.391943 0.858550
0.403390 24.391467 0.858550
0.418522 24.390991 0.858550
0.433654 24.390515 0.858550
0.448785 24.390040 0.858550
0.463917 24.389564 0.858550
0.479048 24.389088 0.858550
0.494180 24.388612 0.858550
0.509312 24.388137 0.858550
0.524443 24.387661 0.858550
0.539575 24.387185 0.858550
0.554706 24.386709 0.858550
0.569838 24.386233 0.858550
0.584970 24.385758 0.858550
-0.625558 24.423820 0.843411
-0.610427 24.423344 0.843411
-0.595295 24.422868 0.843411
-0.580164 24.422392 0.843411
-0.565032 24.421917 0.843411
-0.549900 24.421441 0.843411
-0.534769 24.420965 0.843411
-0.519637 24.420489 0.843411
-0.504506 24.420013 0.843411
-0.489374 24.419538 0.843411
-0.474242 24.419062 0.843411
-0.459111 24.418586 0.843411
-0.443979 24.418110 0.843411
-0.428848 24.417635 0.843411
-0.413716 24.417159 0.843411
-0.398584 24.416683 0.843411
-0.383453 24.416207 0.843411
-0.368321 24.415731 0.843411
-0.353190 24.415256 0.843411
-0.338058 24.414780 0.843411
-0.322926 24.414304 0.843411
-0.133541 19.994948 0.488632
-0.125605 19.964168 0.486178
-0.117803 19.933905 0.483765
-0.110856 19.925599 0.483115
-0.103982 19.918631 0.482572
-0.097135 19.911690 0.482032
-0.090313 19.904775 0.481493
-0.083518 19.897887 0.480956
-0.076749 19.891024 0.480422
-0.070005 19.884188 0.479889
-0.063362 19.881014 0.479651
-0.056755 19.879228 0.479524
-0.050155 19.877444 0.479397
-0.043561 19.875662 0.479271
-0.036972 19.873881 0.479144
-0.030390 19.872102 0.479018
-0.023814 19.870324 0.478892
-0.017243 19.868548 0.478765
-0.010679 19.866774 0.478639
-0.004120 19.865001 0.478513
0.002430 19.864723 0.478508
0.008980 19.866499 0.478667
0.015538 19.868278 0.478827
0.022103 19.870058 0.478986
0.028676 19.871840 0.479146
0.035257 19.873625 0.479306
0.041845 19.875411 0.479467
0.048440 19.877200 0.479627
0.055043 19.878990 0.479788
0.061654 19.880783 0.479948
0.068283 19.883186 0.480158
0.075006 19.890009 0.480724
0.081756 19.896861 0.481292
0.088534 19.903740 0.481862
0.095339 19.910648 0.482434
0.102172 19.917584 0.483009
0.109033 19.924548 0.483586
0.115922 19.931540 0.484166
0.123500 19.958951 0.486388
0.131279 19.989177 0.488838
0.297469 24.394797 0.843411
0.312601 24.394322 0.843411
0.327732 24.393846 0.843411
0.342864 24.393370 0.843411
0.357996 24.392894 0.843411
0.373127 24.392419 0.843411
0.388259 24.391943 0.843411
0.403390 24.391467 0.843411
0.418522 24.390991 0.843411
0.433654 24.390515 0.843411
0.448785 24.390040 0.843411
0.463917 24.389564 0.843411
0.479048 24.389088 0.843411
0.494180 24.388612 0.843411
0.509312 24.388137 0.843411
0.524443 24.387661 0.843411
0.539575 24.387185 0.843411
0.554706 24.386709 0.843411
0.569838 24.386233 0.843411
0.584970 24.385758 0.843411
-0.625558 24.423820 0.828272
-0.610427 24.423344 0.828272
-0.595295 24.422868 0.828272
-0.580164 24.422392 0.828272
-0.565032 24.421917 0.828272
-0.549900 24.421441 0.828272
-0.534769 24.420965 0.828272
-0.519637 24.420489 0.828272
-0.504506 24.420013 0.828272
-0.489374 24.419538 0.828272
-0.474242 24.419062 0.828272
-0.459111 24.418586 0.828272
-0.443979 24.418110 0.828272
-0.428848 24.417635 0.828272
-0.413716 24.417159 0.828272
-0.398584 24.416683 0.828272
-0.383453 24.416207 0.828272
-0.368321 24.415731 0.828272
-0.353190 24.415256 0.828272
-0.338058 24.414780 0.828272
-0.322926 24.414304 0.828272
-0.133383 19.990946 0.481527
-0.125457 19.960232 0.479136
-0.117712 19.931362 0.476889
-0.110814 19.924369 0.476357
-0.103943 19.917406 0.475827
-0.097098 19.910469 0.475300
-0.090279 19.903559 0.474774
-0.083486 19.896675 0.474251
-0.076719 19.889817 0.473729
-0.069978 19.882986 0.473209
-0.063344 19.880153 0.473003
-0.056739 19.878368 0.472880
-0.050141 19.876585 0.472756
-0.043548 19.874803 0.472632
-0.036961 19.873023 0.472509
-0.030381 19.871245 0.472386
-0.023806 19.869468 0.472262
-0.017237 19.867693 0.472139
-0.010674 19.865919 0.472016
-0.004117 19.864147 0.471893
0.002431 19.863870 0.471888
0.008980 19.865646 0.472043
0.015536 19.867423 0.472199
0.022100 19.869203 0.472355
0.028671 19.870984 0.472511
0.035250 19.872768 0.472667
0.041836 19.874553 0.472823
0.048430 19.876341 0.472980
0.055032 19.878130 0.473137
0.061641 19.879922 0.473294
0.068262 19.881989 0.473472
0.074983 19.888807 0.474024
0.081731 19.895654 0.474578
0.088506 19.902528 0.475135
0.095309 19.909432 0.475693
0.102140 19.916362 0.476254
0.108998 19.923321 0.476817
0.115885 19.930309 0.477383
0.123375 19.955098 0.479347
0.131144 19.985258 0.481734
0.297469 24.394797 0.828272
0.312601 24.394322 0.828272
0.327732 24.393846 0.828272
0.342864 24.393370 0.828272
0.357996 24.392894 0.828272
0.373127 24.392419 0.828272
0.388259 24.391943 0.828272
0.403390 24.391467 0.828272
0.418522 24.390991 0.828272
0.433654 24.390515 0.828272
0.448785 24.390040 0.828272
0.463917 24.389564 0.828272
0.479048 24.389088 0.828272
0.494180 24.388612 0.828272
0.509312 24.388137 0.828272
0.524443 24.387661 0.828272
0.539575 24.387185 0.828272
0.554706 24.386709 0.828272
0.569838 24.386233 0.828272
0.584970 24.385758 0.828272
-0.625558 24.423820 0.813133
-0.610427 24.423344 0.813133
-0.595295 24.422868 0.813133
-0.580164 24.422392 0.813133
-0.565032 24.421917 0.813133
-0.549900 24.421441 0.813133
-0.534769 24.420965 0.813133
-0.519637 24.420489 0.813133
-0.504506 24.420013 0.813133
-0.489374 24.419538 0.813133
-0.474242 24.419062 0.813133
-0.459111 24.418586 0.813133
-0.443979 24.418110 0.813133
-0.428848 24.417635 0.813133
-0.413716 24.417159 0.813133
-0.398584 24.416683 0.813133
-0.383453 24.416207 0.813133
-0.368321 24.415731 0.813133
-0.353190 24.415256 0.813133
-0.338058 24.414780 0.813133
-0.322926 24.414304 0.813133
-0.133225 19.986951 0.474438
-0.125310 19.956305 0.472109
-0.117668 19.930127 0.470122
-0.110773 19.923139 0.469604
-0.103904 19.916181 0.469087
-0.097062 19.909249 0.468573
-0.090245 19.902343 0.468060
-0.083455 19.895464 0.467549
-0.076690 19.888611 0.467041
-0.069951 19.881784 0.466534
-0.063326 19.879292 0.466359
-0.056723 19.877508 0.466238
-0.050126 19.875726 0.466118
-0.043535 19.873945 0.465997
-0.036950 19.872166 0.465877
-0.030371 19.870388 0.465756
-0.023798 19.868612 0.465636
-0.017231 19.866838 0.465516
-0.010669 19.865065 0.465396
-0.004114 19.863294 0.465276
0.002433 19.863019 0.465271
0.008980 19.864793 0.465423
0.015534 19.866569 0.465574
0.022097 19.868348 0.465727
0.028666 19.870128 0.465879
0.035243 19.871911 0.466031
0.041828 19.873696 0.466184
0.048420 19.875482 0.466336
0.055020 19.877271 0.466489
0.061627 19.879061 0.466642
0.068242 19.880854 0.466796
0.074960 19.887605 0.467329
0.081706 19.894448 0.467869
0.088479 19.901318 0.468412
0.095279 19.908216 0.468957
0.102107 19.915142 0.469504
0.108963 19.922096 0.470053
0.115847 19.929079 0.470604
0.123251 19.951254 0.472321
0.131010 19.981348 0.474645
0.297469 24.394797 0.813133
0.312601 24.394322 0.813133
0.327732 24.393846 0.813133
0.342864 24.393370 0.813133
0.357996 24.392894 0.813133
0.373127 24.392419 0.813133
0.388259 24.391943 0.813133
0.403390 24.391467 0.813133
0.418522 24.390991 0.813133
0.433654 24.390515 0.813133
0.448785 24.390040 0.813133
0.463917 24.389564 0.813133
0.479048 24.389088 0.813133
0.494180 24.388612 0.813133
0.509312 24.388137 0.813133
0.524443 24.387661 0.813133
0.539575 24.387185 0.813133
0.554706 24.386709 0.813133
0.569838 24.386233 0.813133
0.584970 24.385758 0.813133
-0.625558 24.423820 0.797994
-0.610427 24.423344 0.797994
-0.595295 24.422868 0.797994
-0.580164 24.422392 0.797994
-0.565032 24.421917 0.797994
-0.549900 24.421441 0.797994
-0.534769 24.420965 0.797994
-0.519637 24.420489 0.797994
-0.504506 24.420013 0.797994
-0.489374 24.419538 0.797994
-0.474242 24.419062 0.797994
-0.459111 24.418586 0.797994
-0.443979 24.418110 0.797994
-0.428848 24.417635 0.797994
-0.413716 24.417159 0.797994
-0.398584 24.416683 0.797994
-0.383453 24.416207 0.797994
-0.368321 24.415731 0.797994
-0.353190 24.415256 0.797994
-0.338058 24.414780 0.797994
-0.322926 24.414304 0.797994
-0.133068 19.982965 0.467364
-0.125163 19.952387 0.465098
-0.117624 19.928892 0.463361
-0.110731 19.921910 0.462855
-0.103865 19.914956 0.462352
-0.097025 19.908029 0.461850
-0.090211 19.901128 0.461351
-0.083423 19.894254 0.460853
-0.076661 19.887406 0.460357
-0.069924 19.880583 0.459863
-0.063309 19.878432 0.459718
-0.056707 19.876649 0.459600
-0.050112 19.874867 0.459483
-0.043522 19.873087 0.459365
-0.036939 19.871309 0.459248
-0.030362 19.869532 0.459131
-0.023790 19.867757 0.459013
-0.017224 19.865983 0.458896
-0.010665 19.864211 0.458779
-0.004111 19.862441 0.458662
0.002434 19.862167 0.458657
0.008980 19.863941 0.458805
0.015533 19.865716 0.458953
0.022093 19.867493 0.459102
0.028661 19.869273 0.459250
0.035237 19.871055 0.459398
0.041820 19.872838 0.459547
0.048410 19.874624 0.459696
0.055008 19.876412 0.459845
0.061614 19.878201 0.459994
0.068228 19.879993 0.460144
0.074937 19.886405 0.460639
0.081680 19.893242 0.461165
0.088451 19.900108 0.461694
0.095249 19.907001 0.462225
0.102075 19.913922 0.462758
0.108928 19.920871 0.463293
0.115810 19.927849 0.463831
0.123126 19.947418 0.465310
0.130876 19.977446 0.467572
0.297469 24.394797 0.797994
0.312601 24.394322 0.797994
0.327732 24.393846 0.797994
0.342864 24.393370 0.797994
0.357996 24.392894 0.797994
0.373127 24.392419 0.797994
0.388259 24.391943 0.797994
0.403390 24.391467 0.797994
0.418522 24.390991 0.797994
0.433654 24.390515 0.797994
0.448785 24.390040 0.797994
0.463917 24.389564 0.797994
0.479048 24.389088 0.797994
0.494180 24.388612 0.797994
0.509312 24.388137 0.797994
0.524443 24.387661 0.797994
0.539575 24.387185 0.797994
0.554706 24.386709 0.797994
0.569838 24.386233 0.797994
0.584970 24.385758 0.797994
-0.625558 24.423820 0.782855
-0.610427 24.423344 0.782855
-0.595295 24.422868 0.782855
-0.580164 24.422392 0.782855
-0.565032 24.421917 0.782855
-0.549900 24.421441 0.782855
-0.534769 24.420965 0.782855
-0.519637 24.420489 0.782855
-0.504506 24.420013 0.782855
-0.489374 24.419538 0.782855
-0.474242 24.419062 0.782855
-0.459111 24.418586 0.782855
-0.443979 24.418110 0.782855
-0.428848 24.417635 0.782855
-0.413716 24.417159 0.782855
-0.398584 24.416683 0.782855
-0.383453 24.416207 0.782855
-0.368321 24.415731 0.782855
-0.353190 24.415256 0.782855
-0.338058 24.414780 0.782855
-0.322926 24.414304 0.782855
-0.132911 19.978989 0.460306
-0.125016 19.948478 0.458102
-0.117580 19.927659 0.456603
-0.110690 19.920682 0.456111
-0.103826 19.913733 0.455621
-0.096988 19.906811 0.455132
-0.090177 19.899915 0.454646
-0.083391 19.893045 0.454161
-0.076631 19.886201 0.453678
-0.069897 19.879383 0.453197
-0.063291 19.877572 0.453080
-0.056691 19.875790 0.452966
-0.050097 19.874009 0.452851
-0.043510 19.872230 0.452737
-0.036928 19.870452 0.452622
-0.030352 19.868676 0.452508
-0.023782 19.866902 0.452394
-0.017218 19.865130 0.452280
-0.010660 19.863358 0.452166
-0.004108 19.861589 0.452052
0.002436 19.861316 0.452047
0.008979 19.863088 0.452191
0.015531 19.864863 0.452335
0.022090 19.866640 0.452480
0.028656 19.868418 0.452624
0.035230 19.870199 0.452769
0.041811 19.871981 0.452914
0.048400 19.873766 0.453059
0.054997 19.875553 0.453204
0.061601 19.877342 0.453350
0.068213 19.879133 0.453495
0.074914 19.885205 0.453953
0.081655 19.892038 0.454466
0.088423 19.898898 0.454981
0.095219 19.905787 0.455498
0.102042 19.912703 0.456017
0.108893 19.919647 0.456539
0.115772 19.926620 0.457062
0.123002 19.943590 0.458314
0.130743 19.973553 0.460514
0.297469 24.394797 0.782855
0.312601 24.394322 0.782855
0.327732 24.393846 0.782855
0.342864 24.393370 0.782855
0.357996 24.392894 0.782855
0.373127 24.392419 0.782855
0.388259 24.391943 0.782855
0.403390 24.391467 0.782855
0.418522 24.390991 0.782855
0.433654 24.390515 0.782855
0.448785 24.390040 0.782855
0.463917 24.389564 0.782855
0.479048 24.389088 0.782855
0.494180 24.388612 0.782855
0.509312 24.388137 0.782855
0.524443 24.387661 0.782855
0.539575 24.387185 0.782855
0.554706 24.386709 0.782855
0.569838 24.386233 0.782855
0.584970 24.385758 0.782855
-0.625558 24.423820 0.767715
-0.610427 24.423344 0.767715
-0.595295 24.422868 0.767715
-0.580164 24.422392 0.767715
-0.565032 24.421917 0.767715
-0.549900 24.421441 0.767715
-0.534769 24.420965 0.767715
-0.519637 24.420489 0.767715
-0.504506 24.420013 0.767715
-0.489374 24.419538 0.767715
-0.474242 24.419062 0.767715
-0.459111 24.418586 0.767715
-0.443979 24.418110 0.767715
-0.428848 24.417635 0.767715
-0.413716 24.417159 0.767715
-0.398584 24.416683 0.767715
-0.383453 24.416207 0.767715
-0.368321 24.415731 0.767715
-0.353190 24.415256 0.767715
-0.338058 24.414780 0.767715
-0.322926 24.414304 0.767715
-0.132755 19.975020 0.453264
-0.124869 19.944577 0.451122
-0.117536 19.926427 0.449851
-0.110648 19.919455 0.449372
-0.103787 19.912510 0.448895
-0.096952 19.905593 0.448419
-0.090143 19.898702 0.447946
-0.083360 19.891836 0.447474
-0.076602 19.884998 0.447004
-0.069877 19.878495 0.446558
-0.063273 19.876713 0.446446
-0.056675 19.874931 0.446334
-0.050083 19.873151 0.446223
-0.043497 19.871373 0.446111
-0.036917 19.869596 0.446000
-0.030343 19.867821 0.445889
-0.023774 19.866048 0.445778
-0.017212 19.864276 0.445667
-0.010656 19.862505 0.445556
-0.004105 19.860737 0.445445
0.002437 19.860465 0.445440
0.008979 19.862237 0.445580
0.015529 19.864010 0.445721
0.022086 19.865786 0.445861
0.028651 19.867564 0.446002
0.035223 19.869343 0.446143
0.041803 19.871125 0.446284
0.048390 19.872909 0.446425
0.054985 19.874695 0.446567
0.061588 19.876483 0.446708
0.068198 19.878273 0.446850
0.074891 19.884006 0.447271
0.081630 19.890835 0.447771
0.088395 19.897690 0.448272
0.095189 19.904573 0.448776
0.102010 19.911485 0.449281
0.108858 19.918424 0.449788
0.115735 19.925392 0.450298
0.122879 19.939770 0.451334
0.130610 19.969668 0.453472
0.297469 24.394797 0.767715
0.312601 24.394322 0.767715
0.327732 24.393846 0.767715
0.342864 24.393370 0.767715
0.357996 24.392894 0.767715
0.373127 24.392419 0.767715
0.388259 24.391943 0.767715
0.403390 24.391467 0.767715
0.418522 24.390991 0.767715
0.433654 24.390515 0.767715
0.448785 24.390040 0.767715
0.463917 24.389564 0.767715
0.479048 24.389088 0.767715
0.494180 24.388612 0.767715
0.509312 24.388137 0.767715
0.524443 24.387661 0.767715
0.539575 24.387185 0.767715
0.554706 24.386709 0.767715
0.569838 24.386233 0.767715
0.584970 24.385758 0.767715
-0.625558 24.423820 0.752576
-0.610427 24.423344 0.752576
-0.595295 24.422868 0.752576
-0.580164 24.422392 0.752576
-0.565032 24.421917 0.752576
-0.549900 24.421441 0.752576
-0.534769 24.420965 0.752576
-0.519637 24.420489 0.752576
-0.504506 24.420013 0.752576
-0.489374 24.419538 0.752576
-0.474242 24.419062 0.752576
-0.459111 24.418586 0.752576
-0.443979 24.418110 0.752576
-0.428848 24.417635 0.752576
-0.413716 24.417159 0.752576
-0.398584 24.416683 0.752576
-0.383453 24.416207 0.752576
-0.368321 24.415731 0.752576
-0.353190 24.415256 0.752576
-0.338058 24.414780 0.752576
-0.322926 24.414304 0.752576
-0.132599 19.971061 0.446237
-0.124723 19.940684 0.444157
-0.117492 19.925195 0.443104
-0.110607 19.918228 0.442637
-0.103748 19.911289 0.442173
-0.096915 19.904376 0.441711
-0.090109 19.897489 0.441250
-0.083328 19.890629 0.440791
-0.076573 19.883795 0.440334
-0.069858 19.877635 0.439923
-0.063256 19.875854 0.439815
-0.056659 19.874073 0.439706
-0.050069 19.872294 0.439598
-0.043484 19.870516 0.439489
-0.036906 19.868740 0.439381
-0.030333 19.866966 0.439273
-0.023766 19.865194 0.439165
-0.017206 19.863423 0.439057
-0.010651 19.861653 0.438949
-0.004102 19.859885 0.438841
0.002438 19.859615 0.438836
0.008979 19.861386 0.438973
0.015527 19.863158 0.439109
0.022083 19.864933 0.439246
0.028646 19.866710 0.439383
0.035217 19.868488 0.439520
0.041795 19.870269 0.439657
0.048381 19.872052 0.439795
0.054974 19.873837 0.439932
0.061575 19.875624 0.440070
0.068183 19.877413 0.440208
0.074868 19.882809 0.440595
0.081604 19.889632 0.441080
0.088368 19.896482 0.441568
0.095159 19.903361 0.442058
0.101977 19.910268 0.442549
0.108823 19.917202 0.443043
0.115697 19.924165 0.443539
0.122755 19.935959 0.444368
0.130477 19.965792 0.446444
0.138331 19.996136 0.448556
0.312601 24.394322 0.752576
0.327732 24.393846 0.752576
0.342864 24.393370 0.752576
0.357996 24.392894 0.752576
0.373127 24.392419 0.752576
0.388259 24.391943 0.752576
0.403390 24.391467 0.752576
0.418522 24.390991 0.752576
0.433654 24.390515 0.752576
0.448785 24.390040 0.752576
0.463917 24.389564 0.752576
0.479048 24.389088 0.752576
0.494180 24.388612 0.752576
0.509312 24.388137 0.752576
0.524443 24.387661 0.752576
0.539575 24.387185 0.752576
0.554706 24.386709 0.752576
0.569838 24.386233 0.752576
0.584970 24.385758 0.752576
-0.625558 24.423820 0.737437
-0.610427 24.423344 0.737437
-0.595295 24.422868 0.737437
-0.580164 24.422392 0.737437
-0.565032 24.421917 0.737437
-0.549900 24.421441 0.737437
-0.534769 24.420965 0.737437
-0.519637 24.420489 0.737437
-0.504506 24.420013 0.737437
-0.489374 24.419538 0.737437
-0.474242 24.419062 0.737437
-0.459111 24.418586 0.737437
-0.443979 24.418110 0.737437
-0.428848 24.417635 0.737437
-0.413716 24.417159 0.737437
-0.398584 24.416683 0.737437
-0.383453 24.416207 0.737437
-0.368321 24.415731 0.737437
-0.353190 24.415256 0.737437
-0.338058 24.414780 0.737437
-0.140443 19.997940 0.441279
-0.132443 19.967111 0.439226
-0.124577 19.936800 0.437207
-0.117448 19.923964 0.436361
-0.110566 19.917003 0.435908
-0.103709 19.910068 0.435457
-0.096879 19.903160 0.435007
-0.090075 19.896278 0.434559
-0.083296 19.889422 0.434113
-0.076544 19.882593 0.433669
-0.069839 19.876776 0.433293
-0.063238 19.874995 0.433187
-0.056643 19.873215 0.433081
-0.050054 19.871437 0.432976
-0.043471 19.869661 0.432870
-0.036894 19.867885 0.432765
-0.030324 19.866112 0.432660
-0.023759 19.864340 0.432555
-0.017199 19.862570 0.432450
-0.010646 19.860801 0.432345
-0.004099 19.859034 0.432240
0.002440 19.858765 0.432236
0.008979 19.860535 0.432368
0.015525 19.862306 0.432501
0.022079 19.864080 0.432634
0.028641 19.865856 0.432767
0.035210 19.867634 0.432901
0.041787 19.869414 0.433034
0.048371 19.871196 0.433167
0.054962 19.872980 0.433301
0.061561 19.874766 0.433435
0.068168 19.876554 0.433569
0.074845 19.881612 0.433923
0.081579 19.888430 0.434395
0.088340 19.895276 0.434869
0.095129 19.902149 0.435345
0.101945 19.909051 0.435822
0.108788 19.915981 0.436302
0.115660 19.922939 0.436784
0.122632 19.932157 0.437418
0.130344 19.961924 0.439433
0.138189 19.992202 0.441482
0.312601 24.394322 0.737437
0.327732 24.393846 0.737437
0.342864 24.393370 0.737437
0.357996 24.392894 0.737437
0.373127 24.392419 0.737437
0.388259 24.391943 0.737437
0.403390 24.391467 0.737437
0.418522 24.390991 0.737437
0.433654 24.390515 0.737437
0.448785 24.390040 0.737437
0.463917 24.389564 0.737437
0.479048 24.389088 0.737437
0.494180 24.388612 0.737437
0.509312 24.388137 0.737437
0.524443 24.387661 0.737437
0.539575 24.387185 0.737437
0.554706 24.386709 0.737437
0.569838 24.386233 0.737437
0.584970 24.385758 0.737437
-0.625558 24.423820 0.722298
-0.610427 24.423344 0.722298
-0.595295 24.422868 0.722298
-0.580164 24.422392 0.722298
-0.565032 24.421917 0.722298
-0.549900 24.421441 0.722298
-0.534769 24.420965 0.722298
-0.519637 24.420489 0.722298
-0.504506 24.420013 0.722298
-0.489374 24.419538 0.722298
-0.474242 24.419062 0.722298
-0.459111 24.418586 0.722298
-0.443979 24.418110 0.722298
-0.428848 24.417635 0.722298
-0.413716 24.417159 0.722298
-0.398584 24.416683 0.722298
-0.383453 24.416207 0.722298
-0.368321 24.415731 0.722298
-0.353190 24.415256 0.722298
-0.338058 24.414780 0.722298
-0.140278 19.993931 0.434221
-0.132288 19.963169 0.432230
-0.124432 19.932925 0.430273
-0.117405 19.922734 0.429622
-0.110524 19.915778 0.429183
-0.103670 19.908848 0.428744
-0.096842 19.901945 0.428308
-0.090041 19.895067 0.427873
-0.083265 19.888216 0.427440
-0.076514 19.881391 0.427008
-0.069819 19.875917 0.426665
-0.063220 19.874137 0.426562
-0.056627 19.872358 0.426460
-0.050040 19.870581 0.426357
-0.043459 19.868805 0.426255
-0.036883 19.867031 0.426153
-0.030314 19.865258 0.426050
-0.023751 19.863487 0.425948
-0.017193 19.861718 0.425846
-0.010642 19.859950 0.425744
-0.004096 19.858183 0.425643
0.002441 19.857915 0.425638
0.008979 19.859684 0.425767
0.015524 19.861455 0.425896
0.022076 19.863228 0.426025
0.028636 19.865003 0.426155
0.035203 19.866780 0.426284
0.041778 19.868559 0.426414
0.048361 19.870340 0.426543
0.054951 19.872123 0.426673
0.061548 19.873908 0.426803
0.068153 19.875695 0.426934
0.074822 19.880415 0.427255
0.081554 19.887229 0.427714
0.088312 19.894070 0.428174
0.095098 19.900939 0.428636
0.101912 19.907836 0.429100
0.108753 19.914760 0.429566
0.115623 19.921714 0.430034
0.122520 19.928695 0.430504
0.130212 19.958064 0.432436
0.138047 19.988276 0.434423
0.312601 24.394322 0.722298
0.327732 24.393846 0.722298
0.342864 24.393370 0.722298
0.357996 24.392894 0.722298
0.373127 24.392419 0.722298
0.388259 24.391943 0.722298
0.403390 24.391467 0.722298
0.418522 24.390991 0.722298
0.433654 24.390515 0.722298
0.448785 24.390040 0.722298
0.463917 24.389564 0.722298
0.479048 24.389088 0.722298
0.494180 24.388612 0.722298
0.509312 24.388137 0.722298
0.524443 24.387661 0.722298
0.539575 24.387185 0.722298
0.554706 24.386709 0.722298
0.569838 24.386233 0.722298
0.584970 24.385758 0.722298
-0.625558 24.423820 0.707159
-0.610427 24.423344 0.707159
-0.595295 24.422868 0.707159
-0.580164 24.422392 0.707159
-0.565032 24.421917 0.707159
-0.549900 24.421441 0.707159
-0.534769 24.420965 0.707159
-0.519637 24.420489 0.707159
-0.504506 24.420013 0.707159
-0.489374 24.419538 0.707159
-0.474242 24.419062 0.707159
-0.459111 24.418586 0.707159
-0.443979 24.418110 0.707159
-0.428848 24.417635 0.707159
-0.413716 24.417159 0.707159
-0.398584 24.416683 0.707159
-0.383453 24.416207 0.707159
-0.368321 24.415731 0.707159
-0.353190 24.415256 0.707159
-0.338058 24.414780 0.707159
-0.140113 19.989931 0.427179
-0.132132 19.959236 0.425250
-0.124287 19.929058 0.423354
-0.117361 19.921506 0.422889
-0.110483 19.914554 0.422462
-0.103631 19.907629 0.422037
-0.096806 19.900730 0.421613
-0.090007 19.893858 0.421192
-0.083233 19.887011 0.420771
-0.076485 19.880191 0.420353
-0.069800 19.875059 0.420041
-0.063203 19.873280 0.419941
-0.056611 19.871501 0.419841
-0.050025 19.869725 0.419742
-0.043446 19.867950 0.419643
-0.036872 19.866176 0.419543
-0.030305 19.864404 0.419444
-0.023743 19.862634 0.419345
-0.017187 19.860866 0.419246
-0.010637 19.859098 0.419147
-0.004093 19.857333 0.419048
0.002443 19.857066 0.419044
0.008979 19.858834 0.419169
0.015522 19.860604 0.419295
0.022073 19.862376 0.419420
0.028631 19.864150 0.419545
0.035197 19.865926 0.419671
0.041770 19.867704 0.419797
0.048351 19.869484 0.419923
0.054939 19.871266 0.420049
0.061535 19.873050 0.420175
0.068139 19.874837 0.420301
0.074799 19.879220 0.420592
0.081528 19.886028 0.421037
0.088285 19.892865 0.421484
0.095068 19.899729 0.421932
0.101880 19.906621 0.422383
0.108719 19.913541 0.422835
0.115585 19.920489 0.423289
0.122480 19.927466 0.423744
0.130080 19.954213 0.425454
0.137905 19.984359 0.427380
0.312601 24.394322 0.707159
0.327732 24.393846 0.707159
0.342864 24.393370 0.707159
0.357996 24.392894 0.707159
0.373127 24.392419 0.707159
0.388259 24.391943 0.707159
0.403390 24.391467 0.707159
0.418522 24.390991 0.707159
0.433654 24.390515 0.707159
0.448785 24.390040 0.707159
0.463917 24.389564 0.707159
0.479048 24.389088 0.707159
0.494180 24.388612 0.707159
0.509312 24.388137 0.707159
0.524443 24.387661 0.707159
0.539575 24.387185 0.707159
0.554706 24.386709 0.707159
0.569838 24.386233 0.707159
0.584970 24.385758 0.707159
-0.625558 24.423820 0.692020
-0.610427 24.423344 0.692020
-0.595295 24.422868 0.692020
-0.580164 24.422392 0.692020
-0.565032 24.421917 0.692020
-0.549900 24.421441 0.692020
-0.534769 24.420965 0.692020
-0.519637 24.420489 0.692020
-0.504506 24.420013 0.692020
-0.489374 24.419538 0.692020
-0.474242 24.419062 0.692020
-0.459111 24.418586 0.692020
-0.443979 24.418110 0.692020
-0.428848 24.417635 0.692020
-0.413716 24.417159 0.692020
-0.398584 24.416683 0.692020
-0.383453 24.416207 0.692020
-0.368321 24.415731 0.692020
-0.353190 24.415256 0.692020
-0.338058 24.414780 0.692020
-0.139948 19.985939 0.420153
-0.131978 19.955312 0.418285
-0.124219 19.927254 0.416576
-0.117317 19.920278 0.416160
-0.110442 19.913331 0.415746
-0.103593 19.906411 0.415334
-0.096770 19.899517 0.414924
-0.089973 19.892649 0.414515
-0.083201 19.885807 0.414107
-0.076456 19.878991 0.413701
-0.069781 19.874201 0.413420
-0.063185 19.872422 0.413323
-0.056595 19.870645 0.413226
-0.050011 19.868869 0.413130
-0.043433 19.867095 0.413034
-0.036861 19.865322 0.412937
-0.030295 19.863551 0.412841
-0.023735 19.861782 0.412745
-0.017181 19.860014 0.412649
-0.010632 19.858248 0.412553
-0.004090 19.856483 0.412457
0.002444 19.856217 0.412454
0.008978 19.857984 0.412575
0.015520 19.859754 0.412696
0.022069 19.861525 0.412818
0.028626 19.863298 0.412940
0.035190 19.865073 0.413061
0.041762 19.866850 0.413183
0.048341 19.868629 0.413305
0.054928 19.870410 0.413428
0.061522 19.872194 0.413550
0.068124 19.873979 0.413672
0.074777 19.878025 0.413934
0.081503 19.884829 0.414365
0.088257 19.891661 0.414798
0.095038 19.898520 0.415233
0.101847 19.905407 0.415670
0.108684 19.912322 0.416108
0.115548 19.919265 0.416548
0.122440 19.926237 0.416990
0.129948 19.950370 0.418488
0.137764 19.980451 0.420352
0.312601 24.394322 0.692020
0.327732 24.393846 0.692020
0.342864 24.393370 0.692020
0.357996 24.392894 0.692020
0.373127 24.392419 0.692020
0.388259 24.391943 0.692020
0.403390 24.391467 0.692020
0.418522 24.390991 0.692020
0.433654 24.390515 0.692020
0.448785 24.390040 0.692020
0.463917 24.389564 0.692020
0.479048 24.389088 0.692020
0.494180 24.388612 0.692020
0.509312 24.388137 0.692020
0.524443 24.387661 0.692020
0.539575 24.387185 0.692020
0.554706 24.386709 0.692020
0.569838 24.386233 0.692020
0.584970 24.385758 0.692020
-0.625558 24.423820 0.676881
-0.610427 24.423344 0.676881
-0.595295 24.422868 0.676881
-0.580164 24.422392 0.676881
-0.565032 24.421917 0.676881
-0.549900 24.421441 0.676881
-0.534769 24.420965 0.676881
-0.519637 24.420489 0.676881
-0.504506 24.420013 0.676881
-0.489374 24.419538 0.676881
-0.474242 24.419062 0.676881
-0.459111 24.418586 0.676881
-0.443979 24.418110 0.676881
-0.428848 24.417635 0.676881
-0.413716 24.417159 0.676881
-0.398584 24.416683 0.676881
-0.383453 24.416207 0.676881
-0.368321 24.415731 0.676881
-0.353190 24.415256 0.676881
-0.338058 24.414780 0.676881
-0.139783 19.981955 0.413142
-0.131823 19.951396 0.411336
-0.124173 19.926022 0.409838
-0.117273 19.919051 0.409436
-0.110400 19.912109 0.409035
-0.103554 19.905193 0.408636
-0.096733 19.898304 0.408238
-0.089939 19.891441 0.407842
-0.083170 19.884604 0.407447
-0.076427 19.877793 0.407054
-0.069762 19.873343 0.406802
-0.063167 19.871565 0.406708
-0.056579 19.869789 0.406615
-0.049997 19.868014 0.406521
-0.043420 19.866240 0.406428
-0.036850 19.864468 0.406335
-0.030286 19.862698 0.406241
-0.023727 19.860930 0.406148
-0.017174 19.859163 0.406055
-0.010628 19.857398 0.405962
-0.004087 19.855634 0.405870
0.002446 19.855369 0.405866
0.008978 19.857135 0.405984
0.015518 19.858903 0.406101
0.022066 19.860674 0.406219
0.028621 19.862446 0.406337
0.035183 19.864220 0.406455
0.041753 19.865996 0.406573
0.048331 19.867774 0.406691
0.054916 19.869555 0.406810
0.061509 19.871337 0.406928
0.068109 19.873121 0.407047
0.074754 19.876832 0.407280
0.081478 19.883630 0.407698
0.088230 19.890457 0.408117
0.095008 19.897312 0.408538
0.101815 19.904194 0.408961
0.108649 19.911104 0.409386
0.115511 19.918042 0.409812
0.122401 19.925009 0.410240
0.129817 19.946535 0.411536
0.137622 19.976551 0.413339
0.312601 24.394322 0.676881
0.327732 24.393846 0.676881
0.342864 24.393370 0.676881
0.357996 24.392894 0.676881
0.373127 24.392419 0.676881
0.388259 24.391943 0.676881
0.403390 24.391467 0.676881
0.418522 24.390991 0.676881
0.433654 24.390515 0.676881
0.448785 24.390040 0.676881
0.463917 24.389564 0.676881
0.479048 24.389088 0.676881
0.494180 24.388612 0.676881
0.509312 24.388137 0.676881
0.524443 24.387661 0.676881
0.539575 24.387185 0.676881
0.554706 24.386709 0.676881
0.569838 24.386233 0.676881
0.584970 24.385758 0.676881
-0.625558 24.423820 0.661742
-0.610427 24.423344 0.661742
-0.595295 24.422868 0.661742
-0.580164 24.422392 0.661742
-0.565032 24.421917 0.661742
-0.549900 24.421441 0.661742
-0.534769 24.420965 0.661742
-0.519637 24.420489 0.661742
-0.504506 24.420013 0.661742
-0.489374 24.419538 0.661742
-0.474242 24.419062 0.661742
-0.459111 24.418586 0.661742
-0.443979 24.418110 0.661742
-0.428848 24.417635 0.661742
-0.413716 24.417159 0.661742
-0.398584 24.416683 0.661742
-0.383453 24.416207 0.661742
-0.368321 24.415731 0.661742
-0.353190 24.415256 0.661742
-0.338058 24.414780 0.661742
-0.139619 19.977981 0.406146
-0.131669 19.947489 0.404402
-0.124126 19.924791 0.403106
-0.117230 19.917825 0.402717
-0.110359 19.910888 0.402329
-0.103515 19.903977 0.401943
-0.096697 19.897092 0.401558
-0.089905 19.890234 0.401174
-0.083138 19.883401 0.400793
-0.076398 19.876595 0.400412
-0.069742 19.872486 0.400187
-0.063150 19.870709 0.400097
-0.056563 19.868933 0.400006
-0.049982 19.867159 0.399916
-0.043408 19.865386 0.399825
-0.036839 19.863616 0.399735
-0.030276 19.861846 0.399645
-0.023719 19.860078 0.399555
-0.017168 19.858312 0.399465
-0.010623 19.856548 0.399375
-0.004084 19.854785 0.399285
0.002447 19.854521 0.399282
0.008978 19.856287 0.399395
0.015516 19.858054 0.399509
0.022062 19.859823 0.399623
0.028616 19.861594 0.399737
0.035177 19.863367 0.399851
0.041745 19.865143 0.399966
0.048321 19.866920 0.400080
0.054905 19.868699 0.400195
0.061496 19.870481 0.400310
0.068094 19.872264 0.400424
0.074731 19.875639 0.400631
0.081453 19.882432 0.401035
0.088202 19.889255 0.401441
0.094979 19.896104 0.401848
0.101782 19.902982 0.402258
0.108614 19.909887 0.402668
0.115473 19.916821 0.403081
0.122361 19.923782 0.403495
0.129686 19.942709 0.404600
0.137482 19.972659 0.406342
0.312601 24.394322 0.661742
0.327732 24.393846 0.661742
0.342864 24.393370 0.661742
0.357996 24.392894 0.661742
0.373127 24.392419 0.661742
0.388259 24.391943 0.661742
0.403390 24.391467 0.661742
0.418522 24.390991 0.661742
0.433654 24.390515 0.661742
0.448785 24.390040 0.661742
0.463917 24.389564 0.661742
0.479048 24.389088 0.661742
0.494180 24.388612 0.661742
0.509312 24.388137 0.661742
0.524443 24.387661 0.661742
0.539575 24.387185 0.661742
0.554706 24.386709 0.661742
0.569838 24.386233 0.661742
0.584970 24.385758 0.661742
-0.625558 24.423820 0.646603
-0.610427 24.423344 0.646603
-0.595295 24.422868 0.646603
-0.580164 24.422392 0.646603
-0.565032 24.421917 0.646603
-0.549900 24.421441 0.646603
-0.534769 24.420965 0.646603
-0.519637 24.420489 0.646603
-0.504506 24.420013 0.646603
-0.489374 24.419538 0.646603
-0.474242 24.419062 0.646603
-0.459111 24.418586 0.646603
-0.443979 24.418110 0.646603
-0.428848 24.417635 0.646603
-0.413716 24.417159 0.646603
-0.398584 24.416683 0.646603
-0.383453 24.416207 0.646603
-0.368321 24.415731 0.646603
-0.353190 24.415256 0.646603
-0.338058 24.414780 0.646603
-0.139455 19.974015 0.399166
-0.131515 19.943590 0.397483
-0.124080 19.923560 0.396378
-0.117186 19.916600 0.396002
-0.110318 19.909667 0.395627
-0.103476 19.902761 0.395254
-0.096660 19.895881 0.394882
-0.089871 19.889027 0.394511
-0.083107 19.882200 0.394142
-0.076368 19.875398 0.393774
-0.069723 19.871629 0.393576
-0.063132 19.869853 0.393488
-0.056547 19.868078 0.393401
-0.049968 19.866305 0.393313
-0.043395 19.864533 0.393226
-0.036828 19.862763 0.393139
-0.030267 19.860994 0.393052
-0.023711 19.859227 0.392965
-0.017162 19.857462 0.392878
-0.010618 19.855698 0.392791
-0.004081 19.853936 0.392704
0.002448 19.853674 0.392701
0.008978 19.855438 0.392811
0.015515 19.857204 0.392921
0.022059 19.858973 0.393031
0.028611 19.860743 0.393141
0.035170 19.862515 0.393251
0.041737 19.864290 0.393362
0.048311 19.866066 0.393473
0.054893 19.867844 0.393583
0.061483 19.869625 0.393694
0.068080 19.871407 0.393805
0.074708 19.874447 0.393986
0.081428 19.881236 0.394377
0.088175 19.888053 0.394769
0.094949 19.894898 0.395163
0.101750 19.901770 0.395559
0.108579 19.908671 0.395956
0.115436 19.915600 0.396354
0.122321 19.922557 0.396754
0.129555 19.938891 0.397679
0.137341 19.968776 0.399360
0.145261 19.999174 0.401070
0.327732 24.393846 0.646603
0.342864 24.393370 0.646603
0.357996 24.392894 0.646603
0.373127 24.392419 0.646603
0.388259 24.391943 0.646603
0.403390 24.391467 0.646603
0.418522 24.390991 0.646603
0.433654 24.390515 0.646603
0.448785 24.390040 0.646603
0.463917 24.389564 0.646603
0.479048 24.389088 0.646603
0.494180 24.388612 0.646603
0.509312 24.388137 0.646603
0.524443 24.387661 0.646603
0.539575 24.387185 0.646603
0.554706 24.386709 0.646603
0.569838 24.386233 0.646603
0.584970 24.385758 0.646603
-0.625558 24.423820 0.631464
-0.610427 24.423344 0.631464
-0.595295 24.422868 0.631464
-0.580164 24.422392 0.631464
-0.565032 24.421917 0.631464
-0.549900 24.421441 0.631464
-0.534769 24.420965 0.631464
-0.519637 24.420489 0.631464
-0.504506 24.420013 0.631464
-0.489374 24.419538 0.631464
-0.474242 24.419062 0.631464
-0.459111 24.418586 0.631464
-0.443979 24.418110 0.631464
-0.428848 24.417635 0.631464
-0.413716 24.417159 0.631464
-0.398584 24.416683 0.631464
-0.383453 24.416207 0.631464
-0.368321 24.415731 0.631464
-0.353190 24.415256 0.631464
-0.338058 24.414780 0.631464
-0.139291 19.970059 0.392202
-0.131362 19.939700 0.390579
-0.124034 19.922330 0.389655
-0.117142 19.915376 0.389292
-0.110277 19.908448 0.388930
-0.103437 19.901546 0.388570
-0.096624 19.894671 0.388210
-0.089837 19.887822 0.387853
-0.083075 19.880999 0.387496
-0.076339 19.874202 0.387141
-0.069704 19.870773 0.386968
-0.063114 19.868997 0.386883
-0.056531 19.867223 0.386799
-0.049954 19.865451 0.386714
-0.043382 19.863680 0.386630
-0.036817 19.861911 0.386546
-0.030257 19.860143 0.386462
-0.023703 19.858377 0.386378
-0.017156 19.856612 0.386294
-0.010614 19.854849 0.386210
-0.004078 19.853088 0.386126
0.002450 19.852827 0.386123
0.008978 19.854590 0.386229
0.015513 19.856356 0.386335
0.022056 19.858123 0.386441
0.028606 19.859892 0.386548
0.035164 19.861664 0.386655
0.041729 19.863437 0.386761
0.048301 19.865213 0.386868
0.054882 19.866990 0.386975
0.061469 19.868770 0.387082
0.068065 19.870551 0.387189
0.074685 19.873255 0.387346
0.081403 19.880039 0.387723
0.088147 19.886852 0.388102
0.094919 19.893692 0.388482
0.101718 19.900560 0.388864
0.108545 19.907456 0.389247
0.115399 19.914379 0.389632
0.122281 19.921332 0.390019
0.129424 19.935081 0.390772
0.137201 19.964901 0.392393
0.145111 19.995232 0.394041
0.327732 24.393846 0.631464
0.342864 24.393370 0.631464
0.357996 24.392894 0.631464
0.373127 24.392419 0.631464
0.388259 24.391943 0.631464
0.403390 24.391467 0.631464
0.418522 24.390991 0.631464
0.433654 24.390515 0.631464
0.448785 24.390040 0.631464
0.463917 24.389564 0.631464
0.479048 24.389088 0.631464
0.494180 24.388612 0.631464
0.509312 24.388137 0.631464
0.524443 24.387661 0.631464
0.539575 24.387185 0.631464
0.554706 24.386709 0.631464
0.569838 24.386233 0.631464
0.584970 24.385758 0.631464
-0.625558 24.423820 0.616325
-0.610427 24.423344 0.616325
-0.595295 24.422868 0.616325
-0.580164 24.422392 0.616325
-0.565032 24.421917 0.616325
-0.549900 24.421441 0.616325
-0.534769 24.420965 0.616325
-0.519637 24.420489 0.616325
-0.504506 24.420013 0.616325
-0.489374 24.419538 0.616325
-0.474242 24.419062 0.616325
-0.459111 24.418586 0.616325
-0.443979 24.418110 0.616325
-0.428848 24.417635 0.616325
-0.413716 24.417159 0.616325
-0.398584 24.416683 0.616325
-0.383453 24.416207 0.616325
-0.368321 24.415731 0.616325
-0.353190 24.415256 0.616325
-0.147183 19.996921 0.386842
-0.139128 19.966110 0.385253
-0.131209 19.935819 0.383690
-0.123988 19.921102 0.382937
-0.117099 19.914152 0.382586
-0.110236 19.907229 0.382238
-0.103399 19.900332 0.381890
-0.096588 19.893461 0.381544
-0.089803 19.886617 0.381199
-0.083044 19.879799 0.380855
-0.076310 19.873006 0.380513
-0.069685 19.869917 0.380363
-0.063097 19.868142 0.380282
-0.056515 19.866369 0.380200
-0.049939 19.864597 0.380119
-0.043370 19.862827 0.380037
-0.036806 19.861059 0.379956
-0.030248 19.859292 0.379875
-0.023696 19.857527 0.379794
-0.017149 19.855763 0.379713
-0.010609 19.854001 0.379632
-0.004075 19.852240 0.379551
0.002451 19.851980 0.379548
0.008977 19.853743 0.379650
0.015511 19.855507 0.379753
0.022052 19.857273 0.379855
0.028601 19.859042 0.379958
0.035157 19.860813 0.380061
0.041720 19.862585 0.380164
0.048292 19.864359 0.380267
0.054870 19.866136 0.380370
0.061456 19.867915 0.380473
0.068050 19.869695 0.380577
0.074662 19.872065 0.380711
0.081377 19.878844 0.381074
0.088119 19.885652 0.381440
0.094889 19.892487 0.381806
0.101685 19.899350 0.382174
0.108510 19.906241 0.382544
0.115362 19.913160 0.382915
0.122242 19.920107 0.383288
0.129294 19.931280 0.383880
0.137061 19.961035 0.385441
0.144961 19.991300 0.387028
0.327732 24.393846 0.616325
0.342864 24.393370 0.616325
0.357996 24.392894 0.616325
0.373127 24.392419 0.616325
0.388259 24.391943 0.616325
0.403390 24.391467 0.616325
0.418522 24.390991 0.616325
0.433654 24.390515 0.616325
0.448785 24.390040 0.616325
0.463917 24.389564 0.616325
0.479048 24.389088 0.616325
0.494180 24.388612 0.616325
0.509312 24.388137 0.616325
0.524443 24.387661 0.616325
0.539575 24.387185 0.616325
0.554706 24.386709 0.616325
0.569838 24.386233 0.616325
0.584970 24.385758 0.616325
-0.625558 24.423820 0.601186
-0.610427 24.423344 0.601186
-0.595295 24.422868 0.601186
-0.580164 24.422392 0.601186
-0.565032 24.421917 0.601186
-0.549900 24.421441 0.601186
-0.534769 24.420965 0.601186
-0.519637 24.420489 0.601186
-0.504506 24.420013 0.601186
-0.489374 24.419538 0.601186
-0.474242 24.419062 0.601186
-0.459111 24.418586 0.601186
-0.443979 24.418110 0.601186
-0.428848 24.417635 0.601186
-0.413716 24.417159 0.601186
-0.398584 24.416683 0.601186
-0.383453 24.416207 0.601186
-0.368321 24.415731 0.601186
-0.353190 24.415256 0.601186
-0.147010 19.992915 0.379848
-0.138966 19.962171 0.378319
-0.131056 19.931946 0.376817
-0.123942 19.919875 0.376223
-0.117055 19.912930 0.375886
-0.110194 19.906011 0.375550
-0.103360 19.899119 0.375215
-0.096552 19.892253 0.374882
-0.089769 19.885413 0.374550
-0.083012 19.878600 0.374219
-0.076281 19.871811 0.373889
-0.069665 19.869061 0.373762
-0.063079 19.867287 0.373683
-0.056499 19.865515 0.373605
-0.049925 19.863744 0.373526
-0.043357 19.861975 0.373448
-0.036795 19.860207 0.373370
-0.030238 19.858441 0.373291
-0.023688 19.856676 0.373213
-0.017143 19.854914 0.373135
-0.010605 19.853152 0.373057
-0.004072 19.851393 0.372979
0.002453 19.851134 0.372977
0.008977 19.852895 0.373075
0.015509 19.854659 0.373174
0.022049 19.856425 0.373273
0.028596 19.858192 0.373372
0.035150 19.859962 0.373471
0.041712 19.861733 0.373570
0.048282 19.863507 0.373669
0.054859 19.865282 0.373768
0.061443 19.867060 0.373868
0.068035 19.868840 0.373967
0.074640 19.870875 0.374080
0.081352 19.877650 0.374430
0.088092 19.884453 0.374782
0.094859 19.891283 0.375135
0.101653 19.898141 0.375489
0.108475 19.905027 0.375845
0.115325 19.911941 0.376202
0.122202 19.918884 0.376561
0.129164 19.927487 0.377003
0.136922 19.957177 0.378504
0.144812 19.987376 0.380030
0.327732 24.393846 0.601186
0.342864 24.393370 0.601186
0.357996 24.392894 0.601186
0.373127 24.392419 0.601186
0.388259 24.391943 0.601186
0.403390 24.391467 0.601186
0.418522 24.390991 0.601186
0.433654 24.390515 0.601186
0.448785 24.390040 0.601186
0.463917 24.389564 0.601186
0.479048 24.389088 0.601186
0.494180 24.388612 0.601186
0.509312 24.388137 0.601186
0.524443 24.387661 0.601186
0.539575 24.387185 0.601186
0.554706 24.386709 0.601186
0.569838 24.386233 0.601186
0.584970 24.385758 0.601186
-0.625558 24.423820 0.586046
-0.610427 24.423344 0.586046
-0.595295 24.422868 0.586046
-0.580164 24.422392 0.586046
-0.565032 24.421917 0.586046
-0.549900 24.421441 0.586046
-0.534769 24.420965 0.586046
-0.519637 24.420489 0.586046
-0.504506 24.420013 0.586046
-0.489374 24.419538 0.586046
-0.474242 24.419062 0.586046
-0.459111 24.418586 0.586046
-0.443979 24.418110 0.586046
-0.428848 24.417635 0.586046
-0.413716 24.417159 0.586046
-0.398584 24.416683 0.586046
-0.383453 24.416207 0.586046
-0.368321 24.415731 0.586046
-0.353190 24.415256 0.586046
-0.146838 19.988916 0.372868
-0.138803 19.958240 0.371401
-0.130904 19.928081 0.369958
-0.123896 19.918648 0.369514
-0.117011 19.911708 0.369190
-0.110153 19.904794 0.368867
-0.103321 19.897907 0.368545
-0.096515 19.891045 0.368224
-0.089735 19.884210 0.367905
-0.082981 19.877401 0.367587
-0.076252 19.870618 0.367270
-0.069646 19.868206 0.367163
-0.063062 19.866433 0.367088
-0.056483 19.864661 0.367012
-0.049911 19.862891 0.366937
-0.043344 19.861123 0.366862
-0.036784 19.859356 0.366786
-0.030229 19.857591 0.366711
-0.023680 19.855827 0.366636
-0.017137 19.854065 0.366561
-0.010600 19.852305 0.366486
-0.004069 19.850546 0.366411
0.002454 19.850288 0.366408
0.008977 19.852049 0.366503
0.015508 19.853812 0.366598
0.022045 19.855576 0.366693
0.028591 19.857343 0.366788
0.035144 19.859111 0.366884
0.041704 19.860882 0.366979
0.048272 19.862655 0.367074
0.054847 19.864429 0.367170
0.061430 19.866206 0.367266
0.068021 19.867985 0.367361
0.074618 19.869766 0.367457
0.081327 19.876456 0.367790
0.088065 19.883254 0.368128
0.094829 19.890080 0.368468
0.101621 19.896933 0.368809
0.108440 19.903815 0.369151
0.115288 19.910724 0.369494
0.122163 19.917661 0.369840
0.129066 19.924627 0.370186
0.136782 19.953328 0.371582
0.144663 19.983461 0.373047
0.327732 24.393846 0.586046
0.342864 24.393370 0.586046
0.357996 24.392894 0.586046
0.373127 24.392419 0.586046
0.388259 24.391943 0.586046
0.403390 24.391467 0.586046
0.418522 24.390991 0.586046
0.433654 24.390515 0.586046
0.448785 24.390040 0.586046
0.463917 24.389564 0.586046
0.479048 24.389088 0.586046
0.494180 24.388612 0.586046
0.509312 24.388137 0.586046
0.524443 24.387661 0.586046
0.539575 24.387185 0.586046
0.554706 24.386709 0.586046
0.569838 24.386233 0.586046
0.584970 24.385758 0.586046
-0.625558 24.423820 0.570907
-0.610427 24.423344 0.570907
-0.595295 24.422868 0.570907
-0.580164 24.422392 0.570907
-0.565032 24.421917 0.570907
-0.549900 24.421441 0.570907
-0.534769 24.420965 0.570907
-0.519637 24.420489 0.570907
-0.504506 24.420013 0.570907
-0.489374 24.419538 0.570907
-0.474242 24.419062 0.570907
-0.459111 24.418586 0.570907
-0.443979 24.418110 0.570907
-0.428848 24.417635 0.570907
-0.413716 24.417159 0.570907
-0.398584 24.416683 0.570907
-0.383453 24.416207 0.570907
-0.368321 24.415731 0.570907
-0.353190 24.415256 0.570907
-0.146665 19.984927 0.365905
-0.138641 19.954319 0.364498
-0.130758 19.924386 0.363122
-0.123850 19.917422 0.362810
-0.116968 19.910487 0.362498
-0.110112 19.903578 0.362188
-0.103283 19.896695 0.361879
-0.096479 19.889839 0.361571
-0.089702 19.883008 0.361265
-0.082950 19.876204 0.360959
-0.076223 19.869425 0.360655
-0.069627 19.867352 0.360568
-0.063044 19.865579 0.360496
-0.056467 19.863808 0.360423
-0.049896 19.862039 0.360351
-0.043331 19.860271 0.360279
-0.036772 19.858505 0.360206
-0.030219 19.856741 0.360134
-0.023672 19.854978 0.360062
-0.017131 19.853217 0.359990
-0.010595 19.851457 0.359918
-0.004066 19.849699 0.359846
0.002455 19.849443 0.359843
0.008977 19.851203 0.359934
0.015506 19.852964 0.360026
0.022042 19.854728 0.360117
0.028586 19.856494 0.360208
0.035137 19.858261 0.360300
0.041696 19.860031 0.360391
0.048262 19.861803 0.360483
0.054836 19.863577 0.360575
0.061417 19.865352 0.360667
0.068006 19.867130 0.360759
0.074602 19.868910 0.360851
0.081302 19.875263 0.361155
0.088037 19.882056 0.361479
0.094799 19.888878 0.361805
0.101589 19.895726 0.362133
0.108406 19.902603 0.362461
0.115250 19.909507 0.362791
0.122123 19.916439 0.363122
0.129024 19.923400 0.363455
0.136643 19.949486 0.364675
0.144514 19.979554 0.366080
0.327732 24.393846 0.570907
0.342864 24.393370 0.570907
0.357996 24.392894 0.570907
0.373127 24.392419 0.570907
0.388259 24.391943 0.570907
0.403390 24.391467 0.570907
0.418522 24.390991 0.570907
0.433654 24.390515 0.570907
0.448785 24.390040 0.570907
0.463917 24.389564 0.570907
0.479048 24.389088 0.570907
0.494180 24.388612 0.570907
0.509312 24.388137 0.570907
0.524443 24.387661 0.570907
0.539575 24.387185 0.570907
0.554706 24.386709 0.570907
0.569838 24.386233 0.570907
0.584970 24.385758 0.570907
-0.625558 24.423820 0.555768
-0.610427 24.423344 0.555768
-0.595295 24.422868 0.555768
-0.580164 24.422392 0.555768
-0.565032 24.421917 0.555768
-0.549900 24.421441 0.555768
-0.534769 24.420965 0.555768
-0.519637 24.420489 0.555768
-0.504506 24.420013 0.555768
-0.489374 24.419538 0.555768
-0.474242 24.419062 0.555768
-0.459111 24.418586 0.555768
-0.443979 24.418110 0.555768
-0.428848 24.417635 0.555768
-0.413716 24.417159 0.555768
-0.398584 24.416683 0.555768
-0.383453 24.416207 0.555768
-0.368321 24.415731 0.555768
-0.353190 24.415256 0.555768
-0.146493 19.980946 0.358956
-0.138479 19.950405 0.357610
-0.130710 19.923156 0.356410
-0.123804 19.916197 0.356110
-0.116924 19.909267 0.355811
-0.110071 19.902362 0.355514
-0.103244 19.895484 0.355218
-0.096443 19.888632 0.354923
-0.089668 19.881807 0.354629
-0.082918 19.875007 0.354336
-0.076195 19.868270 0.354046
-0.069608 19.866497 0.353977
-0.063027 19.864726 0.353907
-0.056451 19.862956 0.353838
-0.049882 19.861187 0.353768
-0.043319 19.859420 0.353699
-0.036761 19.857655 0.353629
-0.030210 19.855892 0.353560
-0.023664 19.854130 0.353491
-0.017125 19.852369 0.353422
-0.010591 19.850610 0.353353
-0.004063 19.848853 0.353284
0.002457 19.848598 0.353282
0.008977 19.850357 0.353369
0.015504 19.852118 0.353456
0.022039 19.853880 0.353544
0.028581 19.855645 0.353631
0.035130 19.857412 0.353719
0.041688 19.859181 0.353807
0.048252 19.860952 0.353895
0.054824 19.862725 0.353983
0.061404 19.864499 0.354071
0.067991 19.866276 0.354159
0.074586 19.868055 0.354247
0.081277 19.874071 0.354524
0.088010 19.880860 0.354835
0.094769 19.887676 0.355148
0.101556 19.894520 0.355461
0.108371 19.901391 0.355776
0.115213 19.908291 0.356093
0.122083 19.915218 0.356410
0.128982 19.922174 0.356729
0.136505 19.945653 0.357783
0.144366 19.975656 0.359128
0.327732 24.393846 0.555768
0.342864 24.393370 0.555768
0.357996 24.392894 0.555768
0.373127 24.392419 0.555768
0.388259 24.391943 0.555768
0.403390 24.391467 0.555768
0.418522 24.390991 0.555768
0.433654 24.390515 0.555768
0.448785 24.390040 0.555768
0.463917 24.389564 0.555768
0.479048 24.389088 0.555768
0.494180 24.388612 0.555768
0.509312 24.388137 0.555768
0.524443 24.387661 0.555768
0.539575 24.387185 0.555768
0.554706 24.386709 0.555768
0.569838 24.386233 0.555768
0.584970 24.385758 0.555768
-0.625558 24.423820 0.540629
-0.610427 24.423344 0.540629
-0.595295 24.422868 0.540629
-0.580164 24.422392 0.540629
-0.565032 24.421917 0.540629
-0.549900 24.421441 0.540629
-0.534769 24.420965 0.540629
-0.519637 24.420489 0.540629
-0.504506 24.420013 0.540629
-0.489374 24.419538 0.540629
-0.474242 24.419062 0.540629
-0.459111 24.418586 0.540629
-0.443979 24.418110 0.540629
-0.428848 24.417635 0.540629
-0.413716 24.417159 0.540629
-0.398584 24.416683 0.540629
-0.383453 24.416207 0.540629
-0.368321 24.415731 0.540629
-0.353190 24.415256 0.540629
-0.146322 19.976974 0.352023
-0.138318 19.946501 0.350737
-0.130661 19.921927 0.349702
-0.123758 19.914973 0.349415
-0.116881 19.908047 0.349129
-0.110030 19.901148 0.348845
-0.103206 19.894275 0.348562
-0.096407 19.887427 0.348279
-0.089634 19.880606 0.347998
-0.082887 19.873811 0.347718
-0.076174 19.867415 0.347455
-0.069589 19.865644 0.347388
-0.063009 19.863872 0.347321
-0.056436 19.862104 0.347255
-0.049868 19.860336 0.347189
-0.043306 19.858570 0.347122
-0.036750 19.856806 0.347056
-0.030200 19.855043 0.346990
-0.023656 19.853282 0.346923
-0.017118 19.851522 0.346857
-0.010586 19.849764 0.346791
-0.004060 19.848007 0.346725
0.002458 19.847753 0.346723
0.008977 19.849511 0.346807
0.015502 19.851271 0.346890
0.022035 19.853033 0.346974
0.028576 19.854797 0.347058
0.035124 19.856563 0.347142
0.041679 19.858331 0.347226
0.048242 19.860101 0.347310
0.054813 19.861873 0.347394
0.061391 19.863646 0.347478
0.067976 19.865422 0.347563
0.074569 19.867201 0.347647
0.081252 19.872880 0.347898
0.087982 19.879664 0.348196
0.094740 19.886475 0.348494
0.101524 19.893314 0.348795
0.108336 19.900181 0.349096
0.115176 19.907076 0.349399
0.122044 19.913999 0.349702
0.128940 19.920949 0.350007
0.136366 19.941829 0.350906
0.144218 19.971765 0.352190
0.327732 24.393846 0.540629
0.342864 24.393370 0.540629
0.357996 24.392894 0.540629
0.373127 24.392419 0.540629
0.388259 24.391943 0.540629
0.403390 24.391467 0.540629
0.418522 24.390991 0.540629
0.433654 24.390515 0.540629
0.448785 24.390040 0.540629
0.463917 24.389564 0.540629
0.479048 24.389088 0.540629
0.494180 24.388612 0.540629
0.509312 24.388137 0.540629
0.524443 24.387661 0.540629
0.539575 24.387185 0.540629
0.554706 24.386709 0.540629
0.569838 24.386233 0.540629
0.584970 24.385758 0.540629
-0.625558 24.423820 0.525490
-0.610427 24.423344 0.525490
-0.595295 24.422868 0.525490
-0.580164 24.422392 0.525490
-0.565032 24.421917 0.525490
-0.549900 24.421441 0.525490
-0.534769 24.420965 0.525490
-0.519637 24.420489 0.525490
-0.504506 24.420013 0.525490
-0.489374 24.419538 0.525490
-0.474242 24.419062 0.525490
-0.459111 24.418586 0.525490
-0.443979 24.418110 0.525490
-0.428848 24.417635 0.525490
-0.413716 24.417159 0.525490
-0.398584 24.416683 0.525490
-0.383453 24.416207 0.525490
-0.368321 24.415731 0.525490
-0.353190 24.415256 0.525490
-0.146150 19.973011 0.345106
-0.138157 19.942604 0.343880
-0.130613 19.920699 0.342998
-0.123712 19.913750 0.342725
-0.116837 19.906829 0.342452
-0.109989 19.899934 0.342180
-0.103167 19.893066 0.341910
-0.096371 19.886223 0.341640
-0.089600 19.879407 0.341372
-0.082855 19.872616 0.341104
-0.076153 19.866561 0.340866
-0.069569 19.864790 0.340803
-0.062992 19.863020 0.340739
-0.056420 19.861252 0.340676
-0.049854 19.859485 0.340612
-0.043293 19.857720 0.340549
-0.036739 19.855956 0.340486
-0.030191 19.854194 0.340422
-0.023649 19.852434 0.340359
-0.017112 19.850675 0.340296
-0.010581 19.848918 0.340233
-0.004057 19.847162 0.340170
0.002460 19.846909 0.340168
0.008976 19.848666 0.340248
0.015500 19.850425 0.340327
0.022032 19.852186 0.340407
0.028571 19.853949 0.340487
0.035117 19.855714 0.340568
0.041671 19.857481 0.340648
0.048232 19.859250 0.340728
0.054801 19.861021 0.340809
0.061378 19.862794 0.340889
0.067962 19.864569 0.340970
0.074553 19.866346 0.341050
0.081227 19.871689 0.341276
0.087955 19.878469 0.341560
0.094710 19.885275 0.341846
0.101492 19.892110 0.342133
0.108302 19.898972 0.342420
0.115139 19.905861 0.342709
0.122004 19.912779 0.342999
0.128898 19.919725 0.343291
0.136228 19.938012 0.344044
0.144070 19.967884 0.345268
0.152046 19.998269 0.346514
0.342864 24.393370 0.525490
0.357996 24.392894 0.525490
0.373127 24.392419 0.525490
0.388259 24.391943 0.525490
0.403390 24.391467 0.525490
0.418522 24.390991 0.525490
0.433654 24.390515 0.525490
0.448785 24.390040 0.525490
0.463917 24.389564 0.525490
0.479048 24.389088 0.525490
0.494180 24.388612 0.525490
0.509312 24.388137 0.525490
0.524443 24.387661 0.525490
0.539575 24.387185 0.525490
0.554706 24.386709 0.525490
0.569838 24.386233 0.525490
0.584970 24.385758 0.525490
-0.625558 24.423820 0.510351
-0.610427 24.423344 0.510351
-0.595295 24.422868 0.510351
-0.580164 24.422392 0.510351
-0.565032 24.421917 0.510351
-0.549900 24.421441 0.510351
-0.534769 24.420965 0.510351
-0.519637 24.420489 0.510351
-0.504506 24.420013 0.510351
-0.489374 24.419538 0.510351
-0.474242 24.419062 0.510351
-0.459111 24.418586 0.510351
-0.443979 24.418110 0.510351
-0.428848 24.417635 0.510351
-0.413716 24.417159 0.510351
-0.398584 24.416683 0.510351
-0.383453 24.416207 0.510351
-0.368321 24.415731 0.510351
-0.353190 24.415256 0.510351
-0.145980 19.969057 0.338204
-0.137996 19.938717 0.337037
-0.130564 19.919471 0.336300
-0.123666 19.912528 0.336039
-0.116794 19.905611 0.335779
-0.109948 19.898721 0.335520
-0.103128 19.891858 0.335262
-0.096335 19.885020 0.335006
-0.089567 19.878208 0.334750
-0.082824 19.871422 0.334495
-0.076133 19.865707 0.334281
-0.069550 19.863937 0.334221
-0.062974 19.862168 0.334160
-0.056404 19.860400 0.334100
-0.049839 19.858634 0.334039
-0.043281 19.856870 0.333979
-0.036728 19.855107 0.333918
-0.030182 19.853346 0.333858
-0.023641 19.851587 0.333798
-0.017106 19.849828 0.333738
-0.010577 19.848072 0.333678
-0.004054 19.846317 0.333617
0.002461 19.846066 0.333616
0.008976 19.847822 0.333692
0.015499 19.849580 0.333768
0.022028 19.851340 0.333844
0.028566 19.853102 0.333920
0.035111 19.854866 0.333997
0.041663 19.856632 0.334073
0.048223 19.858400 0.334150
0.054790 19.860170 0.334226
0.061365 19.861942 0.334303
0.067947 19.863716 0.334380
0.074537 19.865492 0.334457
0.081202 19.870500 0.334659
0.087927 19.877274 0.334930
0.094680 19.884076 0.335202
0.101460 19.890906 0.335475
0.108267 19.897763 0.335749
0.115102 19.904648 0.336024
0.121965 19.911561 0.336301
0.128856 19.918502 0.336578
0.136090 19.934204 0.337196
0.143922 19.964011 0.338361
0.151889 19.994329 0.339547
0.342864 24.393370 0.510351
0.357996 24.392894 0.510351
0.373127 24.392419 0.510351
0.388259 24.391943 0.510351
0.403390 24.391467 0.510351
0.418522 24.390991 0.510351
0.433654 24.390515 0.510351
0.448785 24.390040 0.510351
0.463917 24.389564 0.510351
0.479048 24.389088 0.510351
0.494180 24.388612 0.510351
0.509312 24.388137 0.510351
0.524443 24.387661 0.510351
0.539575 24.387185 0.510351
0.554706 24.386709 0.510351
0.569838 24.386233 0.510351
0.584970 24.385758 0.510351
-0.625558 24.423820 0.495212
-0.610427 24.423344 0.495212
-0.595295 24.422868 0.495212
-0.580164 24.422392 0.495212
-0.565032 24.421917 0.495212
-0.549900 24.421441 0.495212
-0.534769 24.420965 0.495212
-0.519637 24.420489 0.495212
-0.504506 24.420013 0.495212
-0.489374 24.419538 0.495212
-0.474242 24.419062 0.495212
-0.459111 24.418586 0.495212
-0.443979 24.418110 0.495212
-0.428848 24.417635 0.495212
-0.413716 24.417159 0.495212
-0.398584 24.416683 0.495212
-0.383453 24.416207 0.495212
-0.368321 24.415731 0.495212
-0.153919 19.995903 0.332443
-0.145809 19.965111 0.331317
-0.137836 19.934838 0.330209
-0.130516 19.918245 0.329606
-0.123620 19.911307 0.329358
-0.116751 19.904395 0.329111
-0.109907 19.897509 0.328865
-0.103090 19.890650 0.328620
-0.096299 19.883817 0.328376
-0.089533 19.877010 0.328132
-0.082793 19.870228 0.327890
-0.076112 19.864854 0.327700
-0.069531 19.863084 0.327642
-0.062957 19.861316 0.327584
-0.056388 19.859549 0.327527
-0.049825 19.857784 0.327469
-0.043268 19.856020 0.327412
-0.036717 19.854259 0.327355
-0.030172 19.852498 0.327297
-0.023633 19.850739 0.327240
-0.017100 19.848982 0.327183
-0.010572 19.847227 0.327125
-0.004051 19.845473 0.327068
0.002463 19.845222 0.327067
0.008976 19.846977 0.327139
0.015497 19.848735 0.327211
0.022025 19.850494 0.327284
0.028561 19.852255 0.327356
0.035104 19.854018 0.327429
0.041655 19.855783 0.327502
0.048213 19.857550 0.327574
0.054778 19.859319 0.327647
0.061352 19.861091 0.327720
0.067932 19.862864 0.327793
0.074520 19.864639 0.327866
0.081177 19.869311 0.328046
0.087900 19.876081 0.328304
0.094650 19.882878 0.328562
0.101428 19.889703 0.328822
0.108233 19.896555 0.329083
0.115065 19.903435 0.329344
0.121926 19.910343 0.329607
0.128814 19.917280 0.329871
0.135953 19.930404 0.330363
0.143775 19.960147 0.331469
0.151732 19.990398 0.332594
0.342864 24.393370 0.495212
0.357996 24.392894 0.495212
0.373127 24.392419 0.495212
0.388259 24.391943 0.495212
0.403390 24.391467 0.495212
0.418522 24.390991 0.495212
0.433654 24.390515 0.495212
0.448785 24.390040 0.495212
0.463917 24.389564 0.495212
0.479048 24.389088 0.495212
0.494180 24.388612 0.495212
0.509312 24.388137 0.495212
0.524443 24.387661 0.495212
0.539575 24.387185 0.495212
0.554706 24.386709 0.495212
0.569838 24.386233 0.495212
0.584970 24.385758 0.495212
-0.625558 24.423820 0.480073
-0.610427 24.423344 0.480073
-0.595295 24.422868 0.480073
-0.580164 24.422392 0.480073
-0.565032 24.421917 0.480073
-0.549900 24.421441 0.480073
-0.534769 24.420965 0.480073
-0.519637 24.420489 0.480073
-0.504506 24.420013 0.480073
-0.489374 24.419538 0.480073
-0.474242 24.419062 0.480073
-0.459111 24.418586 0.480073
-0.443979 24.418110 0.480073
-0.428848 24.417635 0.480073
-0.413716 24.417159 0.480073
-0.398584 24.416683 0.480073
-0.383453 24.416207 0.480073
-0.368321 24.415731 0.480073
-0.153738 19.991899 0.325511
-0.145639 19.961174 0.324445
-0.137676 19.930967 0.323397
-0.130468 19.917019 0.322916
-0.123574 19.910086 0.322681
-0.116707 19.903179 0.322447
-0.109866 19.896298 0.322214
-0.103052 19.889444 0.321982
-0.096263 19.882615 0.321750
-0.089499 19.875812 0.321520
-0.082761 19.869036 0.321290
-0.076091 19.864001 0.321121
-0.069512 19.862232 0.321066
-0.062939 19.860465 0.321012
-0.056372 19.858699 0.320957
-0.049811 19.856934 0.320903
-0.043256 19.855172 0.320848
-0.036706 19.853410 0.320794
-0.030163 19.851651 0.320739
-0.023625 19.849893 0.320685
-0.017093 19.848137 0.320631
-0.010568 19.846382 0.320577
-0.004048 19.844628 0.320522
0.002464 19.844379 0.320521
0.008976 19.846133 0.320589
0.015495 19.847890 0.320658
0.022022 19.849648 0.320727
0.028556 19.851408 0.320796
0.035097 19.853170 0.320864
0.041646 19.854935 0.320933
0.048203 19.856701 0.321002
0.054767 19.858469 0.321072
0.061338 19.860240 0.321141
0.067918 19.862012 0.321210
0.074504 19.863786 0.321279
0.081152 19.868123 0.321438
0.087873 19.874888 0.321682
0.094621 19.881681 0.321928
0.101396 19.888501 0.322174
0.108198 19.895348 0.322421
0.115028 19.902223 0.322669
0.121886 19.909127 0.322918
0.128772 19.916058 0.323168
0.135816 19.926612 0.323545
0.143628 19.956291 0.324592
0.151575 19.986476 0.325657
0.342864 24.393370 0.480073
0.357996 24.392894 0.480073
0.373127 24.392419 0.480073
0.388259 24.391943 0.480073
0.403390 24.391467 0.480073
0.418522 24.390991 0.480073
0.433654 24.390515 0.480073
0.448785 24.390040 0.480073
0.463917 24.389564 0.480073
0.479048 24.389088 0.480073
0.494180 24.388612 0.480073
0.509312 24.388137 0.480073
0.524443 24.387661 0.480073
0.539575 24.387185 0.480073
0.554706 24.386709 0.480073
0.569838 24.386233 0.480073
0.584970 24.385758 0.480073
-0.625558 24.423820 0.464934
-0.610427 24.423344 0.464934
-0.595295 24.422868 0.464934
-0.580164 24.422392 0.464934
-0.565032 24.421917 0.464934
-0.549900 24.421441 0.464934
-0.534769 24.420965 0.464934
-0.519637 24.420489 0.464934
-0.504506 24.420013 0.464934
-0.489374 24.419538 0.464934
-0.474242 24.419062 0.464934
-0.459111 24.418586 0.464934
-0.443979 24.418110 0.464934
-0.428848 24.417635 0.464934
-0.413716 24.417159 0.464934
-0.398584 24.416683 0.464934
-0.383453 24.416207 0.464934
-0.368321 24.415731 0.464934
-0.153558 19.987902 0.318595
-0.145469 19.957246 0.317588
-0.137517 19.927105 0.316599
-0.130419 19.915795 0.316232
-0.123528 19.908866 0.316010
-0.116664 19.901964 0.315788
-0.109825 19.895088 0.315568
-0.103013 19.888238 0.315348
-0.096226 19.881414 0.315129
-0.089466 19.874616 0.314911
-0.082730 19.867844 0.314694
-0.076070 19.863148 0.314546
-0.069493 19.861380 0.314494
-0.062922 19.859614 0.314443
-0.056356 19.857849 0.314391
-0.049797 19.856085 0.314339
-0.043243 19.854323 0.314288
-0.036695 19.852563 0.314236
-0.030153 19.850804 0.314185
-0.023617 19.849047 0.314134
-0.017087 19.847291 0.314082
-0.010563 19.845537 0.314031
-0.004045 19.843785 0.313980
0.002465 19.843537 0.313978
0.008976 19.845290 0.314043
0.015493 19.847046 0.314108
0.022018 19.848803 0.314173
0.028551 19.850562 0.314238
0.035091 19.852323 0.314303
0.041638 19.854087 0.314368
0.048193 19.855852 0.314434
0.054756 19.857619 0.314499
0.061325 19.859389 0.314564
0.067903 19.861160 0.314630
0.074488 19.862934 0.314695
0.081127 19.866936 0.314835
0.087845 19.873696 0.315066
0.094591 19.880484 0.315297
0.101364 19.887299 0.315530
0.108164 19.894142 0.315763
0.114991 19.901013 0.315998
0.121847 19.907911 0.316233
0.128730 19.914837 0.316470
0.135679 19.922830 0.316742
0.143482 19.952443 0.317730
0.151418 19.982562 0.318735
0.342864 24.393370 0.464934
0.357996 24.392894 0.464934
0.373127 24.392419 0.464934
0.388259 24.391943 0.464934
0.403390 24.391467 0.464934
0.418522 24.390991 0.464934
0.433654 24.390515 0.464934
0.448785 24.390040 0.464934
0.463917 24.389564 0.464934
0.479048 24.389088 0.464934
0.494180 24.388612 0.464934
0.509312 24.388137 0.464934
0.524443 24.387661 0.464934
0.539575 24.387185 0.464934
0.554706 24.386709 0.464934
0.569838 24.386233 0.464934
0.584970 24.385758 0.464934
-0.625558 24.423820 0.449795
-0.610427 24.423344 0.449795
-0.595295 24.422868 0.449795
-0.580164 24.422392 0.449795
-0.565032 24.421917 0.449795
-0.549900 24.421441 0.449795
-0.534769 24.420965 0.449795
-0.519637 24.420489 0.449795
-0.504506 24.420013 0.449795
-0.489374 24.419538 0.449795
-0.474242 24.419062 0.449795
-0.459111 24.418586 0.449795
-0.443979 24.418110 0.449795
-0.428848 24.417635 0.449795
-0.413716 24.417159 0.449795
-0.398584 24.416683 0.449795
-0.383453 24.416207 0.449795
-0.368321 24.415731 0.449795
-0.153378 19.983915 0.311693
-0.145300 19.953326 0.310747
-0.137357 19.923252 0.309816
-0.130371 19.914571 0.309552
-0.123483 19.907647 0.309343
-0.116621 19.900750 0.309134
-0.109785 19.893879 0.308926
-0.102975 19.887033 0.308719
-0.096190 19.880214 0.308513
-0.089432 19.873421 0.308308
-0.082699 19.866653 0.308103
-0.076050 19.862296 0.307974
-0.069474 19.860529 0.307925
-0.062904 19.858763 0.307876
-0.056340 19.856999 0.307828
-0.049782 19.855236 0.307779
-0.043230 19.853475 0.307731
-0.036684 19.851715 0.307682
-0.030144 19.849958 0.307634
-0.023610 19.848201 0.307585
-0.017081 19.846446 0.307537
-0.010558 19.844693 0.307489
-0.004042 19.842942 0.307440
0.002467 19.842695 0.307439
0.008975 19.844447 0.307500
0.015491 19.846202 0.307561
0.022015 19.847958 0.307623
0.028546 19.849716 0.307684
0.035084 19.851477 0.307745
0.041630 19.853239 0.307807
0.048183 19.855004 0.307868
0.054744 19.856770 0.307930
0.061312 19.858539 0.307991
0.067888 19.860309 0.308053
0.074471 19.862081 0.308115
0.081102 19.865750 0.308236
0.087818 19.872505 0.308453
0.094561 19.879288 0.308671
0.101332 19.886099 0.308891
0.108129 19.892937 0.309111
0.114954 19.899802 0.309332
0.121807 19.906696 0.309554
0.128688 19.913617 0.309776
0.135597 19.920567 0.310000
0.143336 19.948603 0.310883
0.151262 19.978657 0.311828
0.342864 24.393370 0.449795
0.357996 24.392894 0.449795
0.373127 24.392419 0.449795
0.388259 24.391943 0.449795
0.403390 24.391467 0.449795
0.418522 24.390991 0.449795
0.433654 24.390515 0.449795
0.448785 24.390040 0.449795
0.463917 24.389564 0.449795
0.479048 24.389088 0.449795
0.494180 24.388612 0.449795
0.509312 24.388137 0.449795
0.524443 24.387661 0.449795
0.539575 24.387185 0.449795
0.554706 24.386709 0.449795
0.569838 24.386233 0.449795
0.584970 24.385758 0.449795
-0.625558 24.423820 0.434656
-0.610427 24.423344 0.434656
-0.595295 24.422868 0.434656
-0.580164 24.422392 0.434656
-0.565032 24.421917 0.434656
-0.549900 24.421441 0.434656
-0.534769 24.420965 0.434656
-0.519637 24.420489 0.434656
-0.504506 24.420013 0.434656
-0.489374 24.419538 0.434656
-0.474242 24.419062 0.434656
-0.459111 24.418586 0.434656
-0.443979 24.418110 0.434656
-0.428848 24.417635 0.434656
-0.413716 24.417159 0.434656
-0.398584 24.416683 0.434656
-0.383453 24.416207 0.434656
-0.368321 24.415731 0.434656
-0.153199 19.979937 0.304808
-0.145131 19.949416 0.303920
-0.137235 19.920296 0.303074
-0.130323 19.913348 0.302877
-0.123437 19.906429 0.302680
-0.116577 19.899536 0.302484
-0.109744 19.892670 0.302289
-0.102936 19.885829 0.302095
-0.096154 19.879015 0.301902
-0.089398 19.872226 0.301709
-0.082668 19.865463 0.301517
-0.076029 19.861444 0.301405
-0.069455 19.859678 0.301359
-0.062887 19.857913 0.301314
-0.056324 19.856149 0.301268
-0.049768 19.854388 0.301222
-0.043218 19.852627 0.301177
-0.036673 19.850868 0.301131
-0.030134 19.849111 0.301086
-0.023602 19.847356 0.301040
-0.017075 19.845602 0.300995
-0.010554 19.843850 0.300949
-0.004039 19.842099 0.300904
0.002468 19.841853 0.300903
0.008975 19.843605 0.300960
0.015490 19.845358 0.301018
0.022012 19.847114 0.301075
0.028541 19.848871 0.301133
0.035078 19.850631 0.301190
0.041622 19.852392 0.301248
0.048174 19.854156 0.301306
0.054733 19.855921 0.301364
0.061299 19.857689 0.301421
0.067873 19.859458 0.301479
0.074455 19.861230 0.301537
0.081077 19.864564 0.301641
0.087791 19.871315 0.301845
0.094532 19.878093 0.302050
0.101300 19.884899 0.302256
0.108095 19.891732 0.302463
0.114918 19.898593 0.302670
0.121768 19.905482 0.302878
0.128646 19.912398 0.303087
0.135553 19.919343 0.303297
0.143190 19.944772 0.304050
0.151107 19.974761 0.304936
0.342864 24.393370 0.434656
0.357996 24.392894 0.434656
0.373127 24.392419 0.434656
0.388259 24.391943 0.434656
0.403390 24.391467 0.434656
0.418522 24.390991 0.434656
0.433654 24.390515 0.434656
0.448785 24.390040 0.434656
0.463917 24.389564 0.434656
0.479048 24.389088 0.434656
0.494180 24.388612 0.434656
0.509312 24.388137 0.434656
0.524443 24.387661 0.434656
0.539575 24.387185 0.434656
0.554706 24.386709 0.434656
0.569838 24.386233 0.434656
0.584970 24.385758 0.434656
-0.625558 24.423820 0.419517
-0.610427 24.423344 0.419517
-0.595295 24.422868 0.419517
-0.580164 24.422392 0.419517
-0.565032 24.421917 0.419517
-0.549900 24.421441 0.419517
-0.534769 24.420965 0.419517
-0.519637 24.420489 0.419517
-0.504506 24.420013 0.419517
-0.489374 24.419538 0.419517
-0.474242 24.419062 0.419517
-0.459111 24.418586 0.419517
-0.443979 24.418110 0.419517
-0.428848 24.417635 0.419517
-0.413716 24.417159 0.419517
-0.398584 24.416683 0.419517
-0.383453 24.416207 0.419517
-0.368321 24.415731 0.419517
-0.153020 19.975968 0.297937
-0.144962 19.945513 0.297109
-0.137185 19.919069 0.296390
-0.130275 19.912127 0.296206
-0.123391 19.905212 0.296022
-0.116534 19.898324 0.295839
-0.109703 19.891462 0.295657
-0.102898 19.884626 0.295475
-0.096119 19.877816 0.295294
-0.089365 19.871032 0.295114
-0.082637 19.864273 0.294935
-0.076008 19.860593 0.294839
-0.069436 19.858827 0.294797
-0.062869 19.857063 0.294754
-0.056308 19.855301 0.294711
-0.049754 19.853539 0.294669
-0.043205 19.851780 0.294626
-0.036662 19.850022 0.294583
-0.030125 19.848266 0.294541
-0.023594 19.846511 0.294498
-0.017069 19.844758 0.294456
-0.010549 19.843006 0.294413
-0.004036 19.841257 0.294371
0.002470 19.841012 0.294370
0.008975 19.842763 0.294424
0.015488 19.844515 0.294477
0.022008 19.846270 0.294531
0.028536 19.848026 0.294585
0.035071 19.849785 0.294639
0.041614 19.851545 0.294693
0.048164 19.853308 0.294747
0.054721 19.855073 0.294801
0.061286 19.856839 0.294855
0.067859 19.858608 0.294909
0.074439 19.860378 0.294963
0.081052 19.863380 0.295051
0.087764 19.870125 0.295242
0.094502 19.876899 0.295434
0.101268 19.883700 0.295626
0.108060 19.890529 0.295819
0.114881 19.897385 0.296013
0.121729 19.904268 0.296208
0.128605 19.911180 0.296403
0.135508 19.918120 0.296600
0.143044 19.940949 0.297232
0.150951 19.970872 0.298060
0.342864 24.393370 0.419517
0.357996 24.392894 0.419517
0.373127 24.392419 0.419517
0.388259 24.391943 0.419517
0.403390 24.391467 0.419517
0.418522 24.390991 0.419517
0.433654 24.390515 0.419517
0.448785 24.390040 0.419517
0.463917 24.389564 0.419517
0.479048 24.389088 0.419517
0.494180 24.388612 0.419517
0.509312 24.388137 0.419517
0.524443 24.387661 0.419517
0.539575 24.387185 0.419517
0.554706 24.386709 0.419517
0.569838 24.386233 0.419517
0.584970 24.385758 0.419517
-0.625558 24.423820 0.404378
-0.610427 24.423344 0.404378
-0.595295 24.422868 0.404378
-0.580164 24.422392 0.404378
-0.565032 24.421917 0.404378
-0.549900 24.421441 0.404378
-0.534769 24.420965 0.404378
-0.519637 24.420489 0.404378
-0.504506 24.420013 0.404378
-0.489374 24.419538 0.404378
-0.474242 24.419062 0.404378
-0.459111 24.418586 0.404378
-0.443979 24.418110 0.404378
-0.428848 24.417635 0.404378
-0.413716 24.417159 0.404378
-0.398584 24.416683 0.404378
-0.383453 24.416207 0.404378
-0.368321 24.415731 0.404378
-0.152841 19.972007 0.291082
-0.144794 19.941619 0.290312
-0.137134 19.917842 0.289711
-0.130227 19.910906 0.289540
-0.123346 19.903996 0.289369
-0.116491 19.897112 0.289199
-0.109662 19.890255 0.289029
-0.102860 19.883424 0.288860
-0.096083 19.876618 0.288692
-0.089331 19.869839 0.288524
-0.082605 19.863085 0.288357
-0.075987 19.859742 0.288277
-0.069417 19.857977 0.288237
-0.062852 19.856214 0.288197
-0.056293 19.854452 0.288158
-0.049740 19.852692 0.288118
-0.043192 19.850933 0.288078
-0.036651 19.849176 0.288039
-0.030116 19.847421 0.287999
-0.023586 19.845667 0.287960
-0.017062 19.843914 0.287920
-0.010545 19.842164 0.287881
-0.004033 19.840415 0.287841
0.002471 19.840171 0.287840
0.008975 19.841921 0.287890
0.015486 19.843672 0.287940
0.022005 19.845426 0.287990
0.028531 19.847182 0.288040
0.035065 19.848939 0.288090
0.041606 19.850699 0.288141
0.048154 19.852461 0.288191
0.054710 19.854225 0.288241
0.061273 19.855990 0.288291
0.067844 19.857758 0.288342
0.074423 19.859528 0.288392
0.081027 19.862196 0.288466
0.087736 19.868937 0.288643
0.094472 19.875706 0.288821
0.101236 19.882502 0.289000
0.108026 19.889326 0.289180
0.114844 19.896177 0.289361
0.121689 19.903056 0.289542
0.128563 19.909963 0.289724
0.135464 19.916898 0.289906
0.142899 19.937134 0.290429
0.150796 19.966993 0.291198
0.158828 19.997364 0.291980
0.357996 24.392894 0.404378
0.373127 24.392419 0.404378
0.388259 24.391943 0.404378
0.403390 24.391467 0.404378
0.418522 24.390991 0.404378
0.433654 24.390515 0.404378
0.448785 24.390040 0.404378
0.463917 24.389564 0.404378
0.479048 24.389088 0.404378
0.494180 24.388612 0.404378
0.509312 24.388137 0.404378
0.524443 24.387661 0.404378
0.539575 24.387185 0.404378
0.554706 24.386709 0.404378
0.569838 24.386233 0.404378
0.584970 24.385758 0.404378
-0.625558 24.423820 0.389238
-0.610427 24.423344 0.389238
-0.595295 24.422868 0.389238
-0.580164 24.422392 0.389238
-0.565032 24.421917 0.389238
-0.549900 24.421441 0.389238
-0.534769 24.420965 0.389238
-0.519637 24.420489 0.389238
-0.504506 24.420013 0.389238
-0.489374 24.419538 0.389238
-0.474242 24.419062 0.389238
-0.459111 24.418586 0.389238
-0.443979 24.418110 0.389238
-0.428848 24.417635 0.389238
-0.413716 24.417159 0.389238
-0.398584 24.416683 0.389238
-0.383453 24.416207 0.389238
-0.160838 19.998896 0.284965
-0.152663 19.968055 0.284242
-0.144626 19.937734 0.283531
-0.137083 19.916617 0.283037
-0.130178 19.909685 0.282879
-0.123300 19.902780 0.282720
-0.116448 19.895901 0.282563
-0.109622 19.889049 0.282406
-0.102821 19.882222 0.282250
-0.096047 19.875422 0.282094
-0.089298 19.868646 0.281939
-0.082574 19.861897 0.281784
-0.075967 19.858892 0.281718
-0.069397 19.857128 0.281681
-0.062834 19.855365 0.281644
-0.056277 19.853604 0.281607
-0.049725 19.851845 0.281571
-0.043180 19.850087 0.281534
-0.036640 19.848330 0.281497
-0.030106 19.846576 0.281461
-0.023578 19.844823 0.281424
-0.017056 19.843071 0.281388
-0.010540 19.841321 0.281351
-0.004030 19.839573 0.281315
0.002472 19.839331 0.281314
0.008975 19.841079 0.281360
0.015484 19.842830 0.281406
0.022001 19.844583 0.281452
0.028526 19.846338 0.281499
0.035058 19.848094 0.281545
0.041597 19.849853 0.281592
0.048144 19.851614 0.281638
0.054698 19.853377 0.281685
0.061260 19.855141 0.281731
0.067830 19.856908 0.281778
0.074406 19.858677 0.281825
0.081002 19.861013 0.281885
0.087709 19.867749 0.282049
0.094443 19.874513 0.282214
0.101204 19.881305 0.282380
0.107992 19.888124 0.282546
0.114807 19.894970 0.282713
0.121650 19.901844 0.282880
0.128521 19.908746 0.283049
0.135420 19.915677 0.283218
0.142754 19.933328 0.283640
0.150641 19.963122 0.284351
0.158664 19.993426 0.285073
0.357996 24.392894 0.389238
0.373127 24.392419 0.389238
0.388259 24.391943 0.389238
0.403390 24.391467 0.389238
0.418522 24.390991 0.389238
0.433654 24.390515 0.389238
0.448785 24.390040 0.389238
0.463917 24.389564 0.389238
0.479048 24.389088 0.389238
0.494180 24.388612 0.389238
0.509312 24.388137 0.389238
0.524443 24.387661 0.389238
0.539575 24.387185 0.389238
0.554706 24.386709 0.389238
0.569838 24.386233 0.389238
0.584970 24.385758 0.389238
-0.625558 24.423820 0.374099
-0.610427 24.423344 0.374099
-0.595295 24.422868 0.374099
-0.580164 24.422392 0.374099
-0.565032 24.421917 0.374099
-0.549900 24.421441 0.374099
-0.534769 24.420965 0.374099
-0.519637 24.420489 0.374099
-0.504506 24.420013 0.374099
-0.489374 24.419538 0.374099
-0.474242 24.419062 0.374099
-0.459111 24.418586 0.374099
-0.443979 24.418110 0.374099
-0.428848 24.417635 0.374099
-0.413716 24.417159 0.374099
-0.398584 24.416683 0.374099
-0.383453 24.416207 0.374099
-0.160650 19.994886 0.278081
-0.152485 19.964112 0.277417
-0.144459 19.933858 0.276764
-0.137033 19.915393 0.276368
-0.130130 19.908466 0.276222
-0.123254 19.901565 0.276076
-0.116405 19.894691 0.275931
-0.109581 19.887844 0.275787
-0.102783 19.881021 0.275643
-0.096011 19.874225 0.275500
-0.089264 19.867455 0.275358
-0.082543 19.860710 0.275216
-0.075946 19.858042 0.275162
-0.069378 19.856278 0.275128
-0.062817 19.854517 0.275094
-0.056261 19.852756 0.275060
-0.049711 19.850998 0.275027
-0.043167 19.849241 0.274993
-0.036629 19.847485 0.274959
-0.030097 19.845731 0.274926
-0.023571 19.843979 0.274892
-0.017050 19.842229 0.274858
-0.010535 19.840479 0.274825
-0.004027 19.838732 0.274791
0.002474 19.838491 0.274790
0.008974 19.840239 0.274833
0.015483 19.841989 0.274875
0.021998 19.843740 0.274918
0.028521 19.845494 0.274960
0.035051 19.847250 0.275003
0.041589 19.849008 0.275046
0.048134 19.850768 0.275089
0.054687 19.852530 0.275131
0.061247 19.854293 0.275174
0.067815 19.856059 0.275217
0.074390 19.857827 0.275260
0.080978 19.859831 0.275308
0.087682 19.866562 0.275459
0.094413 19.873322 0.275611
0.101172 19.880109 0.275763
0.107957 19.886922 0.275916
0.114770 19.893764 0.276069
0.121611 19.900634 0.276224
0.128479 19.907531 0.276378
0.135376 19.914456 0.276534
0.142610 19.929529 0.276866
0.150487 19.959259 0.277518
0.158499 19.989497 0.278182
0.357996 24.392894 0.374099
0.373127 24.392419 0.374099
0.388259 24.391943 0.374099
0.403390 24.391467 0.374099
0.418522 24.390991 0.374099
0.433654 24.390515 0.374099
0.448785 24.390040 0.374099
0.463917 24.389564 0.374099
0.479048 24.389088 0.374099
0.494180 24.388612 0.374099
0.509312 24.388137 0.374099
0.524443 24.387661 0.374099
0.539575 24.387185 0.374099
0.554706 24.386709 0.374099
0.569838 24.386233 0.374099
0.584970 24.385758 0.374099
-0.625558 24.423820 0.358960
-0.610427 24.423344 0.358960
-0.595295 24.422868 0.358960
-0.580164 24.422392 0.358960
-0.565032 24.421917 0.358960
-0.549900 24.421441 0.358960
-0.534769 24.420965 0.358960
-0.519637 24.420489 0.358960
-0.504506 24.420013 0.358960
-0.489374 24.419538 0.358960
-0.474242 24.419062 0.358960
-0.459111 24.418586 0.358960
-0.443979 24.418110 0.358960
-0.428848 24.417635 0.358960
-0.413716 24.417159 0.358960
-0.398584 24.416683 0.358960
-0.383453 24.416207 0.358960
-0.160462 19.990883 0.271212
-0.152308 19.960178 0.270607
-0.144292 19.929989 0.270012
-0.136982 19.914170 0.269703
-0.130082 19.907247 0.269570
-0.123209 19.900352 0.269437
-0.116361 19.893482 0.269305
-0.109540 19.886639 0.269173
-0.102745 19.879822 0.269042
-0.095975 19.873030 0.268911
-0.089231 19.866264 0.268781
-0.082512 19.859524 0.268651
-0.075925 19.857192 0.268609
-0.069359 19.855429 0.268578
-0.062799 19.853669 0.268548
-0.056245 19.851909 0.268517
-0.049697 19.850151 0.268486
-0.043155 19.848395 0.268455
-0.036618 19.846640 0.268424
-0.030087 19.844888 0.268394
-0.023563 19.843136 0.268363
-0.017044 19.841386 0.268332
-0.010531 19.839638 0.268301
-0.004024 19.837891 0.268271
0.002475 19.837651 0.268270
0.008974 19.839398 0.268309
0.015481 19.841147 0.268348
0.021995 19.842898 0.268387
0.028516 19.844651 0.268425
0.035045 19.846406 0.268464
0.041581 19.848163 0.268503
0.048125 19.849922 0.268542
0.054676 19.851683 0.268581
0.061234 19.853445 0.268621
0.067800 19.855211 0.268660
0.074374 19.856977 0.268699
0.080955 19.858746 0.268738
0.087655 19.865376 0.268874
0.094384 19.872131 0.269012
0.101140 19.878913 0.269151
0.107923 19.885722 0.269291
0.114734 19.892559 0.269431
0.121572 19.899424 0.269571
0.128438 19.906316 0.269713
0.135332 19.913236 0.269854
0.142465 19.925739 0.270107
0.150333 19.955404 0.270701
0.158335 19.985576 0.271305
0.357996 24.392894 0.358960
0.373127 24.392419 0.358960
0.388259 24.391943 0.358960
0.403390 24.391467 0.358960
0.418522 24.390991 0.358960
0.433654 24.390515 0.358960
0.448785 24.390040 0.358960
0.463917 24.389564 0.358960
0.479048 24.389088 0.358960
0.494180 24.388612 0.358960
0.509312 24.388137 0.358960
0.524443 24.387661 0.358960
0.539575 24.387185 0.358960
0.554706 24.386709 0.358960
0.569838 24.386233 0.358960
0.584970 24.385758 0.358960
-0.625558 24.423820 0.343821
-0.610427 24.423344 0.343821
-0.595295 24.422868 0.343821
-0.580164 24.422392 0.343821
-0.565032 24.421917 0.343821
-0.549900 24.421441 0.343821
-0.534769 24.420965 0.343821
-0.519637 24.420489 0.343821
-0.504506 24.420013 0.343821
-0.489374 24.419538 0.343821
-0.474242 24.419062 0.343821
-0.459111 24.418586 0.343821
-0.443979 24.418110 0.343821
-0.428848 24.417635 0.343821
-0.413716 24.417159 0.343821
-0.398584 24.416683 0.343821
-0.383453 24.416207 0.343821
-0.160274 19.986889 0.264358
-0.152131 19.956252 0.263812
-0.144125 19.926130 0.263275
-0.136932 19.912947 0.263042
-0.130034 19.906030 0.262922
-0.123163 19.899139 0.262802
-0.116318 19.892274 0.262683
-0.109499 19.885436 0.262564
-0.102706 19.878623 0.262445
-0.095939 19.871836 0.262327
-0.089197 19.865075 0.262209
-0.082481 19.858339 0.262092
-0.075905 19.856343 0.262060
-0.069340 19.854581 0.262032
-0.062782 19.852821 0.262004
-0.056229 19.851062 0.261976
-0.049683 19.849305 0.261948
-0.043142 19.847550 0.261920
-0.036607 19.845796 0.261893
-0.030078 19.844044 0.261865
-0.023555 19.842293 0.261837
-0.017038 19.840544 0.261809
-0.010526 19.838796 0.261781
-0.004021 19.837051 0.261754
0.002477 19.836812 0.261753
0.008974 19.838558 0.261788
0.015479 19.840306 0.261823
0.021991 19.842056 0.261858
0.028511 19.843808 0.261894
0.035038 19.845562 0.261929
0.041573 19.847318 0.261964
0.048115 19.849076 0.261999
0.054664 19.850836 0.262035
0.061221 19.852598 0.262070
0.067786 19.854362 0.262105
0.074358 19.856128 0.262141
0.080937 19.857896 0.262176
0.087628 19.864191 0.262293
0.094354 19.870941 0.262418
0.101108 19.877718 0.262544
0.107889 19.884523 0.262670
0.114697 19.891355 0.262797
0.121533 19.898214 0.262924
0.128396 19.905102 0.263051
0.135288 19.912018 0.263180
0.142321 19.921957 0.263362
0.150179 19.951558 0.263898
0.158171 19.981664 0.264444
0.357996 24.392894 0.343821
0.373127 24.392419 0.343821
0.388259 24.391943 0.343821
0.403390 24.391467 0.343821
0.418522 24.390991 0.343821
0.433654 24.390515 0.343821
0.448785 24.390040 0.343821
0.463917 24.389564 0.343821
0.479048 24.389088 0.343821
0.494180 24.388612 0.343821
0.509312 24.388137 0.343821
0.524443 24.387661 0.343821
0.539575 24.387185 0.343821
0.554706 24.386709 0.343821
0.569838 24.386233 0.343821
0.584970 24.385758 0.343821
-0.625558 24.423820 0.328682
-0.610427 24.423344 0.328682
-0.595295 24.422868 0.328682
-0.580164 24.422392 0.328682
-0.565032 24.421917 0.328682
-0.549900 24.421441 0.328682
-0.534769 24.420965 0.328682
-0.519637 24.420489 0.328682
-0.504506 24.420013 0.328682
-0.489374 24.419538 0.328682
-0.474242 24.419062 0.328682
-0.459111 24.418586 0.328682
-0.443979 24.418110 0.328682
-0.428848 24.417635 0.328682
-0.413716 24.417159 0.328682
-0.398584 24.416683 0.328682
-0.383453 24.416207 0.328682
-0.160087 19.982905 0.257519
-0.151954 19.952335 0.257032
-0.143959 19.922278 0.256553
-0.136881 19.911726 0.256387
-0.129986 19.904813 0.256279
-0.123118 19.897927 0.256172
-0.116275 19.891067 0.256065
-0.109459 19.884233 0.255959
-0.102668 19.877425 0.255853
-0.095903 19.870642 0.255747
-0.089164 19.863885 0.255642
-0.082453 19.857256 0.255539
-0.075884 19.855494 0.255514
-0.069321 19.853733 0.255489
-0.062764 19.851974 0.255464
-0.056214 19.850216 0.255439
-0.049668 19.848460 0.255414
-0.043129 19.846705 0.255389
-0.036596 19.844952 0.255364
-0.030069 19.843201 0.255339
-0.023547 19.841451 0.255314
-0.017032 19.839703 0.255289
-0.010522 19.837956 0.255265
-0.004018 19.836211 0.255240
0.002478 19.835973 0.255239
0.008974 19.837718 0.255271
0.015477 19.839465 0.255302
0.021988 19.841215 0.255333
0.028506 19.842966 0.255365
0.035032 19.844719 0.255396
0.041565 19.846474 0.255428
0.048105 19.848231 0.255459
0.054653 19.849990 0.255491
0.061208 19.851751 0.255523
0.067771 19.853514 0.255554
0.074341 19.855279 0.255586
0.080919 19.857047 0.255618
0.087600 19.863006 0.255717
0.094325 19.869752 0.255829
0.101076 19.876524 0.255941
0.107854 19.883324 0.256054
0.114660 19.890151 0.256167
0.121494 19.897006 0.256281
0.128355 19.903889 0.256395
0.135244 19.910800 0.256509
0.142178 19.918184 0.256632
0.150026 19.947720 0.257111
0.158008 19.977761 0.257598
0.357996 24.392894 0.328682
0.373127 24.392419 0.328682
0.388259 24.391943 0.328682
0.403390 24.391467 0.328682
0.418522 24.390991 0.328682
0.433654 24.390515 0.328682
0.448785 24.390040 0.328682
0.463917 24.389564 0.328682
0.479048 24.389088 0.328682
0.494180 24.388612 0.328682
0.509312 24.388137 0.328682
0.524443 24.387661 0.328682
0.539575 24.387185 0.328682
0.554706 24.386709 0.328682
0.569838 24.386233 0.328682
0.584970 24.385758 0.328682
-0.625558 24.423820 0.313543
-0.610427 24.423344 0.313543
-0.595295 24.422868 0.313543
-0.580164 24.422392 0.313543
-0.565032 24.421917 0.313543
-0.549900 24.421441 0.313543
-0.534769 24.420965 0.313543
-0.519637 24.420489 0.313543
-0.504506 24.420013 0.313543
-0.489374 24.419538 0.313543
-0.474242 24.419062 0.313543
-0.459111 24.418586 0.313543
-0.443979 24.418110 0.313543
-0.428848 24.417635 0.313543
-0.413716 24.417159 0.313543
-0.398584 24.416683 0.313543
-0.383453 24.416207 0.313543
-0.159900 19.978929 0.250696
-0.151778 19.948426 0.250267
-0.143792 19.918436 0.249845
-0.136831 19.910505 0.249736
-0.129938 19.903597 0.249641
-0.123072 19.896715 0.249546
-0.116232 19.889860 0.249452
-0.109418 19.883031 0.249358
-0.102630 19.876227 0.249265
-0.095867 19.869449 0.249172
-0.089130 19.862697 0.249079
-0.082430 19.856407 0.248993
-0.075863 19.854645 0.248971
-0.069302 19.852886 0.248948
-0.062747 19.851127 0.248926
-0.056198 19.849370 0.248904
-0.049654 19.847615 0.248882
-0.043117 19.845861 0.248861
-0.036585 19.844109 0.248839
-0.030059 19.842358 0.248817
-0.023539 19.840609 0.248795
-0.017025 19.838861 0.248773
-0.010517 19.837115 0.248751
-0.004015 19.835371 0.248729
0.002479 19.835135 0.248729
0.008974 19.836879 0.248756
0.015476 19.838625 0.248784
0.021985 19.840373 0.248812
0.028501 19.842124 0.248839
0.035025 19.843876 0.248867
0.041556 19.845630 0.248895
0.048095 19.847386 0.248923
0.054642 19.849144 0.248951
0.061195 19.850905 0.248979
0.067756 19.852667 0.249007
0.074325 19.854431 0.249034
0.080901 19.856197 0.249062
0.087573 19.861822 0.249145
0.094295 19.868563 0.249244
0.101044 19.875331 0.249343
0.107820 19.882126 0.249442
0.114623 19.888949 0.249542
0.121454 19.895799 0.249642
0.128313 19.902677 0.249743
0.135200 19.909582 0.249844
0.142114 19.916516 0.249945
0.149873 19.943890 0.250337
0.157845 19.973866 0.250766
0.357996 24.392894 0.313543
0.373127 24.392419 0.313543
0.388259 24.391943 0.313543
0.403390 24.391467 0.313543
0.418522 24.390991 0.313543
0.433654 24.390515 0.313543
0.448785 24.390040 0.313543
0.463917 24.389564 0.313543
0.479048 24.389088 0.313543
0.494180 24.388612 0.313543
0.509312 24.388137 0.313543
0.524443 24.387661 0.313543
0.539575 24.387185 0.313543
0.554706 24.386709 0.313543
0.569838 24.386233 0.313543
0.584970 24.385758 0.313543
-0.625558 24.423820 0.298404
-0.610427 24.423344 0.298404
-0.595295 24.422868 0.298404
-0.580164 24.422392 0.298404
-0.565032 24.421917 0.298404
-0.549900 24.421441 0.298404
-0.534769 24.420965 0.298404
-0.519637 24.420489 0.298404
-0.504506 24.420013 0.298404
-0.489374 24.419538 0.298404
-0.474242 24.419062 0.298404
-0.459111 24.418586 0.298404
-0.443979 24.418110 0.298404
-0.428848 24.417635 0.298404
-0.413716 24.417159 0.298404
-0.398584 24.416683 0.298404
-0.383453 24.416207 0.298404
-0.159714 19.974962 0.243888
-0.151602 19.944526 0.243517
-0.143697 19.916215 0.243172
-0.136780 19.909285 0.243089
-0.129890 19.902382 0.243007
-0.123027 19.895505 0.242925
-0.116189 19.888654 0.242844
-0.109378 19.881829 0.242762
-0.102592 19.875031 0.242681
-0.095832 19.868258 0.242601
-0.089097 19.861510 0.242520
-0.082408 19.855558 0.242450
-0.075843 19.853797 0.242431
-0.069283 19.852038 0.242412
-0.062730 19.850280 0.242393
-0.056182 19.848524 0.242373
-0.049640 19.846770 0.242354
-0.043104 19.845017 0.242335
-0.036574 19.843265 0.242316
-0.030050 19.841516 0.242297
-0.023532 19.839767 0.242278
-0.017019 19.838021 0.242259
-0.010513 19.836276 0.242241
-0.004012 19.834532 0.242222
0.002481 19.834297 0.242221
0.008974 19.836040 0.242245
0.015474 19.837786 0.242269
0.021981 19.839533 0.242293
0.028496 19.841282 0.242317
0.035019 19.843034 0.242341
0.041548 19.844787 0.242365
0.048086 19.846542 0.242389
0.054630 19.848299 0.242414
0.061182 19.850058 0.242438
0.067742 19.851820 0.242462
0.074309 19.853583 0.242486
0.080883 19.855349 0.242510
0.087546 19.860640 0.242578
0.094266 19.867376 0.242663
0.101012 19.874139 0.242749
0.107786 19.880929 0.242835
0.114587 19.887747 0.242922
0.121415 19.894592 0.243009
0.128272 19.901465 0.243096
0.135156 19.908366 0.243183
0.142068 19.915295 0.243271
0.149720 19.940069 0.243579
0.157682 19.969980 0.243949
0.357996 24.392894 0.298404
0.373127 24.392419 0.298404
0.388259 24.391943 0.298404
0.403390 24.391467 0.298404
0.418522 24.390991 0.298404
0.433654 24.390515 0.298404
0.448785 24.390040 0.298404
0.463917 24.389564 0.298404
0.479048 24.389088 0.298404
0.494180 24.388612 0.298404
0.509312 24.388137 0.298404
0.524443 24.387661 0.298404
0.539575 24.387185 0.298404
0.554706 24.386709 0.298404
0.569838 24.386233 0.298404
0.584970 24.385758 0.298404
-0.625558 24.423820 0.283265
-0.610427 24.423344 0.283265
-0.595295 24.422868 0.283265
-0.580164 24.422392 0.283265
-0.565032 24.421917 0.283265
-0.549900 24.421441 0.283265
-0.534769 24.420965 0.283265
-0.519637 24.420489 0.283265
-0.504506 24.420013 0.283265
-0.489374 24.419538 0.283265
-0.474242 24.419062 0.283265
-0.459111 24.418586 0.283265
-0.443979 24.418110 0.283265
-0.428848 24.417635 0.283265
-0.413716 24.417159 0.283265
-0.398584 24.416683 0.283265
-0.383453 24.416207 0.283265
-0.159528 19.971004 0.237095
-0.151427 19.940635 0.236782
-0.143644 19.914991 0.236517
-0.136730 19.908066 0.236448
-0.129843 19.901167 0.236378
-0.122981 19.894295 0.236309
-0.116146 19.887449 0.236240
-0.109337 19.880629 0.236171
-0.102554 19.873835 0.236103
-0.095796 19.867066 0.236034
-0.089064 19.860323 0.235966
-0.082386 19.854710 0.235910
-0.075822 19.852950 0.235894
-0.069264 19.851191 0.235878
-0.062712 19.849434 0.235862
-0.056166 19.847679 0.235846
-0.049626 19.845926 0.235830
-0.043092 19.844173 0.235814
-0.036563 19.842423 0.235797
-0.030041 19.840674 0.235781
-0.023524 19.838926 0.235765
-0.017013 19.837180 0.235749
-0.010508 19.835436 0.235733
-0.004009 19.833693 0.235717
0.002482 19.833459 0.235717
0.008973 19.835202 0.235737
0.015472 19.836946 0.235757
0.021978 19.838693 0.235778
0.028491 19.840441 0.235798
0.035012 19.842191 0.235818
0.041540 19.843944 0.235839
0.048076 19.845698 0.235859
0.054619 19.847454 0.235880
0.061169 19.849213 0.235900
0.067727 19.850973 0.235920
0.074293 19.852736 0.235941
0.080866 19.854500 0.235961
0.087519 19.859458 0.236015
0.094236 19.866189 0.236087
0.100980 19.872947 0.236160
0.107752 19.879733 0.236233
0.114550 19.886546 0.236306
0.121376 19.893386 0.236379
0.128230 19.900255 0.236453
0.135112 19.907151 0.236527
0.142021 19.914075 0.236601
0.149568 19.936256 0.236834
0.157520 19.966102 0.237148
0.165608 19.996459 0.237466
0.373127 24.392419 0.283265
0.388259 24.391943 0.283265
0.403390 24.391467 0.283265
0.418522 24.390991 0.283265
0.433654 24.390515 0.283265
0.448785 24.390040 0.283265
0.463917 24.389564 0.283265
0.479048 24.389088 0.283265
0.494180 24.388612 0.283265
0.509312 24.388137 0.283265
0.524443 24.387661 0.283265
0.539575 24.387185 0.283265
0.554706 24.386709 0.283265
0.569838 24.386233 0.283265
0.584970 24.385758 0.283265
-0.625558 24.423820 0.268126
-0.610427 24.423344 0.268126
-0.595295 24.422868 0.268126
-0.580164 24.422392 0.268126
-0.565032 24.421917 0.268126
-0.549900 24.421441 0.268126
-0.534769 24.420965 0.268126
-0.519637 24.420489 0.268126
-0.504506 24.420013 0.268126
-0.489374 24.419538 0.268126
-0.474242 24.419062 0.268126
-0.459111 24.418586 0.268126
-0.443979 24.418110 0.268126
-0.428848 24.417635 0.268126
-0.413716 24.417159 0.268126
-0.398584 24.416683 0.268126
-0.167572 19.997877 0.230577
-0.159342 19.967055 0.230317
-0.151252 19.936752 0.230061
-0.143591 19.913768 0.229867
-0.136680 19.906848 0.229810
-0.129795 19.899954 0.229754
-0.122936 19.893086 0.229697
-0.116103 19.886245 0.229641
-0.109297 19.879430 0.229584
-0.102516 19.872640 0.229528
-0.095760 19.865876 0.229473
-0.089030 19.859138 0.229417
-0.082364 19.853862 0.229374
-0.075801 19.852103 0.229361
-0.069245 19.850345 0.229347
-0.062695 19.848589 0.229334
-0.056150 19.846834 0.229321
-0.049612 19.845081 0.229308
-0.043079 19.843330 0.229295
-0.036552 19.841580 0.229282
-0.030031 19.839832 0.229269
-0.023516 19.838085 0.229255
-0.017007 19.836341 0.229242
-0.010503 19.834597 0.229229
-0.004006 19.832855 0.229216
0.002484 19.832622 0.229216
0.008973 19.834364 0.229232
0.015470 19.836107 0.229249
0.021975 19.837853 0.229266
0.028486 19.839600 0.229282
0.035005 19.841350 0.229299
0.041532 19.843101 0.229315
0.048066 19.844855 0.229332
0.054607 19.846610 0.229349
0.061156 19.848368 0.229366
0.067713 19.850127 0.229382
0.074276 19.851888 0.229399
0.080848 19.853652 0.229416
0.087492 19.858276 0.229457
0.094207 19.865003 0.229516
0.100949 19.871757 0.229575
0.107717 19.878538 0.229635
0.114514 19.885345 0.229695
0.121337 19.892181 0.229755
0.128189 19.899045 0.229815
0.135068 19.905936 0.229875
0.141975 19.912856 0.229936
0.149415 19.932451 0.230105
0.157358 19.962232 0.230360
0.165436 19.992523 0.230620
0.373127 24.392419 0.268126
0.388259 24.391943 0.268126
0.403390 24.391467 0.268126
0.418522 24.390991 0.268126
0.433654 24.390515 0.268126
0.448785 24.390040 0.268126
0.463917 24.389564 0.268126
0.479048 24.389088 0.268126
0.494180 24.388612 0.268126
0.509312 24.388137 0.268126
0.524443 24.387661 0.268126
0.539575 24.387185 0.268126
0.554706 24.386709 0.268126
0.569838 24.386233 0.268126
0.584970 24.385758 0.268126
-0.625558 24.423820 0.252987
-0.610427 24.423344 0.252987
-0.595295 24.422868 0.252987
-0.580164 24.422392 0.252987
-0.565032 24.421917 0.252987
-0.549900 24.421441 0.252987
-0.534769 24.420965 0.252987
-0.519637 24.420489 0.252987
-0.504506 24.420013 0.252987
-0.489374 24.419538 0.252987
-0.474242 24.419062 0.252987
-0.459111 24.418586 0.252987
-0.443979 24.418110 0.252987
-0.428848 24.417635 0.252987
-0.413716 24.417159 0.252987
-0.398584 24.416683 0.252987
-0.167376 19.993868 0.223756
-0.159157 19.963114 0.223554
-0.151077 19.932878 0.223355
-0.143538 19.912545 0.223222
-0.136629 19.905630 0.223178
-0.129747 19.898741 0.223134
-0.122891 19.891879 0.223090
-0.116060 19.885042 0.223046
-0.109256 19.878231 0.223002
-0.102478 19.871446 0.222959
-0.095725 19.864687 0.222915
-0.088997 19.857953 0.222872
-0.082341 19.853015 0.222841
-0.075781 19.851256 0.222830
-0.069226 19.849499 0.222820
-0.062677 19.847744 0.222810
-0.056135 19.845990 0.222800
-0.049598 19.844238 0.222789
-0.043067 19.842487 0.222779
-0.036541 19.840738 0.222769
-0.030022 19.838991 0.222759
-0.023508 19.837245 0.222749
-0.017001 19.835501 0.222738
-0.010499 19.833758 0.222728
-0.004003 19.832017 0.222718
0.002485 19.831785 0.222718
0.008973 19.833526 0.222731
0.015468 19.835269 0.222744
0.021971 19.837014 0.222757
0.028481 19.838760 0.222769
0.034999 19.840509 0.222782
0.041524 19.842259 0.222795
0.048056 19.844012 0.222808
0.054596 19.845766 0.222821
0.061143 19.847523 0.222834
0.067698 19.849281 0.222847
0.074260 19.851042 0.222860
0.080830 19.852804 0.222873
0.087465 19.857096 0.222903
0.094177 19.863818 0.222949
0.100917 19.870567 0.222995
0.107683 19.877343 0.223041
0.114477 19.884147 0.223088
0.121298 19.890977 0.223134
0.128147 19.897836 0.223181
0.135024 19.904722 0.223228
0.141928 19.911637 0.223276
0.149264 19.928655 0.223390
0.157196 19.958371 0.223588
0.165264 19.988596 0.223790
0.373127 24.392419 0.252987
0.388259 24.391943 0.252987
0.403390 24.391467 0.252987
0.418522 24.390991 0.252987
0.433654 24.390515 0.252987
0.448785 24.390040 0.252987
0.463917 24.389564 0.252987
0.479048 24.389088 0.252987
0.494180 24.388612 0.252987
0.509312 24.388137 0.252987
0.524443 24.387661 0.252987
0.539575 24.387185 0.252987
0.554706 24.386709 0.252987
0.569838 24.386233 0.252987
0.584970 24.385758 0.252987
-0.625558 24.423820 0.237848
-0.610427 24.423344 0.237848
-0.595295 24.422868 0.237848
-0.580164 24.422392 0.237848
-0.565032 24.421917 0.237848
-0.549900 24.421441 0.237848
-0.534769 24.420965 0.237848
-0.519637 24.420489 0.237848
-0.504506 24.420013 0.237848
-0.489374 24.419538 0.237848
-0.474242 24.419062 0.237848
-0.459111 24.418586 0.237848
-0.443979 24.418110 0.237848
-0.428848 24.417635 0.237848
-0.413716 24.417159 0.237848
-0.398584 24.416683 0.237848
-0.167180 19.989868 0.216949
-0.158972 19.959182 0.216805
-0.150903 19.929012 0.216664
-0.143485 19.911324 0.216581
-0.136579 19.904414 0.216550
-0.129699 19.897529 0.216518
-0.122845 19.890671 0.216487
-0.116018 19.883839 0.216456
-0.109216 19.877033 0.216424
-0.102440 19.870253 0.216393
-0.095689 19.863498 0.216362
-0.088964 19.856769 0.216332
-0.082319 19.852167 0.216311
-0.075760 19.850410 0.216303
-0.069207 19.848654 0.216296
-0.062660 19.846899 0.216289
-0.056119 19.845146 0.216282
-0.049583 19.843395 0.216274
-0.043054 19.841645 0.216267
-0.036530 19.839897 0.216260
-0.030013 19.838150 0.216252
-0.023501 19.836405 0.216245
-0.016994 19.834662 0.216238
-0.010494 19.832920 0.216230
-0.004000 19.831179 0.216223
0.002486 19.830949 0.216223
0.008973 19.832689 0.216232
0.015467 19.834431 0.216242
0.021968 19.836174 0.216251
0.028476 19.837920 0.216260
0.034992 19.839668 0.216269
0.041516 19.841417 0.216278
0.048046 19.843169 0.216288
0.054585 19.844923 0.216297
0.061130 19.846678 0.216306
0.067683 19.848436 0.216315
0.074244 19.850195 0.216325
0.080812 19.851957 0.216334
0.087438 19.855916 0.216354
0.094148 19.862633 0.216387
0.100885 19.869378 0.216419
0.107649 19.876149 0.216452
0.114440 19.882948 0.216486
0.121259 19.889774 0.216519
0.128106 19.896628 0.216552
0.134980 19.903510 0.216586
0.141882 19.910419 0.216620
0.149112 19.924866 0.216689
0.157035 19.954518 0.216830
0.165093 19.984677 0.216974
0.373127 24.392419 0.237848
0.388259 24.391943 0.237848
0.403390 24.391467 0.237848
0.418522 24.390991 0.237848
0.433654 24.390515 0.237848
0.448785 24.390040 0.237848
0.463917 24.389564 0.237848
0.479048 24.389088 0.237848
0.494180 24.388612 0.237848
0.509312 24.388137 0.237848
0.524443 24.387661 0.237848
0.539575 24.387185 0.237848
0.554706 24.386709 0.237848
0.569838 24.386233 0.237848
0.584970 24.385758 0.237848
-0.625558 24.423820 0.222709
-0.610427 24.423344 0.222709
-0.595295 24.422868 0.222709
-0.580164 24.422392 0.222709
-0.565032 24.421917 0.222709
-0.549900 24.421441 0.222709
-0.534769 24.420965 0.222709
-0.519637 24.420489 0.222709
-0.504506 24.420013 0.222709
-0.489374 24.419538 0.222709
-0.474242 24.419062 0.222709
-0.459111 24.418586 0.222709
-0.443979 24.418110 0.222709
-0.428848 24.417635 0.222709
-0.413716 24.417159 0.222709
-0.398584 24.416683 0.222709
-0.166985 19.985877 0.210158
-0.158788 19.955259 0.210072
-0.150729 19.925155 0.209987
-0.143433 19.910104 0.209945
-0.136529 19.903198 0.209926
-0.129651 19.896318 0.209908
-0.122800 19.889465 0.209889
-0.115975 19.882638 0.209870
-0.109175 19.875836 0.209851
-0.102402 19.869060 0.209833
-0.095653 19.862310 0.209814
-0.088931 19.855585 0.209796
-0.082297 19.851320 0.209784
-0.075740 19.849564 0.209780
-0.069188 19.847809 0.209775
-0.062643 19.846055 0.209771
-0.056103 19.844303 0.209767
-0.049569 19.842552 0.209762
-0.043041 19.840803 0.209758
-0.036519 19.839056 0.209753
-0.030003 19.837310 0.209749
-0.023493 19.835566 0.209745
-0.016988 19.833823 0.209740
-0.010490 19.832082 0.209736
-0.003997 19.830342 0.209732
0.002488 19.830113 0.209731
0.008973 19.831852 0.209737
0.015465 19.833593 0.209743
0.021964 19.835336 0.209748
0.028471 19.837080 0.209754
0.034986 19.838827 0.209759
0.041508 19.840576 0.209765
0.048037 19.842327 0.209770
0.054573 19.844079 0.209776
0.061117 19.845834 0.209781
0.067669 19.847591 0.209787
0.074228 19.849350 0.209792
0.080794 19.851110 0.209798
0.087411 19.854737 0.209809
0.094119 19.861450 0.209829
0.100853 19.868189 0.209848
0.107615 19.874956 0.209868
0.114404 19.881750 0.209888
0.121220 19.888572 0.209908
0.128064 19.895421 0.209928
0.134936 19.902297 0.209948
0.141836 19.909202 0.209968
0.148961 19.921085 0.210003
0.156874 19.950674 0.210087
0.164922 19.980767 0.210173
0.373127 24.392419 0.222709
0.388259 24.391943 0.222709
0.403390 24.391467 0.222709
0.418522 24.390991 0.222709
0.433654 24.390515 0.222709
0.448785 24.390040 0.222709
0.463917 24.389564 0.222709
0.479048 24.389088 0.222709
0.494180 24.388612 0.222709
0.509312 24.388137 0.222709
0.524443 24.387661 0.222709
0.539575 24.387185 0.222709
0.554706 24.386709 0.222709
0.569838 24.386233 0.222709
0.584970 24.385758 0.222709
-0.625558 24.423820 0.207570
-0.610427 24.423344 0.207570
-0.595295 24.422868 0.207570
-0.580164 24.422392 0.207570
-0.565032 24.421917 0.207570
-0.549900 24.421441 0.207570
-0.534769 24.420965 0.207570
-0.519637 24.420489 0.207570
-0.504506 24.420013 0.207570
-0.489374 24.419538 0.207570
-0.474242 24.419062 0.207570
-0.459111 24.418586 0.207570
-0.443979 24.418110 0.207570
-0.428848 24.417635 0.207570
-0.413716 24.417159 0.207570
-0.398584 24.416683 0.207570
-0.166791 19.981895 0.203382
-0.158604 19.951344 0.203354
-0.150555 19.921306 0.203326
-0.143380 19.908884 0.203314
-0.136479 19.901983 0.203308
-0.129604 19.895108 0.203301
-0.122755 19.888260 0.203295
-0.115932 19.881437 0.203289
-0.109135 19.874640 0.203283
-0.102363 19.867869 0.203276
-0.095618 19.861123 0.203270
-0.088897 19.854403 0.203264
-0.082275 19.850474 0.203261
-0.075719 19.848718 0.203259
-0.069169 19.846964 0.203258
-0.062625 19.845211 0.203256
-0.056087 19.843460 0.203255
-0.049555 19.841710 0.203253
-0.043029 19.839962 0.203252
-0.036508 19.838215 0.203250
-0.029994 19.836470 0.203249
-0.023485 19.834727 0.203247
-0.016982 19.832985 0.203246
-0.010485 19.831245 0.203245
-0.003994 19.829506 0.203243
0.002489 19.829278 0.203243
0.008972 19.831016 0.203245
0.015463 19.832756 0.203247
0.021961 19.834497 0.203249
0.028467 19.836241 0.203250
0.034979 19.837987 0.203252
0.041499 19.839735 0.203254
0.048027 19.841485 0.203256
0.054562 19.843237 0.203258
0.061104 19.844991 0.203260
0.067654 19.846746 0.203261
0.074212 19.848504 0.203263
0.080776 19.850264 0.203265
0.087384 19.853559 0.203269
0.094089 19.860267 0.203275
0.100822 19.867002 0.203282
0.107581 19.873764 0.203288
0.114367 19.880553 0.203295
0.121181 19.887370 0.203302
0.128023 19.894214 0.203308
0.134892 19.901086 0.203315
0.141789 19.907986 0.203322
0.148810 19.917313 0.203331
0.156713 19.946838 0.203359
0.164751 19.976865 0.203387
0.373127 24.392419 0.207570
0.388259 24.391943 0.207570
0.403390 24.391467 0.207570
0.418522 24.390991 0.207570
0.433654 24.390515 0.207570
0.448785 24.390040 0.207570
0.463917 24.389564 0.207570
0.479048 24.389088 0.207570
0.494180 24.388612 0.207570
0.509312 24.388137 0.207570
0.524443 24.387661 0.207570
0.539575 24.387185 0.207570
0.554706 24.386709 0.207570
0.569838 24.386233 0.207570
0.584970 24.385758 0.207570
-0.625558 24.423820 0.192430
-0.610427 24.423344 0.192430
-0.595295 24.422868 0.192430
-0.580164 24.422392 0.192430
-0.565032 24.421917 0.192430
-0.549900 24.421441 0.192430
-0.534769 24.420965 0.192430
-0.519637 24.420489 0.192430
-0.504506 24.420013 0.192430
-0.489374 24.419538 0.192430
-0.474242 24.419062 0.192430
-0.459111 24.418586 0.192430
-0.443979 24.418110 0.192430
-0.428848 24.417635 0.192430
-0.413716 24.417159 0.192430
-0.398584 24.416683 0.192430
-0.166597 19.977922 0.196621
-0.158421 19.947438 0.196650
-0.150382 19.917465 0.196678
-0.143327 19.907666 0.196687
-0.136428 19.900769 0.196693
-0.129556 19.893899 0.196700
-0.122710 19.887055 0.196706
-0.115889 19.880237 0.196712
-0.109094 19.873445 0.196719
-0.102326 19.866678 0.196725
-0.095582 19.859937 0.196731
-0.088864 19.853221 0.196737
-0.082252 19.849628 0.196740
-0.075698 19.847873 0.196742
-0.069150 19.846119 0.196743
-0.062608 19.844368 0.196745
-0.056072 19.842617 0.196746
-0.049541 19.840868 0.196748
-0.043016 19.839121 0.196749
-0.036498 19.837375 0.196750
-0.029985 19.835631 0.196752
-0.023477 19.833888 0.196753
-0.016976 19.832147 0.196755
-0.010481 19.830408 0.196756
-0.003991 19.828670 0.196758
0.002491 19.828442 0.196758
0.008972 19.830180 0.196756
0.015461 19.831919 0.196754
0.021958 19.833660 0.196752
0.028462 19.835403 0.196750
0.034973 19.837148 0.196749
0.041491 19.838895 0.196747
0.048017 19.840644 0.196745
0.054551 19.842394 0.196743
0.061091 19.844147 0.196741
0.067640 19.845902 0.196739
0.074195 19.847659 0.196737
0.080759 19.849418 0.196736
0.087357 19.852382 0.196733
0.094060 19.859085 0.196726
0.100790 19.865816 0.196719
0.107547 19.872573 0.196713
0.114331 19.879357 0.196706
0.121143 19.886169 0.196700
0.127982 19.893009 0.196693
0.134848 19.899876 0.196686
0.141743 19.906771 0.196680
0.148666 19.913694 0.196673
0.156553 19.943010 0.196645
0.164580 19.972972 0.196616
0.373127 24.392419 0.192430
0.388259 24.391943 0.192430
0.403390 24.391467 0.192430
0.418522 24.390991 0.192430
0.433654 24.390515 0.192430
0.448785 24.390040 0.192430
0.463917 24.389564 0.192430
0.479048 24.389088 0.192430
0.494180 24.388612 0.192430
0.509312 24.388137 0.192430
0.524443 24.387661 0.192430
0.539575 24.387185 0.192430
0.554706 24.386709 0.192430
0.569838 24.386233 0.192430
0.584970 24.385758 0.192430
-0.625558 24.423820 0.177291
-0.610427 24.423344 0.177291
-0.595295 24.422868 0.177291
-0.580164 24.422392 0.177291
-0.565032 24.421917 0.177291
-0.549900 24.421441 0.177291
-0.534769 24.420965 0.177291
-0.519637 24.420489 0.177291
-0.504506 24.420013 0.177291
-0.489374 24.419538 0.177291
-0.474242 24.419062 0.177291
-0.459111 24.418586 0.177291
-0.443979 24.418110 0.177291
-0.428848 24.417635 0.177291
-0.413716 24.417159 0.177291
-0.398584 24.416683 0.177291
-0.166403 19.973957 0.189875
-0.158238 19.943540 0.189961
-0.150209 19.913633 0.190045
-0.143275 19.906448 0.190065
-0.136378 19.899556 0.190084
-0.129508 19.892691 0.190103
-0.122664 19.885851 0.190122
-0.115846 19.879038 0.190140
-0.109054 19.872250 0.190159
-0.102288 19.865488 0.190177
-0.095547 19.858751 0.190196
-0.088831 19.852040 0.190214
-0.082230 19.848783 0.190223
-0.075678 19.847028 0.190227
-0.069131 19.845275 0.190232
-0.062591 19.843524 0.190236
-0.056056 19.841775 0.190241
-0.049527 19.840027 0.190245
-0.043004 19.838280 0.190249
-0.036487 19.836535 0.190254
-0.029975 19.834792 0.190258
-0.023470 19.833050 0.190262
-0.016970 19.831310 0.190267
-0.010476 19.829571 0.190271
-0.003988 19.827834 0.190276
0.002492 19.827608 0.190276
0.008972 19.829344 0.190270
0.015460 19.831082 0.190265
0.021954 19.832822 0.190259
0.028457 19.834564 0.190254
0.034966 19.836308 0.190248
0.041483 19.838055 0.190242
0.048008 19.839803 0.190237
0.054539 19.841552 0.190231
0.061079 19.843304 0.190226
0.067625 19.845058 0.190220
0.074179 19.846814 0.190215
0.080741 19.848572 0.190209
0.087330 19.851205 0.190201
0.094031 19.857904 0.190181
0.100758 19.864630 0.190162
0.107513 19.871382 0.190142
0.114295 19.878162 0.190122
0.121104 19.884969 0.190102
0.127940 19.891804 0.190082
0.134805 19.898666 0.190062
0.141697 19.905556 0.190042
0.148617 19.912475 0.190022
0.156393 19.939190 0.189945
0.164410 19.969087 0.189860
0.172565 19.999498 0.189773
0.388259 24.391943 0.177291
0.403390 24.391467 0.177291
0.418522 24.390991 0.177291
0.433654 24.390515 0.177291
0.448785 24.390040 0.177291
0.463917 24.389564 0.177291
0.479048 24.389088 0.177291
0.494180 24.388612 0.177291
0.509312 24.388137 0.177291
0.524443 24.387661 0.177291
0.539575 24.387185 0.177291
0.554706 24.386709 0.177291
0.569838 24.386233 0.177291
0.584970 24.385758 0.177291
-0.625558 24.423820 0.162152
-0.610427 24.423344 0.162152
-0.595295 24.422868 0.162152
-0.580164 24.422392 0.162152
-0.565032 24.421917 0.162152
-0.549900 24.421441 0.162152
-0.534769 24.420965 0.162152
-0.519637 24.420489 0.162152
-0.504506 24.420013 0.162152
-0.489374 24.419538 0.162152
-0.474242 24.419062 0.162152
-0.459111 24.418586 0.162152
-0.443979 24.418110 0.162152
-0.428848 24.417635 0.162152
-0.413716 24.417159 0.162152
-0.398584 24.416683 0.162152
-0.166210 19.970002 0.183144
-0.158055 19.939651 0.183287
-0.150142 19.912144 0.183416
-0.143222 19.905231 0.183447
-0.136328 19.898344 0.183479
-0.129461 19.891483 0.183510
-0.122619 19.884648 0.183542
-0.115804 19.877839 0.183573
-0.109014 19.871056 0.183604
-0.102250 19.864299 0.183635
-0.095511 19.857567 0.183666
-0.088798 19.850860 0.183696
-0.082208 19.847938 0.183709
-0.075657 19.846184 0.183716
-0.069112 19.844432 0.183724
-0.062573 19.842682 0.183731
-0.056040 19.840933 0.183738
-0.049513 19.839186 0.183746
-0.042991 19.837440 0.183753
-0.036476 19.835696 0.183760
-0.029966 19.833953 0.183768
-0.023462 19.832212 0.183775
-0.016964 19.830472 0.183782
-0.010471 19.828735 0.183789
-0.003985 19.826998 0.183797
0.002493 19.826774 0.183797
0.008972 19.828509 0.183787
0.015458 19.830246 0.183778
0.021951 19.831985 0.183769
0.028452 19.833726 0.183760
0.034960 19.835470 0.183751
0.041475 19.837215 0.183741
0.047998 19.838962 0.183732
0.054528 19.840711 0.183723
0.061066 19.842462 0.183714
0.067611 19.844215 0.183704
0.074163 19.845970 0.183695
0.080723 19.847727 0.183686
0.087303 19.850030 0.183674
0.094001 19.856724 0.183641
0.100727 19.863445 0.183609
0.107479 19.870192 0.183576
0.114258 19.876968 0.183543
0.121065 19.883770 0.183509
0.127899 19.890600 0.183476
0.134761 19.897457 0.183443
0.141651 19.904343 0.183409
0.148568 19.911256 0.183375
0.156234 19.935379 0.183260
0.164241 19.965211 0.183118
0.172385 19.995555 0.182973
0.388259 24.391943 0.162152
0.403390 24.391467 0.162152
0.418522 24.390991 0.162152
0.433654 24.390515 0.162152
0.448785 24.390040 0.162152
0.463917 24.389564 0.162152
0.479048 24.389088 0.162152
0.494180 24.388612 0.162152
0.509312 24.388137 0.162152
0.524443 24.387661 0.162152
0.539575 24.387185 0.162152
0.554706 24.386709 0.162152
0.569838 24.386233 0.162152
0.584970 24.385758 0.162152
-0.625558 24.423820 0.147013
-0.610427 24.423344 0.147013
-0.595295 24.422868 0.147013
-0.580164 24.422392 0.147013
-0.565032 24.421917 0.147013
-0.549900 24.421441 0.147013
-0.534769 24.420965 0.147013
-0.519637 24.420489 0.147013
-0.504506 24.420013 0.147013
-0.489374 24.419538 0.147013
-0.474242 24.419062 0.147013
-0.459111 24.418586 0.147013
-0.443979 24.418110 0.147013
-0.428848 24.417635 0.147013
-0.413716 24.417159 0.147013
-0.174301 19.996858 0.176226
-0.166017 19.966055 0.176428
-0.157873 19.935771 0.176627
-0.150087 19.910923 0.176790
-0.143169 19.904015 0.176834
-0.136278 19.897132 0.176878
-0.129413 19.890276 0.176922
-0.122574 19.883446 0.176966
-0.115761 19.876642 0.177010
-0.108974 19.869863 0.177053
-0.102212 19.863110 0.177097
-0.095475 19.856383 0.177140
-0.088765 19.849681 0.177183
-0.082186 19.847093 0.177198
-0.075637 19.845340 0.177209
-0.069093 19.843589 0.177219
-0.062556 19.841839 0.177229
-0.056024 19.840091 0.177239
-0.049499 19.838345 0.177250
-0.042979 19.836600 0.177260
-0.036465 19.834857 0.177270
-0.029957 19.833115 0.177280
-0.023454 19.831375 0.177290
-0.016958 19.829636 0.177300
-0.010467 19.827899 0.177311
-0.003982 19.826163 0.177321
0.002495 19.825940 0.177321
0.008972 19.827674 0.177308
0.015456 19.829410 0.177295
0.021948 19.831149 0.177282
0.028447 19.832889 0.177269
0.034953 19.834631 0.177257
0.041467 19.836375 0.177244
0.047988 19.838122 0.177231
0.054517 19.839870 0.177218
0.061053 19.841620 0.177205
0.067596 19.843372 0.177192
0.074147 19.845127 0.177179
0.080705 19.846882 0.177166
0.087276 19.848855 0.177151
0.093972 19.855544 0.177106
0.100695 19.862260 0.177060
0.107445 19.869003 0.177014
0.114222 19.875774 0.176968
0.121026 19.882572 0.176921
0.127858 19.889397 0.176875
0.134717 19.896250 0.176828
0.141604 19.903130 0.176781
0.148520 19.910039 0.176734
0.156074 19.931575 0.176590
0.164072 19.961343 0.176391
0.172206 19.991621 0.176189
0.388259 24.391943 0.147013
0.403390 24.391467 0.147013
0.418522 24.390991 0.147013
0.433654 24.390515 0.147013
0.448785 24.390040 0.147013
0.463917 24.389564 0.147013
0.479048 24.389088 0.147013
0.494180 24.388612 0.147013
0.509312 24.388137 0.147013
0.524443 24.387661 0.147013
0.539575 24.387185 0.147013
0.554706 24.386709 0.147013
0.569838 24.386233 0.147013
0.584970 24.385758 0.147013
-0.625558 24.423820 0.131874
-0.610427 24.423344 0.131874
-0.595295 24.422868 0.131874
-0.580164 24.422392 0.131874
-0.565032 24.421917 0.131874
-0.549900 24.421441 0.131874
-0.534769 24.420965 0.131874
-0.519637 24.420489 0.131874
-0.504506 24.420013 0.131874
-0.489374 24.419538 0.131874
-0.474242 24.419062 0.131874
-0.459111 24.418586 0.131874
-0.443979 24.418110 0.131874
-0.428848 24.417635 0.131874
-0.413716 24.417159 0.131874
-0.174097 19.992852 0.169468
-0.165824 19.962116 0.169727
-0.157691 19.931899 0.169982
-0.150032 19.909703 0.170169
-0.143117 19.902799 0.170226
-0.136228 19.895922 0.170283
-0.129365 19.889070 0.170339
-0.122529 19.882245 0.170395
-0.115718 19.875445 0.170451
-0.108933 19.868671 0.170507
-0.102174 19.861923 0.170563
-0.095440 19.855200 0.170618
-0.088731 19.848502 0.170673
-0.082164 19.846249 0.170691
-0.075616 19.844497 0.170704
-0.069075 19.842747 0.170717
-0.062539 19.840997 0.170730
-0.056009 19.839250 0.170743
-0.049485 19.837505 0.170757
-0.042966 19.835761 0.170770
-0.036454 19.834018 0.170783
-0.029947 19.832277 0.170796
-0.023446 19.830537 0.170809
-0.016951 19.828800 0.170822
-0.010462 19.827063 0.170835
-0.003979 19.825328 0.170848
0.002496 19.825106 0.170848
0.008972 19.826840 0.170832
0.015454 19.828575 0.170815
0.021944 19.830313 0.170799
0.028442 19.832052 0.170782
0.034947 19.833793 0.170766
0.041459 19.835537 0.170749
0.047978 19.837282 0.170732
0.054505 19.839029 0.170716
0.061040 19.840778 0.170699
0.067582 19.842530 0.170682
0.074131 19.844283 0.170666
0.080688 19.846038 0.170649
0.087252 19.847796 0.170632
0.093943 19.854366 0.170575
0.100663 19.861077 0.170516
0.107411 19.867816 0.170457
0.114185 19.874581 0.170397
0.120987 19.881374 0.170337
0.127817 19.888195 0.170278
0.134674 19.895043 0.170217
0.141558 19.901918 0.170157
0.148471 19.908822 0.170097
0.155915 19.927780 0.169933
0.163903 19.957484 0.169678
0.172026 19.987695 0.169419
0.388259 24.391943 0.131874
0.403390 24.391467 0.131874
0.418522 24.390991 0.131874
0.433654 24.390515 0.131874
0.448785 24.390040 0.131874
0.463917 24.389564 0.131874
0.479048 24.389088 0.131874
0.494180 24.388612 0.131874
0.509312 24.388137 0.131874
0.524443 24.387661 0.131874
0.539575 24.387185 0.131874
0.554706 24.386709 0.131874
0.569838 24.386233 0.131874
0.584970 24.385758 0.131874
-0.625558 24.423820 0.116735
-0.610427 24.423344 0.116735
-0.595295 24.422868 0.116735
-0.580164 24.422392 0.116735
-0.565032 24.421917 0.116735
-0.549900 24.421441 0.116735
-0.534769 24.420965 0.116735
-0.519637 24.420489 0.116735
-0.504506 24.420013 0.116735
-0.489374 24.419538 0.116735
-0.474242 24.419062 0.116735
-0.459111 24.418586 0.116735
-0.443979 24.418110 0.116735
-0.428848 24.417635 0.116735
-0.413716 24.417159 0.116735
-0.173894 19.988854 0.162724
-0.165632 19.958187 0.163040
-0.157509 19.928036 0.163352
-0.149977 19.908484 0.163552
-0.143064 19.901585 0.163622
-0.136178 19.894712 0.163691
-0.129318 19.887865 0.163760
-0.122484 19.881044 0.163829
-0.115676 19.874249 0.163897
-0.108893 19.867480 0.163966
-0.102136 19.860736 0.164034
-0.095405 19.854018 0.164101
-0.088698 19.847324 0.164169
-0.082142 19.845405 0.164186
-0.075596 19.843654 0.164203
-0.069056 19.841904 0.164219
-0.062521 19.840156 0.164235
-0.055993 19.838410 0.164251
-0.049470 19.836665 0.164267
-0.042954 19.834922 0.164283
-0.036443 19.833180 0.164299
-0.029938 19.831440 0.164315
-0.023439 19.829701 0.164331
-0.016945 19.827964 0.164347
-0.010458 19.826228 0.164363
-0.003976 19.824494 0.164378
0.002498 19.824273 0.164379
0.008971 19.826006 0.164358
0.015453 19.827740 0.164338
0.021941 19.829477 0.164318
0.028437 19.831215 0.164298
0.034940 19.832956 0.164278
0.041451 19.834698 0.164257
0.047969 19.836443 0.164237
0.054494 19.838189 0.164217
0.061027 19.839937 0.164197
0.067567 19.841688 0.164176
0.074115 19.843440 0.164156
0.080670 19.845194 0.164135
0.087232 19.846951 0.164115
0.093914 19.853187 0.164048
0.100632 19.859895 0.163976
0.107377 19.866628 0.163904
0.114149 19.873389 0.163831
0.120948 19.880178 0.163758
0.127775 19.886993 0.163685
0.134630 19.893836 0.163612
0.141512 19.900707 0.163538
0.148422 19.907606 0.163464
0.155757 19.923993 0.163291
0.163734 19.953633 0.162980
0.171848 19.983778 0.162664
0.388259 24.391943 0.116735
0.403390 24.391467 0.116735
0.418522 24.390991 0.116735
0.433654 24.390515 0.116735
0.448785 24.390040 0.116735
0.463917 24.389564 0.116735
0.479048 24.389088 0.116735
0.494180 24.388612 0.116735
0.509312 24.388137 0.116735
0.524443 24.387661 0.116735
0.539575 24.387185 0.116735
0.554706 24.386709 0.116735
0.569838 24.386233 0.116735
0.584970 24.385758 0.116735
-0.625558 24.423820 0.101596
-0.610427 24.423344 0.101596
-0.595295 24.422868 0.101596
-0.580164 24.422392 0.101596
-0.565032 24.421917 0.101596
-0.549900 24.421441 0.101596
-0.534769 24.420965 0.101596
-0.519637 24.420489 0.101596
-0.504506 24.420013 0.101596
-0.489374 24.419538 0.101596
-0.474242 24.419062 0.101596
-0.459111 24.418586 0.101596
-0.443979 24.418110 0.101596
-0.428848 24.417635 0.101596
-0.413716 24.417159 0.101596
-0.173692 19.984866 0.155996
-0.165441 19.954266 0.156369
-0.157328 19.924180 0.156735
-0.149922 19.907266 0.156941
-0.143012 19.900371 0.157023
-0.136128 19.893503 0.157104
-0.129270 19.886661 0.157186
-0.122439 19.879845 0.157267
-0.115633 19.873054 0.157348
-0.108853 19.866290 0.157428
-0.102098 19.859550 0.157509
-0.095369 19.852836 0.157589
-0.088670 19.846313 0.157666
-0.082120 19.844561 0.157685
-0.075575 19.842811 0.157704
-0.069037 19.841062 0.157723
-0.062504 19.839315 0.157742
-0.055977 19.837569 0.157761
-0.049456 19.835825 0.157780
-0.042941 19.834083 0.157799
-0.036432 19.832342 0.157818
-0.029929 19.830603 0.157837
-0.023431 19.828865 0.157856
-0.016939 19.827129 0.157874
-0.010453 19.825394 0.157893
-0.003973 19.823660 0.157912
0.002499 19.823441 0.157912
0.008971 19.825172 0.157888
0.015451 19.826906 0.157865
0.021938 19.828641 0.157841
0.028432 19.830379 0.157817
0.034934 19.832119 0.157793
0.041443 19.833860 0.157769
0.047959 19.835604 0.157745
0.054483 19.837349 0.157721
0.061014 19.839097 0.157697
0.067553 19.840846 0.157673
0.074099 19.842597 0.157649
0.080652 19.844351 0.157625
0.087213 19.846106 0.157601
0.093884 19.852010 0.157526
0.100600 19.858713 0.157441
0.107343 19.865442 0.157355
0.114113 19.872198 0.157270
0.120910 19.878982 0.157184
0.127734 19.885793 0.157097
0.134586 19.892631 0.157011
0.141466 19.899497 0.156923
0.148374 19.906391 0.156836
0.155599 19.920215 0.156663
0.163566 19.949790 0.156297
0.171669 19.979870 0.155924
0.388259 24.391943 0.101596
0.403390 24.391467 0.101596
0.418522 24.390991 0.101596
0.433654 24.390515 0.101596
0.448785 24.390040 0.101596
0.463917 24.389564 0.101596
0.479048 24.389088 0.101596
0.494180 24.388612 0.101596
0.509312 24.388137 0.101596
0.524443 24.387661 0.101596
0.539575 24.387185 0.101596
0.554706 24.386709 0.101596
0.569838 24.386233 0.101596
0.584970 24.385758 0.101596
-0.625558 24.423820 0.086457
-0.610427 24.423344 0.086457
-0.595295 24.422868 0.086457
-0.580164 24.422392 0.086457
-0.565032 24.421917 0.086457
-0.549900 24.421441 0.086457
-0.534769 24.420965 0.086457
-0.519637 24.420489 0.086457
-0.504506 24.420013 0.086457
-0.489374 24.419538 0.086457
-0.474242 24.419062 0.086457
-0.459111 24.418586 0.086457
-0.443979 24.418110 0.086457
-0.428848 24.417635 0.086457
-0.413716 24.417159 0.086457
-0.173490 19.980886 0.149282
-0.165250 19.950354 0.149712
-0.157148 19.920334 0.150134
-0.149867 19.906048 0.150333
-0.142960 19.899159 0.150428
-0.136078 19.892295 0.150522
-0.129223 19.885458 0.150616
-0.122394 19.878646 0.150710
-0.115590 19.871860 0.150803
-0.108813 19.865100 0.150896
-0.102060 19.858365 0.150988
-0.095334 19.851656 0.151081
-0.088646 19.845469 0.151165
-0.082097 19.843718 0.151187
-0.075555 19.841969 0.151209
-0.069018 19.840221 0.151231
-0.062487 19.838475 0.151253
-0.055962 19.836730 0.151275
-0.049442 19.834986 0.151297
-0.042929 19.833245 0.151318
-0.036421 19.831505 0.151340
-0.029919 19.829766 0.151362
-0.023423 19.828029 0.151384
-0.016933 19.826293 0.151405
-0.010449 19.824560 0.151427
-0.003970 19.822827 0.151449
0.002500 19.822608 0.151449
0.008971 19.824339 0.151422
0.015449 19.826072 0.151394
0.021934 19.827806 0.151367
0.028427 19.829543 0.151339
0.034927 19.831282 0.151311
0.041435 19.833022 0.151284
0.047949 19.834765 0.151256
0.054471 19.836510 0.151229
0.061001 19.838256 0.151201
0.067538 19.840005 0.151173
0.074083 19.841755 0.151145
0.080634 19.843508 0.151118
0.087194 19.845262 0.151090
0.093855 19.850834 0.151008
0.100569 19.857532 0.150910
0.107309 19.864256 0.150811
0.114076 19.871008 0.150713
0.120871 19.877787 0.150613
0.127693 19.884593 0.150514
0.134543 19.891426 0.150414
0.141420 19.898288 0.150313
0.148325 19.905177 0.150213
0.155441 19.916444 0.150050
0.163398 19.945955 0.149627
0.171491 19.975970 0.149198
0.388259 24.391943 0.086457
0.403390 24.391467 0.086457
0.418522 24.390991 0.086457
0.433654 24.390515 0.086457
0.448785 24.390040 0.086457
0.463917 24.389564 0.086457
0.479048 24.389088 0.086457
0.494180 24.388612 0.086457
0.509312 24.388137 0.086457
0.524443 24.387661 0.086457
0.539575 24.387185 0.086457
0.554706 24.386709 0.086457
0.569838 24.386233 0.086457
0.584970 24.385758 0.086457
-0.625558 24.423820 0.071318
-0.610427 24.423344 0.071318
-0.595295 24.422868 0.071318
-0.580164 24.422392 0.071318
-0.565032 24.421917 0.071318
-0.549900 24.421441 0.071318
-0.534769 24.420965 0.071318
-0.519637 24.420489 0.071318
-0.504506 24.420013 0.071318
-0.489374 24.419538 0.071318
-0.474242 24.419062 0.071318
-0.459111 24.418586 0.071318
-0.443979 24.418110 0.071318
-0.428848 24.417635 0.071318
-0.413716 24.417159 0.071318
-0.173289 19.976915 0.142584
-0.165059 19.946450 0.143069
-0.156967 19.916496 0.143547
-0.149812 19.904832 0.143731
-0.142907 19.897947 0.143838
-0.136028 19.891088 0.143945
-0.129176 19.884255 0.144051
-0.122349 19.877448 0.144157
-0.115548 19.870667 0.144263
-0.108772 19.863911 0.144368
-0.102023 19.857181 0.144473
-0.095298 19.850476 0.144577
-0.088622 19.844626 0.144668
-0.082075 19.842876 0.144692
-0.075534 19.841127 0.144717
-0.068999 19.839380 0.144742
-0.062470 19.837634 0.144767
-0.055946 19.835890 0.144792
-0.049428 19.834148 0.144816
-0.042916 19.832407 0.144841
-0.036410 19.830668 0.144866
-0.029910 19.828930 0.144890
-0.023416 19.827194 0.144915
-0.016927 19.825459 0.144940
-0.010444 19.823726 0.144964
-0.003967 19.821994 0.144989
0.002502 19.821776 0.144989
0.008971 19.823506 0.144958
0.015447 19.825238 0.144927
0.021931 19.826972 0.144896
0.028422 19.828708 0.144864
0.034921 19.830445 0.144833
0.041426 19.832185 0.144802
0.047940 19.833927 0.144771
0.054460 19.835671 0.144739
0.060988 19.837416 0.144708
0.067524 19.839164 0.144676
0.074066 19.840914 0.144645
0.080617 19.842665 0.144614
0.087174 19.844419 0.144582
0.093826 19.849659 0.144494
0.100537 19.856352 0.144383
0.107275 19.863072 0.144272
0.114040 19.869818 0.144160
0.120832 19.876592 0.144048
0.127652 19.883394 0.143935
0.134499 19.890222 0.143822
0.141374 19.897079 0.143708
0.148277 19.903963 0.143594
0.155283 19.912681 0.143450
0.163231 19.942129 0.142973
0.171313 19.972078 0.142487
0.388259 24.391943 0.071318
0.403390 24.391467 0.071318
0.418522 24.390991 0.071318
0.433654 24.390515 0.071318
0.448785 24.390040 0.071318
0.463917 24.389564 0.071318
0.479048 24.389088 0.071318
0.494180 24.388612 0.071318
0.509312 24.388137 0.071318
0.524443 24.387661 0.071318
0.539575 24.387185 0.071318
0.554706 24.386709 0.071318
0.569838 24.386233 0.071318
0.584970 24.385758 0.071318
-0.625558 24.423820 0.056179
-0.610427 24.423344 0.056179
-0.595295 24.422868 0.056179
-0.580164 24.422392 0.056179
-0.565032 24.421917 0.056179
-0.549900 24.421441 0.056179
-0.534769 24.420965 0.056179
-0.519637 24.420489 0.056179
-0.504506 24.420013 0.056179
-0.489374 24.419538 0.056179
-0.474242 24.419062 0.056179
-0.459111 24.418586 0.056179
-0.443979 24.418110 0.056179
-0.428848 24.417635 0.056179
-0.180371 19.983418 0.135716
-0.172149 19.954460 0.136232
-0.164076 19.926332 0.136732
-0.156443 19.905336 0.137105
-0.149532 19.898610 0.137222
-0.142646 19.891910 0.137339
-0.135787 19.885235 0.137455
-0.128952 19.878586 0.137570
-0.122143 19.871960 0.137686
-0.115359 19.865360 0.137800
-0.108599 19.858783 0.137915
-0.101865 19.852230 0.138029
-0.095155 19.845702 0.138142
-0.088536 19.841562 0.138213
-0.081997 19.839873 0.138240
-0.075463 19.838184 0.138266
-0.068933 19.836464 0.138293
-0.062410 19.834746 0.138321
-0.055893 19.833029 0.138348
-0.049381 19.831314 0.138375
-0.042874 19.829599 0.138402
-0.036374 19.827887 0.138429
-0.029879 19.826176 0.138456
-0.023390 19.824467 0.138483
-0.016907 19.822759 0.138510
-0.010429 19.821053 0.138537
-0.003958 19.819348 0.138564
0.002506 19.819119 0.138565
0.008970 19.820784 0.138531
0.015441 19.822458 0.138497
0.021920 19.824159 0.138463
0.028405 19.825861 0.138429
0.034898 19.827566 0.138395
0.041398 19.829272 0.138360
0.047906 19.830980 0.138326
0.054420 19.832690 0.138292
0.060942 19.834402 0.138257
0.067471 19.836116 0.138223
0.074007 19.837832 0.138188
0.080551 19.839550 0.138154
0.087102 19.841269 0.138119
0.093705 19.844798 0.138052
0.100402 19.851302 0.137931
0.107125 19.857833 0.137810
0.113875 19.864388 0.137688
0.120650 19.870970 0.137566
0.127453 19.877577 0.137444
0.134282 19.884211 0.137321
0.141138 19.890870 0.137197
0.148021 19.897556 0.137073
0.154931 19.904268 0.136949
0.162364 19.922329 0.136620
0.170321 19.950333 0.136112
0.178392 19.978502 0.135601
0.403390 24.391467 0.056179
0.418522 24.390991 0.056179
0.433654 24.390515 0.056179
0.448785 24.390040 0.056179
0.463917 24.389564 0.056179
0.479048 24.389088 0.056179
0.494180 24.388612 0.056179
0.509312 24.388137 0.056179
0.524443 24.387661 0.056179
0.539575 24.387185 0.056179
0.554706 24.386709 0.056179
0.569838 24.386233 0.056179
0.584970 24.385758 0.056179
-0.589936 23.972833 0.049974
-0.575655 23.972385 0.049974
-0.561374 23.971935 0.049974
-0.547093 23.971483 0.049974
-0.532812 23.971035 0.049974
-0.518530 23.970586 0.049974
-0.504249 23.970138 0.049974
-0.237585 20.134879 0.125977
-0.230537 20.134631 0.125977
-0.223495 20.134477 0.125976
-0.216453 20.134323 0.125975
-0.209410 20.134169 0.125973
-0.202366 20.133993 0.125972
-0.187082 19.982667 0.128968
-0.178790 19.953379 0.129545
-0.170636 19.924633 0.130110
-0.162853 19.901301 0.130569
-0.155938 19.894591 0.130698
-0.149049 19.887907 0.130826
-0.142186 19.881247 0.130954
-0.135348 19.874611 0.131082
-0.128535 19.868000 0.131209
-0.121747 19.861413 0.131335
-0.114984 19.854852 0.131462
-0.108246 19.848314 0.131587
-0.101532 19.841801 0.131712
-0.094878 19.836467 0.131814
-0.088346 19.834782 0.131844
-0.081819 19.833099 0.131873
-0.075298 19.831418 0.131902
-0.068782 19.829738 0.131932
-0.062273 19.828059 0.131961
-0.055768 19.826382 0.131990
-0.049270 19.824706 0.132019
-0.042777 19.823031 0.132048
-0.036289 19.821352 0.132078
-0.029807 19.819647 0.132108
-0.023330 19.817944 0.132137
-0.016859 19.816242 0.132167
-0.010394 19.814542 0.132197
-0.003934 19.812843 0.132227
0.002517 19.812620 0.132227
0.008969 19.814279 0.132190
0.015428 19.815938 0.132153
0.021894 19.817600 0.132116
0.028367 19.819264 0.132079
0.034847 19.820929 0.132042
0.041334 19.822597 0.132005
0.047828 19.824266 0.131967
0.054329 19.825937 0.131930
0.060838 19.827617 0.131893
0.067354 19.829324 0.131855
0.073877 19.831032 0.131817
0.080408 19.832743 0.131779
0.086946 19.834455 0.131741
0.093491 19.836170 0.131702
0.100124 19.840893 0.131604
0.106826 19.847383 0.131471
0.113555 19.853898 0.131338
0.120309 19.860439 0.131204
0.127090 19.867005 0.131069
0.133898 19.873597 0.130934
0.140732 19.880215 0.130798
0.147593 19.886859 0.130662
0.154482 19.893530 0.130525
0.161397 19.900227 0.130388
0.168968 19.920703 0.129976
0.176988 19.948983 0.129410
0.185140 19.977725 0.128834
0.199315 20.121659 0.125966
0.206367 20.121528 0.125965
0.213420 20.121397 0.125963
0.220473 20.121266 0.125961
0.227526 20.121134 0.125959
0.234577 20.120968 0.125958
0.481148 23.939156 0.049974
0.495429 23.938708 0.049974
0.509710 23.938259 0.049974
0.523991 23.937811 0.049974
0.538272 23.937362 0.049974
0.552554 23.936913 0.049974
-0.537913 23.314203 0.049977
-0.524874 23.313793 0.049977
-0.511835 23.313383 0.049977
-0.498796 23.312973 0.049977
-0.236776 19.828410 0.125593
-0.229856 19.821689 0.125734
-0.222962 19.814994 0.125875
-0.216245 19.810632 0.125965
-0.209808 19.810383 0.125966
-0.203370 19.810133 0.125967
-0.196933 19.809884 0.125968
-0.190496 19.809635 0.125969
-0.184059 19.809385 0.125970
-0.177622 19.809136 0.125971
-0.171186 19.808887 0.125972
-0.164749 19.808638 0.125973
-0.158313 19.808388 0.125974
-0.151877 19.808139 0.125975
-0.145441 19.807890 0.125976
-0.139006 19.807640 0.125977
-0.132570 19.807391 0.125978
-0.126135 19.807142 0.125980
-0.119700 19.806916 0.125980
-0.113267 19.806714 0.125980
-0.106834 19.806512 0.125980
-0.100400 19.806309 0.125980
-0.093967 19.806107 0.125980
-0.087534 19.805905 0.125980
-0.081100 19.805703 0.125980
-0.074667 19.805501 0.125980
-0.068234 19.805298 0.125980
-0.061800 19.805096 0.125980
-0.055367 19.804894 0.125980
-0.048934 19.804692 0.125980
-0.042500 19.804490 0.125980
-0.036067 19.804287 0.125980
-0.029634 19.804085 0.125980
-0.023200 19.803883 0.125980
-0.016767 19.803681 0.125980
-0.010334 19.803478 0.125980
-0.003900 19.803281 0.125980
0.002533 19.803087 0.125980
0.008966 19.802893 0.125980
0.015400 19.802713 0.125979
0.021833 19.802532 0.125979
0.028267 19.802352 0.125978
0.034701 19.802172 0.125978
0.041134 19.801991 0.125977
0.047568 19.801811 0.125977
0.054002 19.801631 0.125976
0.060436 19.801451 0.125976
0.066870 19.801270 0.125975
0.073304 19.801090 0.125975
0.079739 19.800909 0.125974
0.086173 19.800729 0.125974
0.092607 19.800549 0.125973
0.099042 19.800368 0.125973
0.105477 19.800188 0.125972
0.111911 19.800008 0.125972
0.118346 19.799827 0.125971
0.124781 19.799647 0.125971
0.131216 19.799461 0.125971
0.137650 19.799265 0.125970
0.144084 19.799068 0.125970
0.150519 19.798872 0.125970
0.156953 19.798675 0.125970
0.163388 19.798479 0.125970
0.169823 19.798300 0.125969
0.176259 19.798136 0.125969
0.182695 19.797972 0.125968
0.189132 19.797807 0.125967
0.195568 19.797643 0.125966
0.202005 19.797479 0.125965
0.208683 19.801398 0.125875
0.215542 19.808050 0.125726
0.222429 19.814728 0.125576
0.229344 19.821434 0.125426
0.236287 19.828167 0.125274
0.479134 23.282223 0.049977
0.492173 23.281813 0.049977
0.505212 23.281403 0.049977
-0.494215 22.760968 0.049979
-0.482219 22.760594 0.049979
-0.470223 22.760216 0.049979
-0.243022 19.825592 0.119194
-0.236096 19.818887 0.119347
-0.229196 19.812207 0.119500
-0.222323 19.805553 0.119652
-0.215475 19.798924 0.119804
-0.208653 19.792320 0.119955
-0.201857 19.785741 0.120105
-0.195086 19.779182 0.120255
-0.188340 19.772648 0.120405
-0.181620 19.766138 0.120554
-0.174925 19.759653 0.120702
-0.168262 19.753334 0.120846
-0.161943 19.753330 0.120842
-0.155623 19.753326 0.120837
-0.149302 19.753322 0.120833
-0.142981 19.753318 0.120828
-0.136658 19.753314 0.120823
-0.130335 19.753310 0.120819
-0.124012 19.753306 0.120814
-0.117687 19.753302 0.120810
-0.111362 19.753298 0.120805
-0.105036 19.753293 0.120800
-0.098710 19.753289 0.120796
-0.092382 19.753285 0.120791
-0.086054 19.753281 0.120787
-0.079725 19.753277 0.120782
-0.073396 19.753273 0.120777
-0.067066 19.753269 0.120773
-0.060735 19.753265 0.120768
-0.054403 19.753261 0.120764
-0.048070 19.753257 0.120759
-0.041737 19.753253 0.120754
-0.035403 19.753249 0.120750
-0.029068 19.753244 0.120745
-0.022733 19.753240 0.120740
-0.016397 19.753236 0.120736
-0.010060 19.753232 0.120731
-0.003722 19.753228 0.120727
0.002616 19.753224 0.120722
0.008956 19.753220 0.120717
0.015295 19.753216 0.120713
0.021636 19.753212 0.120708
0.027977 19.753208 0.120704
0.034320 19.753204 0.120699
0.040662 19.753200 0.120694
0.047006 19.753196 0.120690
0.053350 19.753193 0.120685
0.059695 19.753189 0.120680
0.066041 19.753185 0.120676
0.072388 19.753181 0.120671
0.078735 19.753177 0.120667
0.085083 19.753173 0.120662
0.091432 19.753169 0.120657
0.097781 19.753165 0.120653
0.104131 19.753161 0.120648
0.110482 19.753157 0.120643
0.116834 19.753153 0.120639
0.123187 19.753149 0.120634
0.129540 19.753145 0.120630
0.135894 19.753142 0.120625
0.142249 19.753138 0.120620
0.148604 19.753133 0.120616
0.154960 19.753130 0.120611
0.161317 19.753126 0.120606
0.167675 19.753122 0.120602
0.174342 19.759360 0.120449
0.181046 19.765842 0.120291
0.187776 19.772350 0.120132
0.194534 19.778884 0.119973
0.201319 19.785444 0.119813
0.208131 19.792030 0.119652
0.214970 19.798643 0.119490
0.221837 19.805283 0.119328
0.228731 19.811951 0.119165
0.235654 19.818646 0.119002
0.242604 19.825368 0.118838
0.453451 22.731173 0.049979
0.465446 22.730796 0.049979
-0.456991 22.289710 0.049981
-0.445884 22.289360 0.049981
-0.249603 19.827391 0.112688
-0.242643 19.820434 0.112861
-0.235711 19.813503 0.113032
-0.228806 19.806600 0.113203
-0.221928 19.799724 0.113373
-0.215077 19.792875 0.113542
-0.208252 19.786053 0.113711
-0.201455 19.779257 0.113879
-0.194683 19.772488 0.114046
-0.187938 19.765745 0.114213
-0.181219 19.759028 0.114379
-0.174526 19.752336 0.114545
-0.167997 19.748298 0.114643
-0.161687 19.748299 0.114637
-0.155377 19.748299 0.114632
-0.149066 19.748300 0.114627
-0.142754 19.748300 0.114622
-0.136442 19.748301 0.114617
-0.130128 19.748302 0.114612
-0.123814 19.748302 0.114607
-0.117500 19.748303 0.114602
-0.111184 19.748303 0.114597
-0.104868 19.748304 0.114592
-0.098551 19.748304 0.114587
-0.092233 19.748305 0.114582
-0.085914 19.748305 0.114576
-0.079595 19.748306 0.114571
-0.073275 19.748307 0.114566
-0.066954 19.748307 0.114561
-0.060633 19.748308 0.114556
-0.054310 19.748308 0.114551
-0.047987 19.748309 0.114546
-0.041663 19.748309 0.114541
-0.035339 19.748310 0.114536
-0.029013 19.748311 0.114531
-0.022687 19.748311 0.114526
-0.016360 19.748312 0.114520
-0.010033 19.748312 0.114515
-0.003705 19.748313 0.114510
0.002625 19.748313 0.114505
0.008954 19.748314 0.114500
0.015285 19.748315 0.114495
0.021616 19.748315 0.114490
0.027949 19.748316 0.114485
0.034281 19.748316 0.114480
0.040615 19.748317 0.114475
0.046950 19.748317 0.114469
0.053285 19.748318 0.114464
0.059621 19.748318 0.114459
0.065957 19.748319 0.114454
0.072295 19.748319 0.114449
0.078633 19.748320 0.114444
0.084972 19.748321 0.114439
0.091311 19.748321 0.114434
0.097652 19.748322 0.114429
0.103993 19.748322 0.114424
0.110335 19.748323 0.114418
0.116678 19.748324 0.114413
0.123021 19.748324 0.114408
0.129365 19.748325 0.114403
0.135710 19.748325 0.114398
0.142056 19.748326 0.114393
0.148403 19.748326 0.114388
0.154750 19.748327 0.114383
0.161098 19.748327 0.114378
0.167447 19.748328 0.114372
0.174000 19.752452 0.114262
0.180703 19.759157 0.114085
0.187433 19.765890 0.113908
0.194190 19.772650 0.113730
0.200976 19.779438 0.113551
0.207790 19.786254 0.113372
0.214633 19.793099 0.113191
0.221504 19.799972 0.113010
0.228403 19.806874 0.112829
0.235332 19.813805 0.112646
0.242289 19.820765 0.112463
0.249276 19.827755 0.112279
0.431573 22.261775 0.049981
-0.424904 21.883472 0.049982
-0.414562 21.883145 0.049982
-0.249603 19.827391 0.106221
-0.242643 19.820434 0.106406
-0.235711 19.813503 0.106590
-0.228806 19.806600 0.106773
-0.221928 19.799724 0.106956
-0.215077 19.792875 0.107138
-0.208252 19.786053 0.107319
-0.201455 19.779257 0.107500
-0.194683 19.772488 0.107679
-0.187938 19.765745 0.107858
-0.181219 19.759028 0.108037
-0.174526 19.752336 0.108215
-0.167997 19.748298 0.108320
-0.161687 19.748299 0.108314
-0.155377 19.748299 0.108309
-0.149066 19.748300 0.108303
-0.142754 19.748300 0.108298
-0.136442 19.748301 0.108292
-0.130128 19.748302 0.108287
-0.123814 19.748302 0.108282
-0.117500 19.748303 0.108276
-0.111184 19.748303 0.108271
-0.104868 19.748304 0.108265
-0.098551 19.748304 0.108260
-0.092233 19.748305 0.108254
-0.085914 19.748305 0.108249
-0.079595 19.748306 0.108243
-0.073275 19.748307 0.108238
-0.066954 19.748307 0.108232
-0.060633 19.748308 0.108227
-0.054310 19.748308 0.108221
-0.047987 19.748309 0.108216
-0.041663 19.748309 0.108211
-0.035339 19.748310 0.108205
-0.029013 19.748311 0.108200
-0.022687 19.748311 0.108194
-0.016360 19.748312 0.108189
-0.010033 19.748312 0.108183
-0.003705 19.748313 0.108178
0.002625 19.748314 0.108172
0.008954 19.748314 0.108167
0.015285 19.748315 0.108161
0.021616 19.748315 0.108156
0.027949 19.748315 0.108150
0.034281 19.748316 0.108145
0.040615 19.748317 0.108139
0.046950 19.748317 0.108134
0.053285 19.748318 0.108128
0.059621 19.748319 0.108123
0.065957 19.748319 0.108117
0.072295 19.748320 0.108112
0.078633 19.748320 0.108106
0.084972 19.748321 0.108101
0.091311 19.748321 0.108096
0.097652 19.748322 0.108090
0.103993 19.748322 0.108085
0.110335 19.748323 0.108079
0.116678 19.748324 0.108074
0.123021 19.748324 0.108068
0.129365 19.748325 0.108063
0.135710 19.748325 0.108057
0.142056 19.748326 0.108052
0.148403 19.748326 0.108046
0.154750 19.748327 0.108041
0.161098 19.748327 0.108035
0.167447 19.748328 0.108030
0.174000 19.752452 0.107911
0.180703 19.759157 0.107721
0.187433 19.765890 0.107531
0.194190 19.772650 0.107340
0.200976 19.779438 0.107148
0.207790 19.786254 0.106955
0.214633 19.793099 0.106761
0.221504 19.799972 0.106567
0.228403 19.806874 0.106371
0.235332 19.813805 0.106175
0.242289 19.820765 0.105978
0.249276 19.827755 0.105781
0.402373 21.857462 0.049982
-0.396957 21.529655 0.049983
-0.387283 21.529352 0.049983
-0.249603 19.827391 0.099753
-0.242643 19.820434 0.099951
-0.235711 19.813503 0.100148
-0.228806 19.806600 0.100344
-0.221928 19.799724 0.100539
-0.215077 19.792875 0.100734
-0.208252 19.786053 0.100927
-0.201455 19.779257 0.101120
-0.194683 19.772488 0.101312
-0.187938 19.765745 0.101504
-0.181219 19.759028 0.101695
-0.174526 19.752336 0.101885
-0.167997 19.748298 0.101997
-0.161687 19.748299 0.101991
-0.155377 19.748299 0.101985
-0.149066 19.748300 0.101979
-0.142754 19.748300 0.101974
-0.136442 19.748301 0.101968
-0.130128 19.748301 0.101962
-0.123814 19.748302 0.101956
-0.117500 19.748303 0.101950
-0.111184 19.748303 0.101944
-0.104868 19.748304 0.101939
-0.098551 19.748304 0.101933
-0.092233 19.748305 0.101927
-0.085914 19.748305 0.101921
-0.079595 19.748306 0.101915
-0.073275 19.748307 0.101909
-0.066954 19.748307 0.101904
-0.060633 19.748308 0.101898
-0.054310 19.748308 0.101892
-0.047987 19.748309 0.101886
-0.041663 19.748309 0.101880
-0.035339 19.748310 0.101874
-0.029013 19.748311 0.101869
-0.022687 19.748311 0.101863
-0.016360 19.748312 0.101857
-0.010033 19.748312 0.101851
-0.003705 19.748313 0.101845
0.002625 19.748313 0.101839
0.008954 19.748314 0.101833
0.015285 19.748315 0.101828
0.021616 19.748315 0.101822
0.027949 19.748316 0.101816
0.034281 19.748316 0.101810
0.040615 19.748317 0.101804
0.046950 19.748317 0.101798
0.053285 19.748318 0.101792
0.059621 19.748319 0.101787
0.065957 19.748319 0.101781
0.072295 19.748320 0.101775
0.078633 19.748320 0.101769
0.084972 19.748321 0.101763
0.091311 19.748321 0.101757
0.097652 19.748322 0.101751
0.103993 19.748322 0.101746
0.110335 19.748323 0.101740
0.116678 19.748324 0.101734
0.123021 19.748324 0.101728
0.129365 19.748325 0.101722
0.135710 19.748325 0.101716
0.142056 19.748326 0.101710
0.148403 19.748326 0.101705
0.154750 19.748327 0.101699
0.161098 19.748327 0.101693
0.167447 19.748328 0.101687
0.174000 19.752453 0.101560
0.180703 19.759157 0.101357
0.187433 19.765890 0.101154
0.194190 19.772650 0.100949
0.200976 19.779438 0.100744
0.207790 19.786254 0.100538
0.214633 19.793099 0.100331
0.221504 19.799972 0.100123
0.228403 19.806874 0.099914
0.235332 19.813805 0.099705
0.242289 19.820765 0.099494
0.249276 19.827755 0.099283
0.376941 21.505322 0.049983
-0.372397 21.218729 0.049984
-0.363310 21.218444 0.049984
-0.249603 19.827391 0.093286
-0.242643 19.820434 0.093496
-0.235711 19.813503 0.093706
-0.228806 19.806600 0.093914
-0.221928 19.799724 0.094122
-0.215077 19.792875 0.094329
-0.208252 19.786053 0.094535
-0.201455 19.779257 0.094741
-0.194683 19.772488 0.094945
-0.187938 19.765745 0.095149
-0.181219 19.759028 0.095352
-0.174526 19.752336 0.095555
-0.167997 19.748298 0.095674
-0.161687 19.748299 0.095668
-0.155377 19.748299 0.095662
-0.149066 19.748300 0.095656
-0.142754 19.748300 0.095649
-0.136442 19.748301 0.095643
-0.130128 19.748302 0.095637
-0.123814 19.748302 0.095631
-0.117500 19.748303 0.095625
-0.111184 19.748303 0.095618
-0.104868 19.748304 0.095612
-0.098551 19.748304 0.095606
-0.092233 19.748305 0.095600
-0.085914 19.748305 0.095593
-0.079595 19.748306 0.095587
-0.073275 19.748307 0.095581
-0.066954 19.748307 0.095575
-0.060633 19.748308 0.095569
-0.054310 19.748308 0.095562
-0.047987 19.748309 0.095556
-0.041663 19.748309 0.095550
-0.035339 19.748310 0.095544
-0.029013 19.748311 0.095537
-0.022687 19.748311 0.095531
-0.016360 19.748312 0.095525
-0.010033 19.748312 0.095519
-0.003705 19.748313 0.095513
0.002625 19.748313 0.095506
0.008954 19.748314 0.095500
0.015285 19.748315 0.095494
0.021616 19.748315 0.095488
0.027949 19.748316 0.095481
0.034281 19.748316 0.095475
0.040615 19.748317 0.095469
0.046950 19.748317 0.095463
0.053285 19.748318 0.095456
0.059621 19.748319 0.095450
0.065957 19.748319 0.095444
0.072295 19.748320 0.095438
0.078633 19.748320 0.095432
0.084972 19.748321 0.095425
0.091311 19.748321 0.095419
0.097652 19.748322 0.095413
0.103993 19.748322 0.095407
0.110335 19.748323 0.095400
0.116678 19.748324 0.095394
0.123021 19.748324 0.095388
0.129365 19.748325 0.095382
0.135710 19.748325 0.095375
0.142056 19.748326 0.095369
0.148403 19.748326 0.095363
0.154750 19.748327 0.095357
0.161098 19.748327 0.095350
0.167447 19.748328 0.095344
0.174000 19.752452 0.095209
0.180703 19.759157 0.094993
0.187433 19.765890 0.094776
0.194190 19.772650 0.094559
0.200976 19.779438 0.094340
0.207790 19.786254 0.094121
0.214633 19.793099 0.093901
0.221504 19.799972 0.093679
0.228403 19.806874 0.093457
0.235332 19.813805 0.093234
0.242289 19.820765 0.093010
0.249276 19.827755 0.092785
0.354592 21.195870 0.049984
-0.350646 20.943346 0.049985
-0.342077 20.943072 0.049985
-0.249603 19.827391 0.086818
-0.242643 19.820434 0.087041
-0.235711 19.813503 0.087264
-0.228806 19.806600 0.087485
-0.221928 19.799724 0.087705
-0.215077 19.792875 0.087925
-0.208252 19.786053 0.088144
-0.201455 19.779257 0.088362
-0.194683 19.772488 0.088579
-0.187938 19.765745 0.088795
-0.181219 19.759028 0.089010
-0.174526 19.752336 0.089225
-0.167997 19.748298 0.089351
-0.161687 19.748299 0.089345
-0.155377 19.748299 0.089338
-0.149066 19.748300 0.089332
-0.142754 19.748300 0.089325
-0.136442 19.748301 0.089318
-0.130128 19.748302 0.089312
-0.123814 19.748302 0.089305
-0.117500 19.748303 0.089299
-0.111184 19.748303 0.089292
-0.104868 19.748304 0.089286
-0.098551 19.748304 0.089279
-0.092233 19.748305 0.089272
-0.085914 19.748305 0.089266
-0.079595 19.748306 0.089259
-0.073275 19.748307 0.089253
-0.066954 19.748307 0.089246
-0.060633 19.748308 0.089239
-0.054310 19.748309 0.089233
-0.047987 19.748309 0.089226
-0.041663 19.748309 0.089220
-0.035339 19.748310 0.089213
-0.029013 19.748311 0.089206
-0.022687 19.748311 0.089200
-0.016360 19.748312 0.089193
-0.010033 19.748312 0.089187
-0.003705 19.748313 0.089180
0.002625 19.748314 0.089173
0.008954 19.748314 0.089167
0.015285 19.748315 0.089160
0.021616 19.748315 0.089154
0.027949 19.748315 0.089147
0.034281 19.748316 0.089140
0.040615 19.748317 0.089134
0.046950 19.748317 0.089127
0.053285 19.748318 0.089120
0.059621 19.748318 0.089114
0.065957 19.748319 0.089107
0.072295 19.748320 0.089101
0.078633 19.748320 0.089094
0.084972 19.748321 0.089087
0.091311 19.748321 0.089081
0.097652 19.748322 0.089074
0.103993 19.748322 0.089068
0.110335 19.748323 0.089061
0.116678 19.748324 0.089054
0.123021 19.748324 0.089048
0.129365 19.748325 0.089041
0.135710 19.748325 0.089034
0.142056 19.748326 0.089028
0.148403 19.748326 0.089021
0.154750 19.748327 0.089015
0.161098 19.748327 0.089008
0.167447 19.748328 0.089001
0.174000 19.752452 0.088858
0.180703 19.759157 0.088629
0.187433 19.765890 0.088399
0.194190 19.772650 0.088168
0.200976 19.779438 0.087937
0.207790 19.786254 0.087704
0.214633 19.793099 0.087470
0.221504 19.799972 0.087236
0.228403 19.806874 0.087000
0.235332 19.813805 0.086763
0.242289 19.820765 0.086526
0.249276 19.827755 0.086287
0.334798 20.921791 0.049985
-0.331245 20.697732 0.049986
-0.323141 20.697476 0.049986
-0.249603 19.827391 0.080351
-0.242643 19.820434 0.080587
-0.235711 19.813503 0.080822
-0.228806 19.806600 0.081055
-0.221928 19.799724 0.081288
-0.215077 19.792875 0.081521
-0.208252 19.786053 0.081752
-0.201455 19.779257 0.081982
-0.194683 19.772488 0.082212
-0.187938 19.765745 0.082440
-0.181219 19.759028 0.082668
-0.174526 19.752336 0.082895
-0.167997 19.748298 0.083029
-0.161687 19.748299 0.083022
-0.155377 19.748299 0.083015
-0.149066 19.748300 0.083008
-0.142754 19.748300 0.083001
-0.136442 19.748301 0.082994
-0.130128 19.748302 0.082987
-0.123814 19.748302 0.082980
-0.117500 19.748303 0.082973
-0.111184 19.748303 0.082966
-0.104868 19.748304 0.082959
-0.098551 19.748304 0.082952
-0.092233 19.748305 0.082945
-0.085914 19.748305 0.082938
-0.079595 19.748306 0.082931
-0.073275 19.748307 0.082924
-0.066954 19.748307 0.082917
-0.060633 19.748308 0.082910
-0.054310 19.748308 0.082903
-0.047987 19.748309 0.082896
-0.041663 19.748309 0.082889
-0.035339 19.748310 0.082882
-0.029013 19.748311 0.082875
-0.022687 19.748311 0.082868
-0.016360 19.748312 0.082861
-0.010033 19.748312 0.082854
-0.003705 19.748313 0.082847
0.002625 19.748313 0.082840
0.008954 19.748314 0.082833
0.015285 19.748315 0.082826
0.021616 19.748315 0.082819
0.027949 19.748316 0.082812
0.034281 19.748316 0.082805
0.040615 19.748317 0.082798
0.046950 19.748317 0.082792
0.053285 19.748318 0.082785
0.059621 19.748318 0.082778
0.065957 19.748319 0.082771
0.072295 19.748320 0.082764
0.078633 19.748320 0.082757
0.084972 19.748321 0.082750
0.091311 19.748321 0.082743
0.097652 19.748322 0.082736
0.103993 19.748322 0.082729
0.110335 19.748323 0.082722
0.116678 19.748324 0.082715
0.123021 19.748324 0.082708
0.129365 19.748325 0.082701
0.135710 19.748325 0.082694
0.142056 19.748326 0.082687
0.148403 19.748326 0.082680
0.154750 19.748327 0.082673
0.161098 19.748327 0.082666
0.167447 19.748328 0.082659
0.174000 19.752453 0.082507
0.180703 19.759157 0.082265
0.187433 19.765890 0.082022
0.194190 19.772650 0.081778
0.200976 19.779438 0.081533
0.207790 19.786254 0.081287
0.214633 19.793099 0.081040
0.221504 19.799972 0.080792
0.228403 19.806874 0.080543
0.235332 19.813805 0.080293
0.242289 19.820765 0.080042
0.249276 19.827754 0.079789
0.317144 20.677345 0.049986
-0.313835 20.477312 0.049987
-0.306146 20.477071 0.049987
-0.249603 19.827391 0.073883
-0.242643 19.820434 0.074132
-0.235711 19.813503 0.074379
-0.228806 19.806600 0.074626
-0.221928 19.799724 0.074872
-0.215077 19.792875 0.075116
-0.208252 19.786053 0.075360
-0.201455 19.779257 0.075603
-0.194683 19.772488 0.075845
-0.187938 19.765745 0.076086
-0.181219 19.759028 0.076325
-0.174526 19.752336 0.076565
-0.167997 19.748298 0.076706
-0.161687 19.748299 0.076699
-0.155377 19.748299 0.076691
-0.149066 19.748300 0.076684
-0.142754 19.748300 0.076677
-0.136442 19.748301 0.076669
-0.130128 19.748302 0.076662
-0.123814 19.748302 0.076654
-0.117500 19.748303 0.076647
-0.111184 19.748303 0.076640
-0.104868 19.748304 0.076632
-0.098551 19.748304 0.076625
-0.092233 19.748305 0.076618
-0.085914 19.748305 0.076610
-0.079595 19.748306 0.076603
-0.073275 19.748307 0.076596
-0.066954 19.748307 0.076588
-0.060633 19.748308 0.076581
-0.054310 19.748308 0.076574
-0.047987 19.748309 0.076566
-0.041663 19.748309 0.076559
-0.035339 19.748310 0.076552
-0.029013 19.748311 0.076544
-0.022687 19.748311 0.076537
-0.016360 19.748312 0.076530
-0.010033 19.748312 0.076522
-0.003705 19.748313 0.076515
0.002625 19.748313 0.076507
0.008954 19.748314 0.076500
0.015285 19.748315 0.076493
0.021616 19.748315 0.076485
0.027949 19.748316 0.076478
0.034281 19.748316 0.076471
0.040615 19.748317 0.076463
0.046950 19.748317 0.076456
0.053285 19.748318 0.076449
0.059621 19.748318 0.076441
0.065957 19.748319 0.076434
0.072295 19.748320 0.076426
0.078633 19.748320 0.076419
0.084972 19.748321 0.076412
0.091311 19.748321 0.076404
0.097652 19.748322 0.076397
0.103993 19.748322 0.076390
0.110335 19.748323 0.076382
0.116678 19.748324 0.076375
0.123021 19.748324 0.076367
0.129365 19.748325 0.076360
0.135710 19.748325 0.076353
0.142056 19.748326 0.076345
0.148403 19.748326 0.076338
0.154750 19.748327 0.076331
0.161098 19.748327 0.076323
0.167447 19.748328 0.076316
0.174000 19.752452 0.076156
0.180703 19.759157 0.075901
0.187433 19.765890 0.075645
0.194190 19.772650 0.075388
0.200976 19.779438 0.075129
0.207790 19.786254 0.074870
0.214633 19.793099 0.074610
0.221504 19.799972 0.074348
0.228403 19.806874 0.074086
0.235332 19.813805 0.073822
0.242289 19.820765 0.073557
0.249276 19.827754 0.073291
0.301300 20.457969 0.049987
-0.298123 20.278397 0.049987
-0.290809 20.278169 0.049987
-0.249603 19.827391 0.067416
-0.242643 19.820434 0.067677
-0.235711 19.813503 0.067937
-0.228806 19.806600 0.068197
-0.221928 19.799724 0.068455
-0.215077 19.792875 0.068712
-0.208252 19.786053 0.068968
-0.201455 19.779257 0.069223
-0.194683 19.772488 0.069478
-0.187938 19.765745 0.069731
-0.181219 19.759028 0.069983
-0.174526 19.752336 0.070234
-0.167997 19.748298 0.070383
-0.161687 19.748299 0.070375
-0.155377 19.748299 0.070368
-0.149066 19.748300 0.070360
-0.142754 19.748300 0.070352
-0.136442 19.748301 0.070345
-0.130128 19.748301 0.070337
-0.123814 19.748302 0.070329
-0.117500 19.748303 0.070321
-0.111184 19.748303 0.070314
-0.104868 19.748304 0.070306
-0.098551 19.748304 0.070298
-0.092233 19.748305 0.070290
-0.085914 19.748305 0.070283
-0.079595 19.748306 0.070275
-0.073275 19.748307 0.070267
-0.066954 19.748307 0.070260
-0.060633 19.748308 0.070252
-0.054310 19.748308 0.070244
-0.047987 19.748309 0.070236
-0.041663 19.748309 0.070229
-0.035339 19.748310 0.070221
-0.029013 19.748311 0.070213
-0.022687 19.748311 0.070205
-0.016360 19.748312 0.070198
-0.010033 19.748312 0.070190
-0.003705 19.748313 0.070182
0.002625 19.748313 0.070175
0.008954 19.748314 0.070167
0.015285 19.748315 0.070159
0.021616 19.748315 0.070151
0.027949 19.748316 0.070144
0.034281 19.748316 0.070136
0.040615 19.748317 0.070128
0.046950 19.748317 0.070120
0.053285 19.748318 0.070113
0.059621 19.748318 0.070105
0.065957 19.748319 0.070097
0.072295 19.748320 0.070089
0.078633 19.748320 0.070082
0.084972 19.748321 0.070074
0.091311 19.748321 0.070066
0.097652 19.748322 0.070058
0.103993 19.748322 0.070051
0.110335 19.748323 0.070043
0.116678 19.748324 0.070035
0.123021 19.748324 0.070027
0.129365 19.748325 0.070020
0.135710 19.748325 0.070012
0.142056 19.748326 0.070004
0.148403 19.748326 0.069996
0.154750 19.748327 0.069989
0.161098 19.748327 0.069981
0.167447 19.748328 0.069973
0.174000 19.752452 0.069805
0.180703 19.759157 0.069537
0.187433 19.765890 0.069268
0.194190 19.772650 0.068997
0.200976 19.779438 0.068726
0.207790 19.786254 0.068453
0.214633 19.793099 0.068179
0.221504 19.799972 0.067905
0.228403 19.806874 0.067629
0.235332 19.813805 0.067351
0.242289 19.820765 0.067073
0.249276 19.827754 0.066793
0.287003 20.260002 0.049987
-0.283874 20.097991 0.049988
-0.276900 20.097771 0.049988
-0.249603 19.827391 0.060948
-0.242643 19.820434 0.061222
-0.235711 19.813503 0.061495
-0.228806 19.806600 0.061767
-0.221928 19.799724 0.062038
-0.215077 19.792875 0.062308
-0.208252 19.786053 0.062576
-0.201455 19.779257 0.062844
-0.194683 19.772488 0.063111
-0.187938 19.765745 0.063376
-0.181219 19.759028 0.063641
-0.174526 19.752336 0.063904
-0.167997 19.748298 0.064060
-0.161687 19.748299 0.064052
-0.155377 19.748299 0.064044
-0.149066 19.748300 0.064036
-0.142754 19.748300 0.064028
-0.136442 19.748301 0.064020
-0.130128 19.748302 0.064012
-0.123814 19.748302 0.064004
-0.117500 19.748303 0.063996
-0.111184 19.748303 0.063987
-0.104868 19.748304 0.063979
-0.098551 19.748304 0.063971
-0.092233 19.748305 0.063963
-0.085914 19.748305 0.063955
-0.079595 19.748306 0.063947
-0.073275 19.748307 0.063939
-0.066954 19.748307 0.063931
-0.060633 19.748308 0.063923
-0.054310 19.748308 0.063915
-0.047987 19.748309 0.063906
-0.041663 19.748309 0.063898
-0.035339 19.748310 0.063890
-0.029013 19.748311 0.063882
-0.022687 19.748311 0.063874
-0.016360 19.748312 0.063866
-0.010033 19.748312 0.063858
-0.003705 19.748313 0.063850
0.002625 19.748313 0.063842
0.008954 19.748314 0.063833
0.015285 19.748315 0.063825
0.021616 19.748315 0.063817
0.027949 19.748316 0.063809
0.034281 19.748316 0.063801
0.040615 19.748317 0.063793
0.046950 19.748317 0.063785
0.053285 19.748318 0.063777
0.059621 19.748318 0.063768
0.065957 19.748319 0.063760
0.072295 19.748320 0.063752
0.078633 19.748320 0.063744
0.084972 19.748321 0.063736
0.091311 19.748321 0.063728
0.097652 19.748322 0.063720
0.103993 19.748322 0.063712
0.110335 19.748323 0.063703
0.116678 19.748324 0.063695
0.123021 19.748324 0.063687
0.129365 19.748325 0.063679
0.135710 19.748325 0.063671
0.142056 19.748326 0.063663
0.148403 19.748326 0.063655
0.154750 19.748327 0.063646
0.161098 19.748327 0.063638
0.167447 19.748328 0.063630
0.174000 19.752453 0.063454
0.180703 19.759157 0.063173
0.187433 19.765890 0.062890
0.194190 19.772650 0.062607
0.200976 19.779438 0.062322
0.207790 19.786254 0.062036
0.214633 19.793099 0.061749
0.221504 19.799972 0.061461
0.228403 19.806874 0.061171
0.235332 19.813805 0.060881
0.242289 19.820765 0.060589
0.249276 19.827754 0.060296
0.274036 20.080451 0.049988
-0.270890 19.933620 0.049988
-0.264227 19.933412 0.049988
-0.249603 19.827391 0.054481
-0.242643 19.820434 0.054768
-0.235711 19.813503 0.055053
-0.228806 19.806600 0.055338
-0.221928 19.799724 0.055621
-0.215077 19.792875 0.055903
-0.208252 19.786053 0.056185
-0.201455 19.779257 0.056465
-0.194683 19.772488 0.056744
-0.187938 19.765745 0.057022
-0.181219 19.759028 0.057299
-0.174526 19.752336 0.057574
-0.167997 19.748298 0.057738
-0.161687 19.748299 0.057729
-0.155377 19.748299 0.057721
-0.149066 19.748300 0.057712
-0.142754 19.748300 0.057704
-0.136442 19.748301 0.057695
-0.130128 19.748302 0.057687
-0.123814 19.748302 0.057678
-0.117500 19.748303 0.057670
-0.111184 19.748303 0.057661
-0.104868 19.748304 0.057653
-0.098551 19.748304 0.057644
-0.092233 19.748305 0.057636
-0.085914 19.748305 0.057627
-0.079595 19.748306 0.057619
-0.073275 19.748307 0.057610
-0.066954 19.748307 0.057602
-0.060633 19.748308 0.057593
-0.054310 19.748308 0.057585
-0.047987 19.748309 0.057577
-0.041663 19.748309 0.057568
-0.035339 19.748310 0.057560
-0.029013 19.748311 0.057551
-0.022687 19.748311 0.057543
-0.016360 19.748312 0.057534
-0.010033 19.748312 0.057526
-0.003705 19.748313 0.057517
0.002625 19.748313 0.057509
0.008954 19.748314 0.057500
0.015285 19.748315 0.057492
0.021616 19.748315 0.057483
0.027949 19.748316 0.057475
0.034281 19.748316 0.057466
0.040615 19.748317 0.057458
0.046950 19.748317 0.057449
0.053285 19.748318 0.057441
0.059621 19.748318 0.057432
0.065957 19.748319 0.057424
0.072295 19.748320 0.057415
0.078633 19.748320 0.057407
0.084972 19.748321 0.057398
0.091311 19.748321 0.057390
0.097652 19.748322 0.057381
0.103993 19.748322 0.057373
0.110335 19.748323 0.057364
0.116678 19.748324 0.057356
0.123021 19.748324 0.057347
0.129365 19.748325 0.057339
0.135710 19.748325 0.057330
0.142056 19.748326 0.057322
0.148403 19.748326 0.057313
0.154750 19.748327 0.057304
0.161098 19.748327 0.057296
0.167447 19.748328 0.057287
0.174000 19.752452 0.057103
0.180703 19.759157 0.056809
0.187433 19.765890 0.056513
0.194190 19.772650 0.056217
0.200976 19.779438 0.055919
0.207790 19.786254 0.055619
0.214633 19.793099 0.055319
0.221504 19.799972 0.055017
0.228403 19.806874 0.054714
0.235332 19.813805 0.054410
0.242289 19.820765 0.054105
0.249276 19.827754 0.053798
0.262221 19.916859 0.049988
-0.259012 19.783242 0.049989
-0.252632 19.783040 0.049989
-0.246252 19.782840 0.049989
-0.239871 19.782638 0.049989
-0.233491 19.782439 0.049989
-0.227111 19.782237 0.049989
-0.220731 19.782038 0.049989
-0.214350 19.781836 0.049989
-0.207970 19.781637 0.049989
-0.201455 19.779257 0.050085
-0.194683 19.772488 0.050377
-0.187938 19.765745 0.050667
-0.181219 19.759028 0.050956
-0.174526 19.752336 0.051244
-0.167997 19.748298 0.051415
-0.161687 19.748299 0.051406
-0.155377 19.748299 0.051397
-0.149066 19.748300 0.051388
-0.142754 19.748300 0.051379
-0.136442 19.748301 0.051371
-0.130128 19.748302 0.051362
-0.123814 19.748302 0.051353
-0.117500 19.748303 0.051344
-0.111184 19.748303 0.051335
-0.104868 19.748304 0.051326
-0.098551 19.748304 0.051317
-0.092233 19.748305 0.051309
-0.085914 19.748305 0.051300
-0.079595 19.748306 0.051291
-0.073275 19.748307 0.051282
-0.066954 19.748307 0.051273
-0.060633 19.748308 0.051264
-0.054310 19.748308 0.051255
-0.047987 19.748309 0.051247
-0.041663 19.748309 0.051238
-0.035339 19.748310 0.051229
-0.029013 19.748311 0.051220
-0.022687 19.748311 0.051211
-0.016360 19.748312 0.051202
-0.010033 19.748312 0.051193
-0.003705 19.748313 0.051185
0.002625 19.748313 0.051176
0.008954 19.748314 0.051167
0.015285 19.748315 0.051158
0.021616 19.748315 0.051149
0.027949 19.748316 0.051140
0.034281 19.748316 0.051131
0.040615 19.748317 0.051122
0.046950 19.748317 0.051114
0.053285 19.748318 0.051105
0.059621 19.748318 0.051096
0.065957 19.748319 0.051087
0.072295 19.748320 0.051078
0.078633 19.748320 0.051069
0.084972 19.748321 0.051060
0.091311 19.748321 0.051051
0.097652 19.748322 0.051042
0.103993 19.748322 0.051034
0.110335 19.748323 0.051025
0.116678 19.748324 0.051016
0.123021 19.748324 0.051007
0.129365 19.748325 0.050998
0.135710 19.748325 0.050989
0.142056 19.748326 0.050980
0.148403 19.748326 0.050971
0.154750 19.748327 0.050962
0.161098 19.748327 0.050954
0.167447 19.748328 0.050945
0.174000 19.752452 0.050752
0.180703 19.759157 0.050445
0.187433 19.765890 0.050136
0.193989 19.768998 0.049989
0.200369 19.768796 0.049989
0.206750 19.768596 0.049989
0.213130 19.768394 0.049989
0.219510 19.768195 0.049989
0.225890 19.767993 0.049989
0.232271 19.767794 0.049989
0.238651 19.767592 0.049989
0.245031 19.767393 0.049989
0.251412 19.767194 0.049989
-0.248104 19.645135 0.049989
-0.241984 19.644945 0.049989
-0.235864 19.644752 0.049989
-0.229744 19.644559 0.049989
-0.223624 19.644366 0.049989
-0.217505 19.644172 0.049989
-0.211385 19.643980 0.049989
-0.205265 19.643789 0.049989
-0.199145 19.643596 0.049989
-0.193025 19.643403 0.049989
-0.186905 19.643213 0.049989
-0.180785 19.643020 0.049989
-0.174666 19.642826 0.049989
-0.168546 19.642633 0.049989
-0.162426 19.642443 0.049989
-0.156306 19.642250 0.049989
-0.150186 19.642057 0.049989
-0.144066 19.641866 0.049989
-0.137946 19.641674 0.049989
-0.131827 19.641480 0.049989
-0.125707 19.641287 0.049989
-0.119587 19.641097 0.049989
-0.113467 19.640904 0.049989
-0.107347 19.640710 0.049989
-0.101227 19.640520 0.049989
-0.095107 19.640327 0.049989
-0.088988 19.640134 0.049989
-0.082868 19.639941 0.049989
-0.076748 19.639750 0.049989
-0.070628 19.639554 0.049989
-0.064508 19.639361 0.049989
-0.058388 19.639171 0.049989
-0.052268 19.638978 0.049989
-0.046148 19.638785 0.049989
-0.040029 19.638595 0.049989
-0.033909 19.638401 0.049989
-0.027789 19.638208 0.049989
-0.021669 19.638018 0.049989
-0.015549 19.637825 0.049989
-0.009429 19.637632 0.049989
-0.003309 19.637439 0.049989
0.002810 19.637249 0.049989
0.008930 19.637055 0.049989
0.015050 19.636862 0.049989
0.021170 19.636672 0.049989
0.027290 19.636472 0.049990
0.033410 19.636282 0.049989
0.039529 19.636089 0.049989
0.045649 19.635896 0.049989
0.051769 19.635703 0.049990
0.057889 19.635512 0.049989
0.064009 19.635320 0.049989
0.070129 19.635126 0.049990
0.076249 19.634936 0.049989
0.082368 19.634743 0.049989
0.088488 19.634550 0.049989
0.094608 19.634360 0.049989
0.100728 19.634166 0.049989
0.106848 19.633973 0.049989
0.112968 19.633780 0.049989
0.119088 19.633590 0.049989
0.125208 19.633397 0.049989
0.131327 19.633204 0.049989
0.137447 19.633014 0.049989
0.143567 19.632820 0.049989
0.149687 19.632627 0.049989
0.155807 19.632434 0.049989
0.161927 19.632244 0.049989
0.168047 19.632050 0.049989
0.174166 19.631858 0.049989
0.180286 19.631667 0.049989
0.186406 19.631474 0.049989
0.192526 19.631281 0.049989
0.198646 19.631088 0.049989
0.204766 19.630898 0.049989
0.210886 19.630704 0.049989
0.217005 19.630511 0.049989
0.223125 19.630321 0.049989
0.229245 19.630128 0.049989
0.235365 19.629935 0.049989
0.241485 19.629741 0.049989
-0.238051 19.517862 0.049990
-0.232171 19.517678 0.049990
-0.226291 19.517494 0.049990
-0.220412 19.517310 0.049990
-0.214532 19.517126 0.049990
-0.208652 19.516938 0.049990
-0.202772 19.516754 0.049990
-0.196892 19.516570 0.049990
-0.191012 19.516386 0.049990
-0.185132 19.516201 0.049990
-0.179253 19.516014 0.049990
-0.173373 19.515830 0.049990
-0.167493 19.515646 0.049990
-0.161613 19.515461 0.049990
-0.155733 19.515277 0.049990
-0.149853 19.515093 0.049990
-0.143973 19.514906 0.049990
-0.138094 19.514721 0.049990
-0.132214 19.514537 0.049990
-0.126334 19.514353 0.049990
-0.120454 19.514168 0.049990
-0.114574 19.513984 0.049990
-0.108694 19.513797 0.049990
-0.102815 19.513613 0.049990
-0.096935 19.513429 0.049990
-0.091055 19.513244 0.049990
-0.085175 19.513060 0.049990
-0.079295 19.512876 0.049990
-0.073415 19.512689 0.049990
-0.067536 19.512504 0.049990
-0.061656 19.512320 0.049990
-0.055776 19.512136 0.049990
-0.049896 19.511952 0.049990
-0.044016 19.511764 0.049990
-0.038136 19.511580 0.049990
-0.032256 19.511393 0.049990
-0.026376 19.511205 0.049990
-0.020497 19.511021 0.049990
-0.014617 19.510837 0.049990
-0.008737 19.510653 0.049990
-0.002857 19.510469 0.049990
0.003023 19.510284 0.049990
0.008903 19.510097 0.049990
0.014782 19.509913 0.049990
0.020662 19.509729 0.049990
0.026542 19.509544 0.049990
0.032422 19.509360 0.049990
0.038302 19.509176 0.049990
0.044182 19.508989 0.049990
0.050061 19.508804 0.049990
0.055941 19.508620 0.049990
0.061821 19.508436 0.049990
0.067701 19.508252 0.049990
0.073581 19.508064 0.049990
0.079461 19.507880 0.049990
0.085341 19.507696 0.049990
0.091220 19.507512 0.049990
0.097100 19.507328 0.049990
0.102980 19.507143 0.049990
0.108860 19.506956 0.049990
0.114740 19.506772 0.049990
0.120620 19.506588 0.049990
0.126500 19.506403 0.049990
0.132379 19.506219 0.049990
0.138259 19.506035 0.049990
0.144139 19.505848 0.049990
0.150019 19.505663 0.049990
0.155899 19.505479 0.049990
0.161779 19.505295 0.049990
0.167659 19.505111 0.049990
0.173539 19.504927 0.049990
0.179418 19.504739 0.049990
0.185298 19.504555 0.049990
0.191178 19.504371 0.049990
0.197058 19.504187 0.049990
0.202938 19.504002 0.049990
0.208818 19.503818 0.049990
0.214697 19.503631 0.049990
0.220577 19.503443 0.049990
0.226457 19.503259 0.049990
0.232337 19.503075 0.049990
